district,material,location,owned,rented,rentfree
ABBOTTABAD DISTRICT,Baked Bricks / Blocks / Stone,Wall,147269,23000,5133
ABBOTTABAD DISTRICT,Unbaked Bricks / Mud,Wall,30564,1502,1793
ABBOTTABAD DISTRICT,Wood / Bamboo,Wall,2803,195,246
ABBOTTABAD DISTRICT,Others,Wall,1216,237,175
ABBOTTABAD DISTRICT,Rcc / Rbc,Roof,76993,18044,2666
ABBOTTABAD DISTRICT,Cement / Iron Sheets,Roof,67461,5901,2826
ABBOTTABAD DISTRICT,Garder / T.Iron,Roof,2462,218,139
ABBOTTABAD DISTRICT,Wood / Bamboo,Roof,32476,504,1443
ABBOTTABAD DISTRICT,Others,Roof,2460,267,273
ATTOCK DISTRICT,Baked Bricks / Blocks / Stone,Wall,225323,37217,10992
ATTOCK DISTRICT,Unbaked Bricks / Mud,Wall,18881,1479,2072
ATTOCK DISTRICT,Wood / Bamboo,Wall,1838,341,666
ATTOCK DISTRICT,Others,Wall,2763,318,791
ATTOCK DISTRICT,Rcc / Rbc,Roof,99260,26599,3861
ATTOCK DISTRICT,Cement / Iron Sheets,Roof,17401,3926,1093
ATTOCK DISTRICT,Garder / T.Iron,Roof,89349,5229,4007
ATTOCK DISTRICT,Wood / Bamboo,Roof,39627,3190,4812
ATTOCK DISTRICT,Others,Roof,3168,411,748
AWARAN DISTRICT,Baked Bricks / Blocks / Stone,Wall,2043,45,23
AWARAN DISTRICT,Unbaked Bricks / Mud,Wall,8087,30,15
AWARAN DISTRICT,Wood / Bamboo,Wall,6420,15,26
AWARAN DISTRICT,Others,Wall,1395,2,5
AWARAN DISTRICT,Rcc / Rbc,Roof,260,16,11
AWARAN DISTRICT,Cement / Iron Sheets,Roof,290,3,
AWARAN DISTRICT,Garder / T.Iron,Roof,3315,37,18
AWARAN DISTRICT,Wood / Bamboo,Roof,12572,35,32
AWARAN DISTRICT,Others,Roof,1508,1,8
BADIN DISTRICT,Baked Bricks / Blocks / Stone,Wall,87577,3880,2820
BADIN DISTRICT,Unbaked Bricks / Mud,Wall,60934,430,7576
BADIN DISTRICT,Wood / Bamboo,Wall,160593,788,18100
BADIN DISTRICT,Others,Wall,11608,98,2998
BADIN DISTRICT,Rcc / Rbc,Roof,14451,1564,1102
BADIN DISTRICT,Cement / Iron Sheets,Roof,5030,167,183
BADIN DISTRICT,Garder / T.Iron,Roof,65195,2104,1728
BADIN DISTRICT,Wood / Bamboo,Roof,227062,1264,25845
BADIN DISTRICT,Others,Roof,8974,97,2636
BAHAWALNAGAR DISTRICT,Baked Bricks / Blocks / Stone,Wall,332310,19248,22595
BAHAWALNAGAR DISTRICT,Unbaked Bricks / Mud,Wall,73445,1092,17459
BAHAWALNAGAR DISTRICT,Wood / Bamboo,Wall,3568,136,1345
BAHAWALNAGAR DISTRICT,Others,Wall,6389,217,1827
BAHAWALNAGAR DISTRICT,Rcc / Rbc,Roof,46265,6417,1842
BAHAWALNAGAR DISTRICT,Cement / Iron Sheets,Roof,9526,785,733
BAHAWALNAGAR DISTRICT,Garder / T.Iron,Roof,261808,9866,19762
BAHAWALNAGAR DISTRICT,Wood / Bamboo,Roof,87111,3022,18612
BAHAWALNAGAR DISTRICT,Others,Roof,11002,603,2277
BAHAWALPUR DISTRICT,Baked Bricks / Blocks / Stone,Wall,388330,32903,17587
BAHAWALPUR DISTRICT,Unbaked Bricks / Mud,Wall,112763,1644,11313
BAHAWALPUR DISTRICT,Wood / Bamboo,Wall,4090,136,1182
BAHAWALPUR DISTRICT,Others,Wall,5653,203,1169
BAHAWALPUR DISTRICT,Rcc / Rbc,Roof,45092,12850,2310
BAHAWALPUR DISTRICT,Cement / Iron Sheets,Roof,7206,637,404
BAHAWALPUR DISTRICT,Garder / T.Iron,Roof,411961,19687,18859
BAHAWALPUR DISTRICT,Wood / Bamboo,Roof,41707,1428,8534
BAHAWALPUR DISTRICT,Others,Roof,4870,284,1144
BAJAUR AGENCY,Baked Bricks / Blocks / Stone,Wall,49671,977,4833
BAJAUR AGENCY,Unbaked Bricks / Mud,Wall,44568,1252,8632
BAJAUR AGENCY,Wood / Bamboo,Wall,5349,102,786
BAJAUR AGENCY,Others,Wall,4581,236,500
BAJAUR AGENCY,Rcc / Rbc,Roof,6449,467,540
BAJAUR AGENCY,Cement / Iron Sheets,Roof,2570,88,170
BAJAUR AGENCY,Garder / T.Iron,Roof,14527,478,1332
BAJAUR AGENCY,Wood / Bamboo,Roof,75642,1302,12188
BAJAUR AGENCY,Others,Roof,4981,232,521
BANNU DISTRICT,Baked Bricks / Blocks / Stone,Wall,55163,6430,1390
BANNU DISTRICT,Unbaked Bricks / Mud,Wall,41743,2339,4236
BANNU DISTRICT,Wood / Bamboo,Wall,3280,244,402
BANNU DISTRICT,Others,Wall,2741,252,319
BANNU DISTRICT,Rcc / Rbc,Roof,7567,2409,255
BANNU DISTRICT,Cement / Iron Sheets,Roof,2325,306,96
BANNU DISTRICT,Garder / T.Iron,Roof,58130,3968,1347
BANNU DISTRICT,Wood / Bamboo,Roof,31831,2319,4275
BANNU DISTRICT,Others,Roof,3074,263,374
BARKHAN DISTRICT,Baked Bricks / Blocks / Stone,Wall,4629,111,172
BARKHAN DISTRICT,Unbaked Bricks / Mud,Wall,14304,451,525
BARKHAN DISTRICT,Wood / Bamboo,Wall,3604,61,465
BARKHAN DISTRICT,Others,Wall,1029,32,92
BARKHAN DISTRICT,Rcc / Rbc,Roof,235,17,21
BARKHAN DISTRICT,Cement / Iron Sheets,Roof,591,18,18
BARKHAN DISTRICT,Garder / T.Iron,Roof,4534,121,75
BARKHAN DISTRICT,Wood / Bamboo,Roof,17111,473,1043
BARKHAN DISTRICT,Others,Roof,1095,26,97
BATAGRAM DISTRICT,Baked Bricks / Blocks / Stone,Wall,37332,2144,4523
BATAGRAM DISTRICT,Unbaked Bricks / Mud,Wall,16123,1325,4819
BATAGRAM DISTRICT,Wood / Bamboo,Wall,953,43,649
BATAGRAM DISTRICT,Others,Wall,561,113,222
BATAGRAM DISTRICT,Rcc / Rbc,Roof,15595,670,818
BATAGRAM DISTRICT,Cement / Iron Sheets,Roof,28970,854,3338
BATAGRAM DISTRICT,Garder / T.Iron,Roof,728,54,364
BATAGRAM DISTRICT,Wood / Bamboo,Roof,7923,1468,4426
BATAGRAM DISTRICT,Others,Roof,1753,579,1267
BHAKKAR DISTRICT,Baked Bricks / Blocks / Stone,Wall,192434,5354,5882
BHAKKAR DISTRICT,Unbaked Bricks / Mud,Wall,51767,700,3293
BHAKKAR DISTRICT,Wood / Bamboo,Wall,2233,155,668
BHAKKAR DISTRICT,Others,Wall,3952,81,798
BHAKKAR DISTRICT,Rcc / Rbc,Roof,7944,947,314
BHAKKAR DISTRICT,Cement / Iron Sheets,Roof,3894,196,116
BHAKKAR DISTRICT,Garder / T.Iron,Roof,200553,4118,5641
BHAKKAR DISTRICT,Wood / Bamboo,Roof,33908,932,3826
BHAKKAR DISTRICT,Others,Roof,4087,97,744
BUNER DISTRICT,Baked Bricks / Blocks / Stone,Wall,54545,3877,5476
BUNER DISTRICT,Unbaked Bricks / Mud,Wall,12677,2453,6856
BUNER DISTRICT,Wood / Bamboo,Wall,2844,615,1789
BUNER DISTRICT,Others,Wall,1086,338,434
BUNER DISTRICT,Rcc / Rbc,Roof,29786,1397,986
BUNER DISTRICT,Cement / Iron Sheets,Roof,14105,908,642
BUNER DISTRICT,Garder / T.Iron,Roof,1537,190,550
BUNER DISTRICT,Wood / Bamboo,Roof,24192,4387,11841
BUNER DISTRICT,Others,Roof,1532,401,536
CHAGAI DISTRICT,Baked Bricks / Blocks / Stone,Wall,1815,366,124
CHAGAI DISTRICT,Unbaked Bricks / Mud,Wall,26233,564,318
CHAGAI DISTRICT,Wood / Bamboo,Wall,1765,33,16
CHAGAI DISTRICT,Others,Wall,1237,13,25
CHAGAI DISTRICT,Rcc / Rbc,Roof,319,124,70
CHAGAI DISTRICT,Cement / Iron Sheets,Roof,261,14,4
CHAGAI DISTRICT,Garder / T.Iron,Roof,2982,313,55
CHAGAI DISTRICT,Wood / Bamboo,Roof,26135,501,328
CHAGAI DISTRICT,Others,Roof,1353,24,26
CHAKWAL DISTRICT,Baked Bricks / Blocks / Stone,Wall,215940,15072,8072
CHAKWAL DISTRICT,Unbaked Bricks / Mud,Wall,17795,1052,1299
CHAKWAL DISTRICT,Wood / Bamboo,Wall,1505,215,498
CHAKWAL DISTRICT,Others,Wall,2631,289,600
CHAKWAL DISTRICT,Rcc / Rbc,Roof,53848,7867,2263
CHAKWAL DISTRICT,Cement / Iron Sheets,Roof,17276,1191,962
CHAKWAL DISTRICT,Garder / T.Iron,Roof,138161,5634,4074
CHAKWAL DISTRICT,Wood / Bamboo,Roof,25433,1641,2584
CHAKWAL DISTRICT,Others,Roof,3153,295,586
CHARSADDA DISTRICT,Baked Bricks / Blocks / Stone,Wall,141145,9435,6790
CHARSADDA DISTRICT,Unbaked Bricks / Mud,Wall,37758,4724,11090
CHARSADDA DISTRICT,Wood / Bamboo,Wall,1698,274,750
CHARSADDA DISTRICT,Others,Wall,2798,285,657
CHARSADDA DISTRICT,Rcc / Rbc,Roof,62007,3537,1983
CHARSADDA DISTRICT,Cement / Iron Sheets,Roof,10329,672,719
CHARSADDA DISTRICT,Garder / T.Iron,Roof,44309,2490,2537
CHARSADDA DISTRICT,Wood / Bamboo,Roof,63158,7702,13418
CHARSADDA DISTRICT,Others,Roof,3596,317,630
CHINIOT DISTRICT,Baked Bricks / Blocks / Stone,Wall,156990,11177,13281
CHINIOT DISTRICT,Unbaked Bricks / Mud,Wall,23867,511,6603
CHINIOT DISTRICT,Wood / Bamboo,Wall,1131,117,307
CHINIOT DISTRICT,Others,Wall,3196,200,684
CHINIOT DISTRICT,Rcc / Rbc,Roof,11124,2454,1333
CHINIOT DISTRICT,Cement / Iron Sheets,Roof,2116,246,311
CHINIOT DISTRICT,Garder / T.Iron,Roof,132921,6942,10424
CHINIOT DISTRICT,Wood / Bamboo,Roof,35978,2156,8051
CHINIOT DISTRICT,Others,Roof,3045,207,756
CHITRAL DISTRICT,Baked Bricks / Blocks / Stone,Wall,17899,922,503
CHITRAL DISTRICT,Unbaked Bricks / Mud,Wall,37570,1195,673
CHITRAL DISTRICT,Wood / Bamboo,Wall,1350,48,78
CHITRAL DISTRICT,Others,Wall,591,18,36
CHITRAL DISTRICT,Rcc / Rbc,Roof,1940,404,75
CHITRAL DISTRICT,Cement / Iron Sheets,Roof,19966,958,233
CHITRAL DISTRICT,Garder / T.Iron,Roof,1004,31,18
CHITRAL DISTRICT,Wood / Bamboo,Roof,29036,645,754
CHITRAL DISTRICT,Others,Roof,5464,145,210
DADU DISTRICT,Baked Bricks / Blocks / Stone,Wall,112960,8267,1422
DADU DISTRICT,Unbaked Bricks / Mud,Wall,119133,2121,2050
DADU DISTRICT,Wood / Bamboo,Wall,29123,391,1592
DADU DISTRICT,Others,Wall,6381,128,695
DADU DISTRICT,Rcc / Rbc,Roof,4998,866,264
DADU DISTRICT,Cement / Iron Sheets,Roof,6776,406,132
DADU DISTRICT,Garder / T.Iron,Roof,123462,7569,1158
DADU DISTRICT,Wood / Bamboo,Roof,126347,1935,3615
DADU DISTRICT,Others,Roof,6014,131,590
DERA BUGTI DISTRICT,Baked Bricks / Blocks / Stone,Wall,7383,570,902
DERA BUGTI DISTRICT,Unbaked Bricks / Mud,Wall,18312,165,1449
DERA BUGTI DISTRICT,Wood / Bamboo,Wall,10836,70,1339
DERA BUGTI DISTRICT,Others,Wall,4313,24,271
DERA BUGTI DISTRICT,Rcc / Rbc,Roof,284,501,513
DERA BUGTI DISTRICT,Cement / Iron Sheets,Roof,874,29,80
DERA BUGTI DISTRICT,Garder / T.Iron,Roof,7056,64,412
DERA BUGTI DISTRICT,Wood / Bamboo,Roof,28598,213,2726
DERA BUGTI DISTRICT,Others,Roof,4032,22,230
DERA GHAZI KHAN DISTRICT,Baked Bricks / Blocks / Stone,Wall,176710,14318,4422
DERA GHAZI KHAN DISTRICT,Unbaked Bricks / Mud,Wall,122593,1340,3629
DERA GHAZI KHAN DISTRICT,Wood / Bamboo,Wall,7382,239,757
DERA GHAZI KHAN DISTRICT,Others,Wall,6822,266,724
DERA GHAZI KHAN DISTRICT,Rcc / Rbc,Roof,13986,3670,983
DERA GHAZI KHAN DISTRICT,Cement / Iron Sheets,Roof,5652,689,132
DERA GHAZI KHAN DISTRICT,Garder / T.Iron,Roof,173084,9861,3310
DERA GHAZI KHAN DISTRICT,Wood / Bamboo,Roof,111967,1615,4357
DERA GHAZI KHAN DISTRICT,Others,Roof,8818,328,750
DERA ISMAIL KHAN DISTRICT,Baked Bricks / Blocks / Stone,Wall,89977,12089,2877
DERA ISMAIL KHAN DISTRICT,Unbaked Bricks / Mud,Wall,78511,1939,3561
DERA ISMAIL KHAN DISTRICT,Wood / Bamboo,Wall,3222,97,752
DERA ISMAIL KHAN DISTRICT,Others,Wall,3590,196,1092
DERA ISMAIL KHAN DISTRICT,Rcc / Rbc,Roof,4938,2074,498
DERA ISMAIL KHAN DISTRICT,Cement / Iron Sheets,Roof,1525,107,78
DERA ISMAIL KHAN DISTRICT,Garder / T.Iron,Roof,110460,10285,3227
DERA ISMAIL KHAN DISTRICT,Wood / Bamboo,Roof,54999,1679,3463
DERA ISMAIL KHAN DISTRICT,Others,Roof,3378,176,1016
FAISALABAD DISTRICT,Baked Bricks / Blocks / Stone,Wall,953856,148816,46356
FAISALABAD DISTRICT,Unbaked Bricks / Mud,Wall,37935,2859,5306
FAISALABAD DISTRICT,Wood / Bamboo,Wall,4521,462,924
FAISALABAD DISTRICT,Others,Wall,6665,787,1467
FAISALABAD DISTRICT,Rcc / Rbc,Roof,201632,48565,12083
FAISALABAD DISTRICT,Cement / Iron Sheets,Roof,17238,3357,913
FAISALABAD DISTRICT,Garder / T.Iron,Roof,644323,87386,24562
FAISALABAD DISTRICT,Wood / Bamboo,Roof,123774,11948,14207
FAISALABAD DISTRICT,Others,Roof,16010,1668,2288
FR BANNU,Baked Bricks / Blocks / Stone,Wall,817,,37
FR BANNU,Unbaked Bricks / Mud,Wall,1955,6,20
FR BANNU,Wood / Bamboo,Wall,246,1,13
FR BANNU,Others,Wall,996,,8
FR BANNU,Rcc / Rbc,Roof,35,,12
FR BANNU,Cement / Iron Sheets,Roof,74,,2
FR BANNU,Garder / T.Iron,Roof,778,3,18
FR BANNU,Wood / Bamboo,Roof,2125,4,37
FR BANNU,Others,Roof,1002,,9
FR D.I.KHAN,Baked Bricks / Blocks / Stone,Wall,4100,31,107
FR D.I.KHAN,Unbaked Bricks / Mud,Wall,1625,40,30
FR D.I.KHAN,Wood / Bamboo,Wall,548,5,34
FR D.I.KHAN,Others,Wall,263,,36
FR D.I.KHAN,Rcc / Rbc,Roof,57,3,7
FR D.I.KHAN,Cement / Iron Sheets,Roof,76,3,1
FR D.I.KHAN,Garder / T.Iron,Roof,683,15,25
FR D.I.KHAN,Wood / Bamboo,Roof,5470,54,154
FR D.I.KHAN,Others,Roof,250,1,20
FR KOHAT,Baked Bricks / Blocks / Stone,Wall,10076,281,136
FR KOHAT,Unbaked Bricks / Mud,Wall,2500,184,87
FR KOHAT,Wood / Bamboo,Wall,130,84,15
FR KOHAT,Others,Wall,638,4,13
FR KOHAT,Rcc / Rbc,Roof,3775,94,43
FR KOHAT,Cement / Iron Sheets,Roof,675,14,9
FR KOHAT,Garder / T.Iron,Roof,6559,146,93
FR KOHAT,Wood / Bamboo,Roof,1989,295,98
FR KOHAT,Others,Roof,346,4,8
FR LAKKI MARWAT,Baked Bricks / Blocks / Stone,Wall,850,,5
FR LAKKI MARWAT,Unbaked Bricks / Mud,Wall,2055,6,33
FR LAKKI MARWAT,Wood / Bamboo,Wall,204,1,4
FR LAKKI MARWAT,Others,Wall,131,,15
FR LAKKI MARWAT,Rcc / Rbc,Roof,21,,1
FR LAKKI MARWAT,Cement / Iron Sheets,Roof,19,,
FR LAKKI MARWAT,Garder / T.Iron,Roof,916,3,19
FR LAKKI MARWAT,Wood / Bamboo,Roof,2151,4,22
FR LAKKI MARWAT,Others,Roof,133,,15
FR PESHAWAR,Baked Bricks / Blocks / Stone,Wall,3863,7,53
FR PESHAWAR,Unbaked Bricks / Mud,Wall,2817,5,61
FR PESHAWAR,Wood / Bamboo,Wall,96,,10
FR PESHAWAR,Others,Wall,158,,4
FR PESHAWAR,Rcc / Rbc,Roof,575,,7
FR PESHAWAR,Cement / Iron Sheets,Roof,118,,
FR PESHAWAR,Garder / T.Iron,Roof,3834,10,53
FR PESHAWAR,Wood / Bamboo,Roof,2257,2,65
FR PESHAWAR,Others,Roof,150,,3
FR TANK,Baked Bricks / Blocks / Stone,Wall,1149,12,37
FR TANK,Unbaked Bricks / Mud,Wall,2332,49,21
FR TANK,Wood / Bamboo,Wall,354,1,3
FR TANK,Others,Wall,153,2,3
FR TANK,Rcc / Rbc,Roof,49,,26
FR TANK,Cement / Iron Sheets,Roof,62,,
FR TANK,Garder / T.Iron,Roof,1459,43,15
FR TANK,Wood / Bamboo,Roof,2266,19,20
FR TANK,Others,Roof,152,2,3
GHOTKI DISTRICT,Baked Bricks / Blocks / Stone,Wall,151952,9210,2765
GHOTKI DISTRICT,Unbaked Bricks / Mud,Wall,73361,901,5165
GHOTKI DISTRICT,Wood / Bamboo,Wall,31588,461,5612
GHOTKI DISTRICT,Others,Wall,4872,102,1952
GHOTKI DISTRICT,Rcc / Rbc,Roof,6778,2327,280
GHOTKI DISTRICT,Cement / Iron Sheets,Roof,5068,398,124
GHOTKI DISTRICT,Garder / T.Iron,Roof,154528,6792,2906
GHOTKI DISTRICT,Wood / Bamboo,Roof,90425,1057,10718
GHOTKI DISTRICT,Others,Roof,4974,100,1466
GUJRANWALA DISTRICT,Baked Bricks / Blocks / Stone,Wall,608557,81026,25291
GUJRANWALA DISTRICT,Unbaked Bricks / Mud,Wall,14229,2170,1357
GUJRANWALA DISTRICT,Wood / Bamboo,Wall,2676,501,490
GUJRANWALA DISTRICT,Others,Wall,7297,956,707
GUJRANWALA DISTRICT,Rcc / Rbc,Roof,387589,57968,12731
GUJRANWALA DISTRICT,Cement / Iron Sheets,Roof,47934,6562,2198
GUJRANWALA DISTRICT,Garder / T.Iron,Roof,56765,5403,3558
GUJRANWALA DISTRICT,Wood / Bamboo,Roof,131802,13607,8543
GUJRANWALA DISTRICT,Others,Roof,8669,1113,815
GUJRAT DISTRICT,Baked Bricks / Blocks / Stone,Wall,365830,35508,17323
GUJRAT DISTRICT,Unbaked Bricks / Mud,Wall,9217,1348,1118
GUJRAT DISTRICT,Wood / Bamboo,Wall,2437,535,774
GUJRAT DISTRICT,Others,Wall,2015,298,549
GUJRAT DISTRICT,Rcc / Rbc,Roof,183660,23249,6812
GUJRAT DISTRICT,Cement / Iron Sheets,Roof,35419,2567,1987
GUJRAT DISTRICT,Garder / T.Iron,Roof,90492,6661,4810
GUJRAT DISTRICT,Wood / Bamboo,Roof,65825,4679,5395
GUJRAT DISTRICT,Others,Roof,4103,533,760
GWADAR DISTRICT,Baked Bricks / Blocks / Stone,Wall,21627,1408,361
GWADAR DISTRICT,Unbaked Bricks / Mud,Wall,7860,312,75
GWADAR DISTRICT,Wood / Bamboo,Wall,6489,55,53
GWADAR DISTRICT,Others,Wall,892,51,11
GWADAR DISTRICT,Rcc / Rbc,Roof,1522,150,131
GWADAR DISTRICT,Cement / Iron Sheets,Roof,1675,161,36
GWADAR DISTRICT,Garder / T.Iron,Roof,18087,1074,214
GWADAR DISTRICT,Wood / Bamboo,Roof,14890,376,106
GWADAR DISTRICT,Others,Roof,694,65,13
HAFIZABAD DISTRICT,Baked Bricks / Blocks / Stone,Wall,145792,7402,8437
HAFIZABAD DISTRICT,Unbaked Bricks / Mud,Wall,8369,300,1894
HAFIZABAD DISTRICT,Wood / Bamboo,Wall,572,29,119
HAFIZABAD DISTRICT,Others,Wall,1695,100,258
HAFIZABAD DISTRICT,Rcc / Rbc,Roof,32623,2485,1273
HAFIZABAD DISTRICT,Cement / Iron Sheets,Roof,11608,628,1172
HAFIZABAD DISTRICT,Garder / T.Iron,Roof,64344,2434,2778
HAFIZABAD DISTRICT,Wood / Bamboo,Roof,45223,2119,5115
HAFIZABAD DISTRICT,Others,Roof,2630,165,370
HANGU DISTRICT,Baked Bricks / Blocks / Stone,Wall,26592,4438,1374
HANGU DISTRICT,Unbaked Bricks / Mud,Wall,8407,2414,1120
HANGU DISTRICT,Wood / Bamboo,Wall,767,368,107
HANGU DISTRICT,Others,Wall,981,228,144
HANGU DISTRICT,Rcc / Rbc,Roof,9734,2044,326
HANGU DISTRICT,Cement / Iron Sheets,Roof,1332,260,39
HANGU DISTRICT,Garder / T.Iron,Roof,16238,2396,773
HANGU DISTRICT,Wood / Bamboo,Roof,8474,2550,1477
HANGU DISTRICT,Others,Roof,969,198,130
HARIPUR DISTRICT,Baked Bricks / Blocks / Stone,Wall,125843,16753,4710
HARIPUR DISTRICT,Unbaked Bricks / Mud,Wall,8870,788,1437
HARIPUR DISTRICT,Wood / Bamboo,Wall,1167,157,353
HARIPUR DISTRICT,Others,Wall,1109,185,467
HARIPUR DISTRICT,Rcc / Rbc,Roof,87918,14161,2787
HARIPUR DISTRICT,Cement / Iron Sheets,Roof,12211,724,363
HARIPUR DISTRICT,Garder / T.Iron,Roof,19517,1357,884
HARIPUR DISTRICT,Wood / Bamboo,Roof,16017,1417,2467
HARIPUR DISTRICT,Others,Roof,1326,224,466
HARNAI DISTRICT,Baked Bricks / Blocks / Stone,Wall,1692,312,559
HARNAI DISTRICT,Unbaked Bricks / Mud,Wall,9499,429,555
HARNAI DISTRICT,Wood / Bamboo,Wall,1501,54,535
HARNAI DISTRICT,Others,Wall,1460,19,379
HARNAI DISTRICT,Rcc / Rbc,Roof,217,151,137
HARNAI DISTRICT,Cement / Iron Sheets,Roof,209,9,19
HARNAI DISTRICT,Garder / T.Iron,Roof,3112,225,95
HARNAI DISTRICT,Wood / Bamboo,Roof,9242,395,1440
HARNAI DISTRICT,Others,Roof,1372,34,337
HYDERABAD DISTRICT,Baked Bricks / Blocks / Stone,Wall,278632,69424,32781
HYDERABAD DISTRICT,Unbaked Bricks / Mud,Wall,21115,1334,5549
HYDERABAD DISTRICT,Wood / Bamboo,Wall,11176,336,4931
HYDERABAD DISTRICT,Others,Wall,3613,583,1137
HYDERABAD DISTRICT,Rcc / Rbc,Roof,193139,58516,27273
HYDERABAD DISTRICT,Cement / Iron Sheets,Roof,5295,1207,729
HYDERABAD DISTRICT,Garder / T.Iron,Roof,76252,9742,4312
HYDERABAD DISTRICT,Wood / Bamboo,Roof,36022,1513,10873
HYDERABAD DISTRICT,Others,Roof,3828,699,1211
JACOBABAD DISTRICT,Baked Bricks / Blocks / Stone,Wall,56168,7344,5528
JACOBABAD DISTRICT,Unbaked Bricks / Mud,Wall,43378,1985,10672
JACOBABAD DISTRICT,Wood / Bamboo,Wall,30951,821,10844
JACOBABAD DISTRICT,Others,Wall,6274,431,2020
JACOBABAD DISTRICT,Rcc / Rbc,Roof,3443,1103,465
JACOBABAD DISTRICT,Cement / Iron Sheets,Roof,4556,367,451
JACOBABAD DISTRICT,Garder / T.Iron,Roof,45805,5544,3229
JACOBABAD DISTRICT,Wood / Bamboo,Roof,78581,3186,23198
JACOBABAD DISTRICT,Others,Roof,4386,381,1721
JAFFARABAD DISTRICT,Baked Bricks / Blocks / Stone,Wall,19778,2525,1725
JAFFARABAD DISTRICT,Unbaked Bricks / Mud,Wall,22669,1133,14237
JAFFARABAD DISTRICT,Wood / Bamboo,Wall,5289,169,4276
JAFFARABAD DISTRICT,Others,Wall,2534,100,2999
JAFFARABAD DISTRICT,Rcc / Rbc,Roof,594,173,115
JAFFARABAD DISTRICT,Cement / Iron Sheets,Roof,1511,110,236
JAFFARABAD DISTRICT,Garder / T.Iron,Roof,18914,2117,1247
JAFFARABAD DISTRICT,Wood / Bamboo,Roof,27787,1407,18574
JAFFARABAD DISTRICT,Others,Roof,1464,120,3065
JAMSHORO DISTRICT,Baked Bricks / Blocks / Stone,Wall,93190,15738,4722
JAMSHORO DISTRICT,Unbaked Bricks / Mud,Wall,35765,798,954
JAMSHORO DISTRICT,Wood / Bamboo,Wall,20246,295,1889
JAMSHORO DISTRICT,Others,Wall,4315,298,441
JAMSHORO DISTRICT,Rcc / Rbc,Roof,18508,7319,3029
JAMSHORO DISTRICT,Cement / Iron Sheets,Roof,5812,539,180
JAMSHORO DISTRICT,Garder / T.Iron,Roof,77628,8096,1543
JAMSHORO DISTRICT,Wood / Bamboo,Roof,47232,891,2833
JAMSHORO DISTRICT,Others,Roof,4336,284,421
JHAL MAGSI DISTRICT,Baked Bricks / Blocks / Stone,Wall,802,13,36
JHAL MAGSI DISTRICT,Unbaked Bricks / Mud,Wall,19727,105,553
JHAL MAGSI DISTRICT,Wood / Bamboo,Wall,1997,18,75
JHAL MAGSI DISTRICT,Others,Wall,1471,4,61
JHAL MAGSI DISTRICT,Rcc / Rbc,Roof,95,1,13
JHAL MAGSI DISTRICT,Cement / Iron Sheets,Roof,227,8,22
JHAL MAGSI DISTRICT,Garder / T.Iron,Roof,2191,16,22
JHAL MAGSI DISTRICT,Wood / Bamboo,Roof,20454,112,604
JHAL MAGSI DISTRICT,Others,Roof,1030,3,64
JHANG DISTRICT,Baked Bricks / Blocks / Stone,Wall,315739,15083,15790
JHANG DISTRICT,Unbaked Bricks / Mud,Wall,57898,819,10915
JHANG DISTRICT,Wood / Bamboo,Wall,1954,117,609
JHANG DISTRICT,Others,Wall,6485,235,1201
JHANG DISTRICT,Rcc / Rbc,Roof,15620,3619,876
JHANG DISTRICT,Cement / Iron Sheets,Roof,4669,335,334
JHANG DISTRICT,Garder / T.Iron,Roof,309343,9957,16029
JHANG DISTRICT,Wood / Bamboo,Roof,46317,2082,9846
JHANG DISTRICT,Others,Roof,6127,261,1430
JHELUM DISTRICT,Baked Bricks / Blocks / Stone,Wall,164854,19882,8107
JHELUM DISTRICT,Unbaked Bricks / Mud,Wall,6171,779,449
JHELUM DISTRICT,Wood / Bamboo,Wall,1082,218,253
JHELUM DISTRICT,Others,Wall,1394,179,286
JHELUM DISTRICT,Rcc / Rbc,Roof,62471,13290,4118
JHELUM DISTRICT,Cement / Iron Sheets,Roof,10056,2669,794
JHELUM DISTRICT,Garder / T.Iron,Roof,69433,3326,2342
JHELUM DISTRICT,Wood / Bamboo,Roof,29948,1536,1521
JHELUM DISTRICT,Others,Roof,1593,237,320
KACHHI DISTRICT,Baked Bricks / Blocks / Stone,Wall,2871,376,243
KACHHI DISTRICT,Unbaked Bricks / Mud,Wall,23725,464,8038
KACHHI DISTRICT,Wood / Bamboo,Wall,2660,28,1087
KACHHI DISTRICT,Others,Wall,879,15,510
KACHHI DISTRICT,Rcc / Rbc,Roof,197,32,68
KACHHI DISTRICT,Cement / Iron Sheets,Roof,567,188,85
KACHHI DISTRICT,Garder / T.Iron,Roof,4843,251,542
KACHHI DISTRICT,Wood / Bamboo,Roof,23649,394,8645
KACHHI DISTRICT,Others,Roof,879,18,538
KALAT DISTRICT,Baked Bricks / Blocks / Stone,Wall,2047,117,116
KALAT DISTRICT,Unbaked Bricks / Mud,Wall,41670,611,2556
KALAT DISTRICT,Wood / Bamboo,Wall,4004,78,177
KALAT DISTRICT,Others,Wall,2855,86,225
KALAT DISTRICT,Rcc / Rbc,Roof,788,64,51
KALAT DISTRICT,Cement / Iron Sheets,Roof,1407,92,93
KALAT DISTRICT,Garder / T.Iron,Roof,4337,133,82
KALAT DISTRICT,Wood / Bamboo,Roof,41447,563,2644
KALAT DISTRICT,Others,Roof,2597,40,204
KAMBAR SHAHDAD KOT DISTRICT,Baked Bricks / Blocks / Stone,Wall,95326,3931,2450
KAMBAR SHAHDAD KOT DISTRICT,Unbaked Bricks / Mud,Wall,74835,1269,5448
KAMBAR SHAHDAD KOT DISTRICT,Wood / Bamboo,Wall,23450,474,3183
KAMBAR SHAHDAD KOT DISTRICT,Others,Wall,6508,148,1063
KAMBAR SHAHDAD KOT DISTRICT,Rcc / Rbc,Roof,3813,151,122
KAMBAR SHAHDAD KOT DISTRICT,Cement / Iron Sheets,Roof,5531,97,145
KAMBAR SHAHDAD KOT DISTRICT,Garder / T.Iron,Roof,75384,2955,1530
KAMBAR SHAHDAD KOT DISTRICT,Wood / Bamboo,Roof,109983,2451,9429
KAMBAR SHAHDAD KOT DISTRICT,Others,Roof,5408,168,918
KARACHI CENTRAL DISTRICT,Baked Bricks / Blocks / Stone,Wall,304457,184731,31909
KARACHI CENTRAL DISTRICT,Unbaked Bricks / Mud,Wall,4002,3074,420
KARACHI CENTRAL DISTRICT,Wood / Bamboo,Wall,573,387,229
KARACHI CENTRAL DISTRICT,Others,Wall,2419,1568,423
KARACHI CENTRAL DISTRICT,Rcc / Rbc,Roof,246547,145720,27197
KARACHI CENTRAL DISTRICT,Cement / Iron Sheets,Roof,33058,26392,2755
KARACHI CENTRAL DISTRICT,Garder / T.Iron,Roof,28336,15374,2269
KARACHI CENTRAL DISTRICT,Wood / Bamboo,Roof,770,526,302
KARACHI CENTRAL DISTRICT,Others,Roof,2740,1748,458
KARACHI EAST DISTRICT,Baked Bricks / Blocks / Stone,Wall,281190,171568,22023
KARACHI EAST DISTRICT,Unbaked Bricks / Mud,Wall,5392,3942,475
KARACHI EAST DISTRICT,Wood / Bamboo,Wall,1323,1508,3268
KARACHI EAST DISTRICT,Others,Wall,4157,2630,707
KARACHI EAST DISTRICT,Rcc / Rbc,Roof,219476,126385,17967
KARACHI EAST DISTRICT,Cement / Iron Sheets,Roof,28667,25329,2003
KARACHI EAST DISTRICT,Garder / T.Iron,Roof,36731,22621,2169
KARACHI EAST DISTRICT,Wood / Bamboo,Roof,2508,2183,3566
KARACHI EAST DISTRICT,Others,Roof,4680,3130,768
KARACHI SOUTH DISTRICT,Baked Bricks / Blocks / Stone,Wall,173680,122505,12689
KARACHI SOUTH DISTRICT,Unbaked Bricks / Mud,Wall,3059,2423,211
KARACHI SOUTH DISTRICT,Wood / Bamboo,Wall,208,113,79
KARACHI SOUTH DISTRICT,Others,Wall,2315,1383,267
KARACHI SOUTH DISTRICT,Rcc / Rbc,Roof,148678,104011,10661
KARACHI SOUTH DISTRICT,Cement / Iron Sheets,Roof,10953,11611,1270
KARACHI SOUTH DISTRICT,Garder / T.Iron,Roof,16359,8798,858
KARACHI SOUTH DISTRICT,Wood / Bamboo,Roof,692,423,177
KARACHI SOUTH DISTRICT,Others,Roof,2580,1581,280
KARACHI WEST DISTRICT,Baked Bricks / Blocks / Stone,Wall,367694,196998,28209
KARACHI WEST DISTRICT,Unbaked Bricks / Mud,Wall,13107,5893,563
KARACHI WEST DISTRICT,Wood / Bamboo,Wall,2655,506,762
KARACHI WEST DISTRICT,Others,Wall,4720,2272,432
KARACHI WEST DISTRICT,Rcc / Rbc,Roof,161287,89793,14741
KARACHI WEST DISTRICT,Cement / Iron Sheets,Roof,125611,75353,8861
KARACHI WEST DISTRICT,Garder / T.Iron,Roof,90052,36452,4886
KARACHI WEST DISTRICT,Wood / Bamboo,Roof,4624,759,931
KARACHI WEST DISTRICT,Others,Roof,6602,3312,547
KARAK DISTRICT,Baked Bricks / Blocks / Stone,Wall,49481,1659,417
KARAK DISTRICT,Unbaked Bricks / Mud,Wall,15736,297,165
KARAK DISTRICT,Wood / Bamboo,Wall,2177,24,17
KARAK DISTRICT,Others,Wall,2165,44,25
KARAK DISTRICT,Rcc / Rbc,Roof,1486,157,52
KARAK DISTRICT,Cement / Iron Sheets,Roof,1469,31,9
KARAK DISTRICT,Garder / T.Iron,Roof,50768,1620,350
KARAK DISTRICT,Wood / Bamboo,Roof,13353,169,184
KARAK DISTRICT,Others,Roof,2483,47,29
KASHMORE DISTRICT,Baked Bricks / Blocks / Stone,Wall,63885,7301,2765
KASHMORE DISTRICT,Unbaked Bricks / Mud,Wall,45402,1583,8687
KASHMORE DISTRICT,Wood / Bamboo,Wall,39348,1243,7669
KASHMORE DISTRICT,Others,Wall,3906,191,966
KASHMORE DISTRICT,Rcc / Rbc,Roof,2925,2252,277
KASHMORE DISTRICT,Cement / Iron Sheets,Roof,5523,555,329
KASHMORE DISTRICT,Garder / T.Iron,Roof,58199,4674,2453
KASHMORE DISTRICT,Wood / Bamboo,Roof,81870,2664,16113
KASHMORE DISTRICT,Others,Roof,4024,173,915
KASUR DISTRICT,Baked Bricks / Blocks / Stone,Wall,427161,26962,23015
KASUR DISTRICT,Unbaked Bricks / Mud,Wall,28943,1314,4722
KASUR DISTRICT,Wood / Bamboo,Wall,3457,217,889
KASUR DISTRICT,Others,Wall,2772,153,613
KASUR DISTRICT,Rcc / Rbc,Roof,98431,10311,4367
KASUR DISTRICT,Cement / Iron Sheets,Roof,14430,1275,794
KASUR DISTRICT,Garder / T.Iron,Roof,268286,12161,10871
KASUR DISTRICT,Wood / Bamboo,Roof,76596,4594,12245
KASUR DISTRICT,Others,Roof,4590,305,962
KECH DISTRICT,Baked Bricks / Blocks / Stone,Wall,27611,795,271
KECH DISTRICT,Unbaked Bricks / Mud,Wall,66582,949,369
KECH DISTRICT,Wood / Bamboo,Wall,33986,477,280
KECH DISTRICT,Others,Wall,5372,165,195
KECH DISTRICT,Rcc / Rbc,Roof,8629,347,112
KECH DISTRICT,Cement / Iron Sheets,Roof,7293,604,143
KECH DISTRICT,Garder / T.Iron,Roof,39258,586,234
KECH DISTRICT,Wood / Bamboo,Roof,74924,742,501
KECH DISTRICT,Others,Roof,3447,107,125
KHAIRPUR DISTRICT,Baked Bricks / Blocks / Stone,Wall,161098,8655,3848
KHAIRPUR DISTRICT,Unbaked Bricks / Mud,Wall,154459,2447,7407
KHAIRPUR DISTRICT,Wood / Bamboo,Wall,52198,740,6989
KHAIRPUR DISTRICT,Others,Wall,6213,170,1502
KHAIRPUR DISTRICT,Rcc / Rbc,Roof,6362,1441,404
KHAIRPUR DISTRICT,Cement / Iron Sheets,Roof,10099,460,206
KHAIRPUR DISTRICT,Garder / T.Iron,Roof,193307,7497,4168
KHAIRPUR DISTRICT,Wood / Bamboo,Roof,157349,2449,13343
KHAIRPUR DISTRICT,Others,Roof,6851,165,1625
KHANEWAL DISTRICT,Baked Bricks / Blocks / Stone,Wall,343811,16399,15294
KHANEWAL DISTRICT,Unbaked Bricks / Mud,Wall,64052,1142,14583
KHANEWAL DISTRICT,Wood / Bamboo,Wall,3810,112,1103
KHANEWAL DISTRICT,Others,Wall,4664,180,887
KHANEWAL DISTRICT,Rcc / Rbc,Roof,26012,4341,1551
KHANEWAL DISTRICT,Cement / Iron Sheets,Roof,6712,628,614
KHANEWAL DISTRICT,Garder / T.Iron,Roof,334515,11258,15691
KHANEWAL DISTRICT,Wood / Bamboo,Roof,44281,1416,12909
KHANEWAL DISTRICT,Others,Roof,4817,190,1102
KHARAN DISTRICT,Baked Bricks / Blocks / Stone,Wall,2353,26,83
KHARAN DISTRICT,Unbaked Bricks / Mud,Wall,18734,166,894
KHARAN DISTRICT,Wood / Bamboo,Wall,1482,13,57
KHARAN DISTRICT,Others,Wall,551,8,46
KHARAN DISTRICT,Rcc / Rbc,Roof,182,7,64
KHARAN DISTRICT,Cement / Iron Sheets,Roof,272,7,10
KHARAN DISTRICT,Garder / T.Iron,Roof,1156,17,21
KHARAN DISTRICT,Wood / Bamboo,Roof,20188,176,900
KHARAN DISTRICT,Others,Roof,1322,6,85
KHUSHAB DISTRICT,Baked Bricks / Blocks / Stone,Wall,170645,7422,8520
KHUSHAB DISTRICT,Unbaked Bricks / Mud,Wall,15629,312,1518
KHUSHAB DISTRICT,Wood / Bamboo,Wall,2298,63,353
KHUSHAB DISTRICT,Others,Wall,2138,65,503
KHUSHAB DISTRICT,Rcc / Rbc,Roof,9327,2243,1376
KHUSHAB DISTRICT,Cement / Iron Sheets,Roof,4642,297,284
KHUSHAB DISTRICT,Garder / T.Iron,Roof,116008,3547,4267
KHUSHAB DISTRICT,Wood / Bamboo,Roof,55511,1633,4311
KHUSHAB DISTRICT,Others,Roof,5222,142,656
KHUZDAR DISTRICT,Baked Bricks / Blocks / Stone,Wall,10127,1701,596
KHUZDAR DISTRICT,Unbaked Bricks / Mud,Wall,77121,1632,3504
KHUZDAR DISTRICT,Wood / Bamboo,Wall,12790,367,450
KHUZDAR DISTRICT,Others,Wall,9697,117,496
KHUZDAR DISTRICT,Rcc / Rbc,Roof,3171,1366,308
KHUZDAR DISTRICT,Cement / Iron Sheets,Roof,2622,330,76
KHUZDAR DISTRICT,Garder / T.Iron,Roof,15520,742,268
KHUZDAR DISTRICT,Wood / Bamboo,Roof,78512,1260,3601
KHUZDAR DISTRICT,Others,Roof,9910,119,793
KHYBER AGENCY,Baked Bricks / Blocks / Stone,Wall,45366,1749,2271
KHYBER AGENCY,Unbaked Bricks / Mud,Wall,45748,3177,2077
KHYBER AGENCY,Wood / Bamboo,Wall,4059,365,282
KHYBER AGENCY,Others,Wall,5795,435,391
KHYBER AGENCY,Rcc / Rbc,Roof,5803,591,344
KHYBER AGENCY,Cement / Iron Sheets,Roof,2471,299,108
KHYBER AGENCY,Garder / T.Iron,Roof,34833,1378,1162
KHYBER AGENCY,Wood / Bamboo,Roof,52700,3046,3026
KHYBER AGENCY,Others,Roof,5161,412,381
KILLA ABDULLAH DISTRICT,Baked Bricks / Blocks / Stone,Wall,8484,599,255
KILLA ABDULLAH DISTRICT,Unbaked Bricks / Mud,Wall,69095,1988,1887
KILLA ABDULLAH DISTRICT,Wood / Bamboo,Wall,9924,339,583
KILLA ABDULLAH DISTRICT,Others,Wall,3189,106,215
KILLA ABDULLAH DISTRICT,Rcc / Rbc,Roof,2188,234,113
KILLA ABDULLAH DISTRICT,Cement / Iron Sheets,Roof,2187,120,103
KILLA ABDULLAH DISTRICT,Garder / T.Iron,Roof,30014,924,295
KILLA ABDULLAH DISTRICT,Wood / Bamboo,Roof,53407,1620,2168
KILLA ABDULLAH DISTRICT,Others,Roof,2896,134,261
KILLA SAIFULLAH DISTRICT,Baked Bricks / Blocks / Stone,Wall,4161,224,472
KILLA SAIFULLAH DISTRICT,Unbaked Bricks / Mud,Wall,30826,1838,3992
KILLA SAIFULLAH DISTRICT,Wood / Bamboo,Wall,6043,342,1426
KILLA SAIFULLAH DISTRICT,Others,Wall,2581,73,622
KILLA SAIFULLAH DISTRICT,Rcc / Rbc,Roof,820,82,101
KILLA SAIFULLAH DISTRICT,Cement / Iron Sheets,Roof,1343,84,176
KILLA SAIFULLAH DISTRICT,Garder / T.Iron,Roof,4304,536,297
KILLA SAIFULLAH DISTRICT,Wood / Bamboo,Roof,34500,1697,5040
KILLA SAIFULLAH DISTRICT,Others,Roof,2644,78,898
KOHAT DISTRICT,Baked Bricks / Blocks / Stone,Wall,75027,14385,2322
KOHAT DISTRICT,Unbaked Bricks / Mud,Wall,19204,2685,902
KOHAT DISTRICT,Wood / Bamboo,Wall,1764,163,106
KOHAT DISTRICT,Others,Wall,1816,302,161
KOHAT DISTRICT,Rcc / Rbc,Roof,29818,10202,979
KOHAT DISTRICT,Cement / Iron Sheets,Roof,3053,674,71
KOHAT DISTRICT,Garder / T.Iron,Roof,46654,4694,1166
KOHAT DISTRICT,Wood / Bamboo,Roof,16327,1492,1107
KOHAT DISTRICT,Others,Roof,1959,473,168
KOHISTAN DISTRICT,Baked Bricks / Blocks / Stone,Wall,47682,974,1170
KOHISTAN DISTRICT,Unbaked Bricks / Mud,Wall,8615,257,539
KOHISTAN DISTRICT,Wood / Bamboo,Wall,33479,184,411
KOHISTAN DISTRICT,Others,Wall,5834,42,226
KOHISTAN DISTRICT,Rcc / Rbc,Roof,5820,486,228
KOHISTAN DISTRICT,Cement / Iron Sheets,Roof,3996,125,66
KOHISTAN DISTRICT,Garder / T.Iron,Roof,949,,15
KOHISTAN DISTRICT,Wood / Bamboo,Roof,77097,802,1768
KOHISTAN DISTRICT,Others,Roof,7748,44,269
KOHLU DISTRICT,Baked Bricks / Blocks / Stone,Wall,1722,168,101
KOHLU DISTRICT,Unbaked Bricks / Mud,Wall,9097,237,821
KOHLU DISTRICT,Wood / Bamboo,Wall,8169,221,930
KOHLU DISTRICT,Others,Wall,4114,41,341
KOHLU DISTRICT,Rcc / Rbc,Roof,211,83,48
KOHLU DISTRICT,Cement / Iron Sheets,Roof,189,29,15
KOHLU DISTRICT,Garder / T.Iron,Roof,1757,85,107
KOHLU DISTRICT,Wood / Bamboo,Roof,16846,416,1581
KOHLU DISTRICT,Others,Roof,4099,54,442
KORANGI DISTRICT,Baked Bricks / Blocks / Stone,Wall,258490,138707,28391
KORANGI DISTRICT,Unbaked Bricks / Mud,Wall,3983,2120,290
KORANGI DISTRICT,Wood / Bamboo,Wall,553,224,265
KORANGI DISTRICT,Others,Wall,2852,1710,347
KORANGI DISTRICT,Rcc / Rbc,Roof,192498,104023,22868
KORANGI DISTRICT,Cement / Iron Sheets,Roof,36224,21946,3025
KORANGI DISTRICT,Garder / T.Iron,Roof,32380,14317,2619
KORANGI DISTRICT,Wood / Bamboo,Roof,958,344,338
KORANGI DISTRICT,Others,Roof,3818,2131,443
KURRAM AGENCY,Baked Bricks / Blocks / Stone,Wall,26951,2101,1184
KURRAM AGENCY,Unbaked Bricks / Mud,Wall,23066,2884,2657
KURRAM AGENCY,Wood / Bamboo,Wall,3418,515,497
KURRAM AGENCY,Others,Wall,3203,340,265
KURRAM AGENCY,Rcc / Rbc,Roof,6456,1162,249
KURRAM AGENCY,Cement / Iron Sheets,Roof,2135,552,133
KURRAM AGENCY,Garder / T.Iron,Roof,8213,1242,935
KURRAM AGENCY,Wood / Bamboo,Roof,36531,2388,3060
KURRAM AGENCY,Others,Roof,3303,496,226
LAHORE DISTRICT,Baked Bricks / Blocks / Stone,Wall,1128325,475916,85945
LAHORE DISTRICT,Unbaked Bricks / Mud,Wall,12786,6091,2356
LAHORE DISTRICT,Wood / Bamboo,Wall,2923,2315,3595
LAHORE DISTRICT,Others,Wall,14580,6981,2942
LAHORE DISTRICT,Rcc / Rbc,Roof,896758,382195,65143
LAHORE DISTRICT,Cement / Iron Sheets,Roof,86698,42014,6511
LAHORE DISTRICT,Garder / T.Iron,Roof,122685,44521,10037
LAHORE DISTRICT,Wood / Bamboo,Roof,34737,14334,10052
LAHORE DISTRICT,Others,Roof,17736,8239,3095
LAKKI MARWAT DISTRICT,Baked Bricks / Blocks / Stone,Wall,40967,2771,835
LAKKI MARWAT DISTRICT,Unbaked Bricks / Mud,Wall,43792,1233,1681
LAKKI MARWAT DISTRICT,Wood / Bamboo,Wall,2091,48,116
LAKKI MARWAT DISTRICT,Others,Wall,3656,80,257
LAKKI MARWAT DISTRICT,Rcc / Rbc,Roof,999,177,75
LAKKI MARWAT DISTRICT,Cement / Iron Sheets,Roof,971,138,30
LAKKI MARWAT DISTRICT,Garder / T.Iron,Roof,41523,2348,831
LAKKI MARWAT DISTRICT,Wood / Bamboo,Roof,40957,1291,1650
LAKKI MARWAT DISTRICT,Others,Roof,6056,178,303
LARKANA DISTRICT,Baked Bricks / Blocks / Stone,Wall,114021,16057,2686
LARKANA DISTRICT,Unbaked Bricks / Mud,Wall,94222,4504,3103
LARKANA DISTRICT,Wood / Bamboo,Wall,17686,634,1238
LARKANA DISTRICT,Others,Wall,4357,288,615
LARKANA DISTRICT,Rcc / Rbc,Roof,6233,2257,263
LARKANA DISTRICT,Cement / Iron Sheets,Roof,7583,889,371
LARKANA DISTRICT,Garder / T.Iron,Roof,110206,13597,2085
LARKANA DISTRICT,Wood / Bamboo,Roof,102051,4453,4350
LARKANA DISTRICT,Others,Roof,4213,287,573
LASBELA DISTRICT,Baked Bricks / Blocks / Stone,Wall,32698,6836,1494
LASBELA DISTRICT,Unbaked Bricks / Mud,Wall,31343,243,958
LASBELA DISTRICT,Wood / Bamboo,Wall,12696,184,1387
LASBELA DISTRICT,Others,Wall,2927,109,214
LASBELA DISTRICT,Rcc / Rbc,Roof,5616,2397,731
LASBELA DISTRICT,Cement / Iron Sheets,Roof,14292,1648,436
LASBELA DISTRICT,Garder / T.Iron,Roof,27142,2918,513
LASBELA DISTRICT,Wood / Bamboo,Roof,29719,295,2008
LASBELA DISTRICT,Others,Roof,2895,114,365
LAYYAH DISTRICT,Baked Bricks / Blocks / Stone,Wall,208978,7732,6077
LAYYAH DISTRICT,Unbaked Bricks / Mud,Wall,47144,795,3678
LAYYAH DISTRICT,Wood / Bamboo,Wall,2008,101,439
LAYYAH DISTRICT,Others,Wall,4029,128,619
LAYYAH DISTRICT,Rcc / Rbc,Roof,8518,1139,475
LAYYAH DISTRICT,Cement / Iron Sheets,Roof,3003,181,102
LAYYAH DISTRICT,Garder / T.Iron,Roof,212248,6231,5568
LAYYAH DISTRICT,Wood / Bamboo,Roof,34759,1043,3910
LAYYAH DISTRICT,Others,Roof,3631,162,758
LODHRAN DISTRICT,Baked Bricks / Blocks / Stone,Wall,197470,5910,7205
LODHRAN DISTRICT,Unbaked Bricks / Mud,Wall,41736,509,4785
LODHRAN DISTRICT,Wood / Bamboo,Wall,1501,42,335
LODHRAN DISTRICT,Others,Wall,2558,65,513
LODHRAN DISTRICT,Rcc / Rbc,Roof,11644,1263,384
LODHRAN DISTRICT,Cement / Iron Sheets,Roof,2290,114,131
LODHRAN DISTRICT,Garder / T.Iron,Roof,200856,4435,7604
LODHRAN DISTRICT,Wood / Bamboo,Roof,26014,637,4199
LODHRAN DISTRICT,Others,Roof,2461,77,520
LORALAI DISTRICT,Baked Bricks / Blocks / Stone,Wall,3162,803,438
LORALAI DISTRICT,Unbaked Bricks / Mud,Wall,33088,3454,4963
LORALAI DISTRICT,Wood / Bamboo,Wall,4668,560,978
LORALAI DISTRICT,Others,Wall,1072,98,742
LORALAI DISTRICT,Rcc / Rbc,Roof,1074,379,302
LORALAI DISTRICT,Cement / Iron Sheets,Roof,1000,268,81
LORALAI DISTRICT,Garder / T.Iron,Roof,6918,825,291
LORALAI DISTRICT,Wood / Bamboo,Roof,31800,3292,5543
LORALAI DISTRICT,Others,Roof,1198,151,904
LOWER DIR DISTRICT,Baked Bricks / Blocks / Stone,Wall,112293,4749,3727
LOWER DIR DISTRICT,Unbaked Bricks / Mud,Wall,20278,2305,2056
LOWER DIR DISTRICT,Wood / Bamboo,Wall,4987,678,444
LOWER DIR DISTRICT,Others,Wall,2007,108,156
LOWER DIR DISTRICT,Rcc / Rbc,Roof,61082,2839,1016
LOWER DIR DISTRICT,Cement / Iron Sheets,Roof,11873,544,324
LOWER DIR DISTRICT,Garder / T.Iron,Roof,3368,291,161
LOWER DIR DISTRICT,Wood / Bamboo,Roof,60758,4030,4717
LOWER DIR DISTRICT,Others,Roof,2484,136,165
MALAKAND PROTECTED AREA,Baked Bricks / Blocks / Stone,Wall,59736,6958,2884
MALAKAND PROTECTED AREA,Unbaked Bricks / Mud,Wall,10580,3191,2894
MALAKAND PROTECTED AREA,Wood / Bamboo,Wall,1684,687,367
MALAKAND PROTECTED AREA,Others,Wall,987,145,178
MALAKAND PROTECTED AREA,Rcc / Rbc,Roof,40586,4286,1242
MALAKAND PROTECTED AREA,Cement / Iron Sheets,Roof,6795,867,310
MALAKAND PROTECTED AREA,Garder / T.Iron,Roof,5957,763,703
MALAKAND PROTECTED AREA,Wood / Bamboo,Roof,18129,4859,3886
MALAKAND PROTECTED AREA,Others,Roof,1520,206,182
MALIR DISTRICT,Baked Bricks / Blocks / Stone,Wall,186292,96486,8005
MALIR DISTRICT,Unbaked Bricks / Mud,Wall,10037,3431,444
MALIR DISTRICT,Wood / Bamboo,Wall,5624,666,1631
MALIR DISTRICT,Others,Wall,2725,1664,313
MALIR DISTRICT,Rcc / Rbc,Roof,91347,54916,5164
MALIR DISTRICT,Cement / Iron Sheets,Roof,72477,31098,2125
MALIR DISTRICT,Garder / T.Iron,Roof,27806,13277,1003
MALIR DISTRICT,Wood / Bamboo,Roof,8881,918,1764
MALIR DISTRICT,Others,Roof,4167,2038,337
MANDI BAHAUDDIN DISTRICT,Baked Bricks / Blocks / Stone,Wall,215468,12104,13439
MANDI BAHAUDDIN DISTRICT,Unbaked Bricks / Mud,Wall,4598,1384,771
MANDI BAHAUDDIN DISTRICT,Wood / Bamboo,Wall,1094,143,410
MANDI BAHAUDDIN DISTRICT,Others,Wall,1939,160,497
MANDI BAHAUDDIN DISTRICT,Rcc / Rbc,Roof,53369,5590,2078
MANDI BAHAUDDIN DISTRICT,Cement / Iron Sheets,Roof,19890,1301,2655
MANDI BAHAUDDIN DISTRICT,Garder / T.Iron,Roof,87260,3353,3799
MANDI BAHAUDDIN DISTRICT,Wood / Bamboo,Roof,59616,3340,5998
MANDI BAHAUDDIN DISTRICT,Others,Roof,2964,207,587
MANSEHRA DISTRICT,Baked Bricks / Blocks / Stone,Wall,165131,16751,7612
MANSEHRA DISTRICT,Unbaked Bricks / Mud,Wall,30923,2780,4907
MANSEHRA DISTRICT,Wood / Bamboo,Wall,1925,288,491
MANSEHRA DISTRICT,Others,Wall,3375,590,457
MANSEHRA DISTRICT,Rcc / Rbc,Roof,68327,10199,2465
MANSEHRA DISTRICT,Cement / Iron Sheets,Roof,107971,7448,6159
MANSEHRA DISTRICT,Garder / T.Iron,Roof,1559,229,206
MANSEHRA DISTRICT,Wood / Bamboo,Roof,18676,1855,3703
MANSEHRA DISTRICT,Others,Roof,4821,678,934
MARDAN DISTRICT,Baked Bricks / Blocks / Stone,Wall,208074,25608,9580
MARDAN DISTRICT,Unbaked Bricks / Mud,Wall,35639,7584,14054
MARDAN DISTRICT,Wood / Bamboo,Wall,2233,530,1244
MARDAN DISTRICT,Others,Wall,2474,459,570
MARDAN DISTRICT,Rcc / Rbc,Roof,121732,14411,3940
MARDAN DISTRICT,Cement / Iron Sheets,Roof,18307,1886,913
MARDAN DISTRICT,Garder / T.Iron,Roof,46707,5819,3277
MARDAN DISTRICT,Wood / Bamboo,Roof,58543,11459,16539
MARDAN DISTRICT,Others,Roof,3131,606,779
MASTUNG DISTRICT,Baked Bricks / Blocks / Stone,Wall,2203,94,198
MASTUNG DISTRICT,Unbaked Bricks / Mud,Wall,26881,500,2573
MASTUNG DISTRICT,Wood / Bamboo,Wall,3350,119,431
MASTUNG DISTRICT,Others,Wall,1435,20,459
MASTUNG DISTRICT,Rcc / Rbc,Roof,666,23,115
MASTUNG DISTRICT,Cement / Iron Sheets,Roof,1283,30,68
MASTUNG DISTRICT,Garder / T.Iron,Roof,8449,225,260
MASTUNG DISTRICT,Wood / Bamboo,Roof,22067,435,2784
MASTUNG DISTRICT,Others,Roof,1404,20,434
MATIARI DISTRICT,Baked Bricks / Blocks / Stone,Wall,73000,2625,4508
MATIARI DISTRICT,Unbaked Bricks / Mud,Wall,29415,537,10172
MATIARI DISTRICT,Wood / Bamboo,Wall,12229,150,6667
MATIARI DISTRICT,Others,Wall,1757,39,1157
MATIARI DISTRICT,Rcc / Rbc,Roof,6990,597,418
MATIARI DISTRICT,Cement / Iron Sheets,Roof,3559,61,283
MATIARI DISTRICT,Garder / T.Iron,Roof,69360,2090,3894
MATIARI DISTRICT,Wood / Bamboo,Roof,34896,559,16825
MATIARI DISTRICT,Others,Roof,1596,44,1084
MIANWALI DISTRICT,Baked Bricks / Blocks / Stone,Wall,190009,12798,6494
MIANWALI DISTRICT,Unbaked Bricks / Mud,Wall,17126,631,1974
MIANWALI DISTRICT,Wood / Bamboo,Wall,2930,114,573
MIANWALI DISTRICT,Others,Wall,4335,296,672
MIANWALI DISTRICT,Rcc / Rbc,Roof,10758,6552,805
MIANWALI DISTRICT,Cement / Iron Sheets,Roof,3120,348,156
MIANWALI DISTRICT,Garder / T.Iron,Roof,147880,5088,3805
MIANWALI DISTRICT,Wood / Bamboo,Roof,47328,1433,4068
MIANWALI DISTRICT,Others,Roof,5314,418,879
MIRPUR KHAS DISTRICT,Baked Bricks / Blocks / Stone,Wall,98214,10478,9885
MIRPUR KHAS DISTRICT,Unbaked Bricks / Mud,Wall,50517,1517,32693
MIRPUR KHAS DISTRICT,Wood / Bamboo,Wall,37506,605,32935
MIRPUR KHAS DISTRICT,Others,Wall,4284,168,5845
MIRPUR KHAS DISTRICT,Rcc / Rbc,Roof,27907,5756,3232
MIRPUR KHAS DISTRICT,Cement / Iron Sheets,Roof,3488,247,482
MIRPUR KHAS DISTRICT,Garder / T.Iron,Roof,59443,4222,5674
MIRPUR KHAS DISTRICT,Wood / Bamboo,Roof,96083,2366,68515
MIRPUR KHAS DISTRICT,Others,Roof,3600,177,3455
MOHMAND AGENCY,Baked Bricks / Blocks / Stone,Wall,11503,227,585
MOHMAND AGENCY,Unbaked Bricks / Mud,Wall,29786,248,1005
MOHMAND AGENCY,Wood / Bamboo,Wall,3234,39,118
MOHMAND AGENCY,Others,Wall,2535,35,69
MOHMAND AGENCY,Rcc / Rbc,Roof,2010,168,102
MOHMAND AGENCY,Cement / Iron Sheets,Roof,1022,15,22
MOHMAND AGENCY,Garder / T.Iron,Roof,7126,76,147
MOHMAND AGENCY,Wood / Bamboo,Roof,34391,252,1433
MOHMAND AGENCY,Others,Roof,2509,38,73
MULTAN DISTRICT,Baked Bricks / Blocks / Stone,Wall,523150,73898,21676
MULTAN DISTRICT,Unbaked Bricks / Mud,Wall,107259,3993,10277
MULTAN DISTRICT,Wood / Bamboo,Wall,7001,717,1235
MULTAN DISTRICT,Others,Wall,7311,897,1418
MULTAN DISTRICT,Rcc / Rbc,Roof,141502,33036,6590
MULTAN DISTRICT,Cement / Iron Sheets,Roof,12269,2172,496
MULTAN DISTRICT,Garder / T.Iron,Roof,382935,34614,13027
MULTAN DISTRICT,Wood / Bamboo,Roof,99905,8376,13050
MULTAN DISTRICT,Others,Roof,8110,1307,1443
MUSAKHEL DISTRICT,Baked Bricks / Blocks / Stone,Wall,9841,60,91
MUSAKHEL DISTRICT,Unbaked Bricks / Mud,Wall,8967,211,91
MUSAKHEL DISTRICT,Wood / Bamboo,Wall,2728,21,25
MUSAKHEL DISTRICT,Others,Wall,2249,14,27
MUSAKHEL DISTRICT,Rcc / Rbc,Roof,440,11,28
MUSAKHEL DISTRICT,Cement / Iron Sheets,Roof,316,13,3
MUSAKHEL DISTRICT,Garder / T.Iron,Roof,3463,19,15
MUSAKHEL DISTRICT,Wood / Bamboo,Roof,17282,252,162
MUSAKHEL DISTRICT,Others,Roof,2284,11,26
MUZAFFARGARH DISTRICT,Baked Bricks / Blocks / Stone,Wall,419493,15201,8538
MUZAFFARGARH DISTRICT,Unbaked Bricks / Mud,Wall,188320,1633,6319
MUZAFFARGARH DISTRICT,Wood / Bamboo,Wall,9731,186,817
MUZAFFARGARH DISTRICT,Others,Wall,7629,212,803
MUZAFFARGARH DISTRICT,Rcc / Rbc,Roof,20402,4550,1251
MUZAFFARGARH DISTRICT,Cement / Iron Sheets,Roof,10651,484,486
MUZAFFARGARH DISTRICT,Garder / T.Iron,Roof,441868,9941,7049
MUZAFFARGARH DISTRICT,Wood / Bamboo,Roof,143278,2049,6777
MUZAFFARGARH DISTRICT,Others,Roof,8974,208,914
NANKANA SAHIB DISTRICT,Baked Bricks / Blocks / Stone,Wall,171957,9888,10401
NANKANA SAHIB DISTRICT,Unbaked Bricks / Mud,Wall,12519,505,6587
NANKANA SAHIB DISTRICT,Wood / Bamboo,Wall,1069,53,305
NANKANA SAHIB DISTRICT,Others,Wall,1883,85,526
NANKANA SAHIB DISTRICT,Rcc / Rbc,Roof,24913,2909,1182
NANKANA SAHIB DISTRICT,Cement / Iron Sheets,Roof,4022,344,347
NANKANA SAHIB DISTRICT,Garder / T.Iron,Roof,102167,4250,4975
NANKANA SAHIB DISTRICT,Wood / Bamboo,Roof,53121,2857,10414
NANKANA SAHIB DISTRICT,Others,Roof,3205,171,901
NAROWAL DISTRICT,Baked Bricks / Blocks / Stone,Wall,215715,7596,3103
NAROWAL DISTRICT,Unbaked Bricks / Mud,Wall,9045,199,205
NAROWAL DISTRICT,Wood / Bamboo,Wall,1182,56,104
NAROWAL DISTRICT,Others,Wall,2658,86,116
NAROWAL DISTRICT,Rcc / Rbc,Roof,70112,4506,966
NAROWAL DISTRICT,Cement / Iron Sheets,Roof,5521,251,126
NAROWAL DISTRICT,Garder / T.Iron,Roof,104040,2048,1290
NAROWAL DISTRICT,Wood / Bamboo,Roof,44762,1028,974
NAROWAL DISTRICT,Others,Roof,4165,104,172
NASIRABAD DISTRICT,Baked Bricks / Blocks / Stone,Wall,7306,929,416
NASIRABAD DISTRICT,Unbaked Bricks / Mud,Wall,28354,1050,9018
NASIRABAD DISTRICT,Wood / Bamboo,Wall,5746,153,3916
NASIRABAD DISTRICT,Others,Wall,3654,108,3652
NASIRABAD DISTRICT,Rcc / Rbc,Roof,472,292,53
NASIRABAD DISTRICT,Cement / Iron Sheets,Roof,1207,97,139
NASIRABAD DISTRICT,Garder / T.Iron,Roof,13646,748,875
NASIRABAD DISTRICT,Wood / Bamboo,Roof,26678,993,12927
NASIRABAD DISTRICT,Others,Roof,3057,110,3008
NAUSHAHRO FEROZE DISTRICT,Baked Bricks / Blocks / Stone,Wall,118906,8038,2046
NAUSHAHRO FEROZE DISTRICT,Unbaked Bricks / Mud,Wall,105790,1659,5164
NAUSHAHRO FEROZE DISTRICT,Wood / Bamboo,Wall,23859,357,4156
NAUSHAHRO FEROZE DISTRICT,Others,Wall,4889,148,788
NAUSHAHRO FEROZE DISTRICT,Rcc / Rbc,Roof,7217,935,272
NAUSHAHRO FEROZE DISTRICT,Cement / Iron Sheets,Roof,6654,217,102
NAUSHAHRO FEROZE DISTRICT,Garder / T.Iron,Roof,148814,7513,2433
NAUSHAHRO FEROZE DISTRICT,Wood / Bamboo,Roof,86596,1393,8686
NAUSHAHRO FEROZE DISTRICT,Others,Roof,4163,144,661
NORTH WAZIRISTAN AGENCY,Baked Bricks / Blocks / Stone,Wall,11837,361,446
NORTH WAZIRISTAN AGENCY,Unbaked Bricks / Mud,Wall,38667,603,896
NORTH WAZIRISTAN AGENCY,Wood / Bamboo,Wall,2757,83,61
NORTH WAZIRISTAN AGENCY,Others,Wall,2916,114,139
NORTH WAZIRISTAN AGENCY,Rcc / Rbc,Roof,607,198,120
NORTH WAZIRISTAN AGENCY,Cement / Iron Sheets,Roof,887,45,96
NORTH WAZIRISTAN AGENCY,Garder / T.Iron,Roof,28339,238,408
NORTH WAZIRISTAN AGENCY,Wood / Bamboo,Roof,23455,565,773
NORTH WAZIRISTAN AGENCY,Others,Roof,2889,115,145
NOWSHERA DISTRICT,Baked Bricks / Blocks / Stone,Wall,142563,23445,6353
NOWSHERA DISTRICT,Unbaked Bricks / Mud,Wall,13995,2766,1978
NOWSHERA DISTRICT,Wood / Bamboo,Wall,1276,301,336
NOWSHERA DISTRICT,Others,Wall,1647,319,408
NOWSHERA DISTRICT,Rcc / Rbc,Roof,71111,13898,3363
NOWSHERA DISTRICT,Cement / Iron Sheets,Roof,8036,2047,338
NOWSHERA DISTRICT,Garder / T.Iron,Roof,25883,3304,1200
NOWSHERA DISTRICT,Wood / Bamboo,Roof,52418,7226,3799
NOWSHERA DISTRICT,Others,Roof,2033,356,375
NUSHKI DISTRICT,Baked Bricks / Blocks / Stone,Wall,2842,407,90
NUSHKI DISTRICT,Unbaked Bricks / Mud,Wall,16093,505,543
NUSHKI DISTRICT,Wood / Bamboo,Wall,1308,15,61
NUSHKI DISTRICT,Others,Wall,350,18,101
NUSHKI DISTRICT,Rcc / Rbc,Roof,559,121,56
NUSHKI DISTRICT,Cement / Iron Sheets,Roof,113,4,6
NUSHKI DISTRICT,Garder / T.Iron,Roof,2985,310,32
NUSHKI DISTRICT,Wood / Bamboo,Roof,16646,494,625
NUSHKI DISTRICT,Others,Roof,290,16,76
OKARA DISTRICT,Baked Bricks / Blocks / Stone,Wall,364383,27047,25801
OKARA DISTRICT,Unbaked Bricks / Mud,Wall,41925,1402,18021
OKARA DISTRICT,Wood / Bamboo,Wall,3060,150,1310
OKARA DISTRICT,Others,Wall,3176,264,1037
OKARA DISTRICT,Rcc / Rbc,Roof,48390,10360,2272
OKARA DISTRICT,Cement / Iron Sheets,Roof,8414,1062,667
OKARA DISTRICT,Garder / T.Iron,Roof,297053,13642,23439
OKARA DISTRICT,Wood / Bamboo,Roof,54011,3329,18435
OKARA DISTRICT,Others,Roof,4676,470,1356
ORAKZAI AGENCY,Baked Bricks / Blocks / Stone,Wall,9005,70,401
ORAKZAI AGENCY,Unbaked Bricks / Mud,Wall,18330,318,773
ORAKZAI AGENCY,Wood / Bamboo,Wall,872,15,34
ORAKZAI AGENCY,Others,Wall,1291,23,45
ORAKZAI AGENCY,Rcc / Rbc,Roof,569,10,34
ORAKZAI AGENCY,Cement / Iron Sheets,Roof,401,13,65
ORAKZAI AGENCY,Garder / T.Iron,Roof,1547,16,87
ORAKZAI AGENCY,Wood / Bamboo,Roof,25383,363,1015
ORAKZAI AGENCY,Others,Roof,1598,24,52
PAKPATTAN DISTRICT,Baked Bricks / Blocks / Stone,Wall,216700,11169,18628
PAKPATTAN DISTRICT,Unbaked Bricks / Mud,Wall,39205,1317,12255
PAKPATTAN DISTRICT,Wood / Bamboo,Wall,1097,76,570
PAKPATTAN DISTRICT,Others,Wall,2378,143,739
PAKPATTAN DISTRICT,Rcc / Rbc,Roof,16776,2530,1046
PAKPATTAN DISTRICT,Cement / Iron Sheets,Roof,2864,257,246
PAKPATTAN DISTRICT,Garder / T.Iron,Roof,211592,8179,19663
PAKPATTAN DISTRICT,Wood / Bamboo,Roof,25073,1469,10184
PAKPATTAN DISTRICT,Others,Roof,3075,270,1053
PANJGUR DISTRICT,Baked Bricks / Blocks / Stone,Wall,4617,108,76
PANJGUR DISTRICT,Unbaked Bricks / Mud,Wall,27352,168,55
PANJGUR DISTRICT,Wood / Bamboo,Wall,7321,72,8
PANJGUR DISTRICT,Others,Wall,2445,33,5
PANJGUR DISTRICT,Rcc / Rbc,Roof,1803,29,60
PANJGUR DISTRICT,Cement / Iron Sheets,Roof,1685,18,7
PANJGUR DISTRICT,Garder / T.Iron,Roof,8558,176,26
PANJGUR DISTRICT,Wood / Bamboo,Roof,28333,145,42
PANJGUR DISTRICT,Others,Roof,1356,13,9
PESHAWAR DISTRICT,Baked Bricks / Blocks / Stone,Wall,243777,108837,10232
PESHAWAR DISTRICT,Unbaked Bricks / Mud,Wall,66676,25929,9978
PESHAWAR DISTRICT,Wood / Bamboo,Wall,5583,3308,671
PESHAWAR DISTRICT,Others,Wall,11497,4717,989
PESHAWAR DISTRICT,Rcc / Rbc,Roof,165388,83145,6322
PESHAWAR DISTRICT,Cement / Iron Sheets,Roof,16907,6851,584
PESHAWAR DISTRICT,Garder / T.Iron,Roof,39067,10326,1926
PESHAWAR DISTRICT,Wood / Bamboo,Roof,94125,37252,12080
PESHAWAR DISTRICT,Others,Roof,12046,5217,958
PISHIN DISTRICT,Baked Bricks / Blocks / Stone,Wall,10800,721,635
PISHIN DISTRICT,Unbaked Bricks / Mud,Wall,83401,1920,7414
PISHIN DISTRICT,Wood / Bamboo,Wall,10757,528,1174
PISHIN DISTRICT,Others,Wall,6700,152,995
PISHIN DISTRICT,Rcc / Rbc,Roof,2285,257,181
PISHIN DISTRICT,Cement / Iron Sheets,Roof,3093,240,201
PISHIN DISTRICT,Garder / T.Iron,Roof,30586,687,816
PISHIN DISTRICT,Wood / Bamboo,Roof,73757,2078,8076
PISHIN DISTRICT,Others,Roof,1937,59,944
QUETTA DISTRICT,Baked Bricks / Blocks / Stone,Wall,95400,49504,4907
QUETTA DISTRICT,Unbaked Bricks / Mud,Wall,71260,26903,4688
QUETTA DISTRICT,Wood / Bamboo,Wall,6118,2757,993
QUETTA DISTRICT,Others,Wall,5718,2036,1044
QUETTA DISTRICT,Rcc / Rbc,Roof,45434,29479,3117
QUETTA DISTRICT,Cement / Iron Sheets,Roof,8416,5234,495
QUETTA DISTRICT,Garder / T.Iron,Roof,92158,29185,2467
QUETTA DISTRICT,Wood / Bamboo,Roof,26410,15000,4326
QUETTA DISTRICT,Others,Roof,6078,2302,1227
RAHIM YAR KHAN DISTRICT,Baked Bricks / Blocks / Stone,Wall,451557,33265,23438
RAHIM YAR KHAN DISTRICT,Unbaked Bricks / Mud,Wall,146285,1755,15860
RAHIM YAR KHAN DISTRICT,Wood / Bamboo,Wall,10793,231,3937
RAHIM YAR KHAN DISTRICT,Others,Wall,10688,366,2008
RAHIM YAR KHAN DISTRICT,Rcc / Rbc,Roof,39129,9547,2367
RAHIM YAR KHAN DISTRICT,Cement / Iron Sheets,Roof,9521,751,645
RAHIM YAR KHAN DISTRICT,Garder / T.Iron,Roof,501475,23661,24634
RAHIM YAR KHAN DISTRICT,Wood / Bamboo,Roof,59922,1292,15667
RAHIM YAR KHAN DISTRICT,Others,Roof,9276,366,1930
RAJANPUR DISTRICT,Baked Bricks / Blocks / Stone,Wall,110797,6332,4088
RAJANPUR DISTRICT,Unbaked Bricks / Mud,Wall,104925,1354,6452
RAJANPUR DISTRICT,Wood / Bamboo,Wall,14302,315,1677
RAJANPUR DISTRICT,Others,Wall,9595,192,1414
RAJANPUR DISTRICT,Rcc / Rbc,Roof,5247,723,330
RAJANPUR DISTRICT,Cement / Iron Sheets,Roof,3366,103,189
RAJANPUR DISTRICT,Garder / T.Iron,Roof,126989,5421,4239
RAJANPUR DISTRICT,Wood / Bamboo,Roof,93667,1739,7395
RAJANPUR DISTRICT,Others,Roof,10350,207,1478
RAWALPINDI DISTRICT,Baked Bricks / Blocks / Stone,Wall,558994,247542,33988
RAWALPINDI DISTRICT,Unbaked Bricks / Mud,Wall,18957,3856,2311
RAWALPINDI DISTRICT,Wood / Bamboo,Wall,1768,787,1152
RAWALPINDI DISTRICT,Others,Wall,7110,3329,1102
RAWALPINDI DISTRICT,Rcc / Rbc,Roof,377757,211656,24280
RAWALPINDI DISTRICT,Cement / Iron Sheets,Roof,95589,31021,5670
RAWALPINDI DISTRICT,Garder / T.Iron,Roof,88194,5921,4229
RAWALPINDI DISTRICT,Wood / Bamboo,Roof,15816,2542,3041
RAWALPINDI DISTRICT,Others,Roof,9473,4374,1333
SAHIWAL DISTRICT,Baked Bricks / Blocks / Stone,Wall,316659,23090,16766
SAHIWAL DISTRICT,Unbaked Bricks / Mud,Wall,20788,984,5773
SAHIWAL DISTRICT,Wood / Bamboo,Wall,1742,143,631
SAHIWAL DISTRICT,Others,Wall,3896,228,973
SAHIWAL DISTRICT,Rcc / Rbc,Roof,32232,7665,1537
SAHIWAL DISTRICT,Cement / Iron Sheets,Roof,6648,905,297
SAHIWAL DISTRICT,Garder / T.Iron,Roof,272054,13673,13768
SAHIWAL DISTRICT,Wood / Bamboo,Roof,27290,1820,7474
SAHIWAL DISTRICT,Others,Roof,4861,382,1067
SANGHAR DISTRICT,Baked Bricks / Blocks / Stone,Wall,152803,11111,10449
SANGHAR DISTRICT,Unbaked Bricks / Mud,Wall,60023,1661,25083
SANGHAR DISTRICT,Wood / Bamboo,Wall,60417,1326,35453
SANGHAR DISTRICT,Others,Wall,7226,326,5260
SANGHAR DISTRICT,Rcc / Rbc,Roof,21834,3803,1790
SANGHAR DISTRICT,Cement / Iron Sheets,Roof,6729,274,770
SANGHAR DISTRICT,Garder / T.Iron,Roof,120255,6956,7856
SANGHAR DISTRICT,Wood / Bamboo,Roof,125486,3090,61166
SANGHAR DISTRICT,Others,Roof,6165,301,4663
SARGODHA DISTRICT,Baked Bricks / Blocks / Stone,Wall,477221,34036,34343
SARGODHA DISTRICT,Unbaked Bricks / Mud,Wall,27492,2037,5809
SARGODHA DISTRICT,Wood / Bamboo,Wall,4072,325,1038
SARGODHA DISTRICT,Others,Wall,4127,280,1264
SARGODHA DISTRICT,Rcc / Rbc,Roof,65408,13807,4465
SARGODHA DISTRICT,Cement / Iron Sheets,Roof,14233,1863,1311
SARGODHA DISTRICT,Garder / T.Iron,Roof,259178,12240,13667
SARGODHA DISTRICT,Wood / Bamboo,Roof,168002,8432,21635
SARGODHA DISTRICT,Others,Roof,6091,336,1376
SHAHEED BENAZIRABAD DISTRICT,Baked Bricks / Blocks / Stone,Wall,122243,11583,4629
SHAHEED BENAZIRABAD DISTRICT,Unbaked Bricks / Mud,Wall,90672,2121,14519
SHAHEED BENAZIRABAD DISTRICT,Wood / Bamboo,Wall,27949,889,10379
SHAHEED BENAZIRABAD DISTRICT,Others,Wall,6383,348,3666
SHAHEED BENAZIRABAD DISTRICT,Rcc / Rbc,Roof,15400,3473,960
SHAHEED BENAZIRABAD DISTRICT,Cement / Iron Sheets,Roof,7292,501,278
SHAHEED BENAZIRABAD DISTRICT,Garder / T.Iron,Roof,119005,8282,4242
SHAHEED BENAZIRABAD DISTRICT,Wood / Bamboo,Roof,98483,2348,24353
SHAHEED BENAZIRABAD DISTRICT,Others,Roof,7067,337,3360
SHANGLA DISTRICT,Baked Bricks / Blocks / Stone,Wall,50826,2174,2043
SHANGLA DISTRICT,Unbaked Bricks / Mud,Wall,20631,984,1725
SHANGLA DISTRICT,Wood / Bamboo,Wall,6390,756,371
SHANGLA DISTRICT,Others,Wall,2033,336,117
SHANGLA DISTRICT,Rcc / Rbc,Roof,10857,579,153
SHANGLA DISTRICT,Cement / Iron Sheets,Roof,26512,605,664
SHANGLA DISTRICT,Garder / T.Iron,Roof,1365,93,53
SHANGLA DISTRICT,Wood / Bamboo,Roof,37889,2635,3183
SHANGLA DISTRICT,Others,Roof,3257,338,203
SHEIKHUPURA DISTRICT,Baked Bricks / Blocks / Stone,Wall,419796,50225,19538
SHEIKHUPURA DISTRICT,Unbaked Bricks / Mud,Wall,13287,1070,2421
SHEIKHUPURA DISTRICT,Wood / Bamboo,Wall,2653,307,418
SHEIKHUPURA DISTRICT,Others,Wall,5096,662,722
SHEIKHUPURA DISTRICT,Rcc / Rbc,Roof,187018,30200,8308
SHEIKHUPURA DISTRICT,Cement / Iron Sheets,Roof,25737,4223,1487
SHEIKHUPURA DISTRICT,Garder / T.Iron,Roof,132271,9697,4893
SHEIKHUPURA DISTRICT,Wood / Bamboo,Roof,88816,7318,7546
SHEIKHUPURA DISTRICT,Others,Roof,6990,826,865
SHERANI DISTRICT,Baked Bricks / Blocks / Stone,Wall,13311,50,126
SHERANI DISTRICT,Unbaked Bricks / Mud,Wall,3913,42,69
SHERANI DISTRICT,Wood / Bamboo,Wall,1857,9,4
SHERANI DISTRICT,Others,Wall,914,5,7
SHERANI DISTRICT,Rcc / Rbc,Roof,153,3,2
SHERANI DISTRICT,Cement / Iron Sheets,Roof,159,1,1
SHERANI DISTRICT,Garder / T.Iron,Roof,2040,39,22
SHERANI DISTRICT,Wood / Bamboo,Roof,16476,56,170
SHERANI DISTRICT,Others,Roof,1167,7,11
SHIKARPUR DISTRICT,Baked Bricks / Blocks / Stone,Wall,66939,3855,2664
SHIKARPUR DISTRICT,Unbaked Bricks / Mud,Wall,80741,1714,7003
SHIKARPUR DISTRICT,Wood / Bamboo,Wall,27502,395,3622
SHIKARPUR DISTRICT,Others,Wall,6598,65,1268
SHIKARPUR DISTRICT,Rcc / Rbc,Roof,3137,506,183
SHIKARPUR DISTRICT,Cement / Iron Sheets,Roof,4811,215,216
SHIKARPUR DISTRICT,Garder / T.Iron,Roof,67716,3480,2074
SHIKARPUR DISTRICT,Wood / Bamboo,Roof,99853,1755,10942
SHIKARPUR DISTRICT,Others,Roof,6263,73,1142
SIALKOT DISTRICT,Baked Bricks / Blocks / Stone,Wall,481061,55198,16012
SIALKOT DISTRICT,Unbaked Bricks / Mud,Wall,9371,1361,750
SIALKOT DISTRICT,Wood / Bamboo,Wall,1917,395,534
SIALKOT DISTRICT,Others,Wall,5418,638,691
SIALKOT DISTRICT,Rcc / Rbc,Roof,327676,40614,8882
SIALKOT DISTRICT,Cement / Iron Sheets,Roof,21603,4092,993
SIALKOT DISTRICT,Garder / T.Iron,Roof,61866,6287,2391
SIALKOT DISTRICT,Wood / Bamboo,Roof,79064,5837,4930
SIALKOT DISTRICT,Others,Roof,7558,762,791
SIBI DISTRICT,Baked Bricks / Blocks / Stone,Wall,4451,1233,503
SIBI DISTRICT,Unbaked Bricks / Mud,Wall,13910,1089,2188
SIBI DISTRICT,Wood / Bamboo,Wall,1642,53,573
SIBI DISTRICT,Others,Wall,820,53,662
SIBI DISTRICT,Rcc / Rbc,Roof,407,374,105
SIBI DISTRICT,Cement / Iron Sheets,Roof,210,30,30
SIBI DISTRICT,Garder / T.Iron,Roof,6870,1076,549
SIBI DISTRICT,Wood / Bamboo,Roof,12550,882,2646
SIBI DISTRICT,Others,Roof,786,66,596
SOHBATPUR DISTRICT,Baked Bricks / Blocks / Stone,Wall,5089,171,1136
SOHBATPUR DISTRICT,Unbaked Bricks / Mud,Wall,7577,85,5771
SOHBATPUR DISTRICT,Wood / Bamboo,Wall,3217,51,4891
SOHBATPUR DISTRICT,Others,Wall,1051,19,1056
SOHBATPUR DISTRICT,Rcc / Rbc,Roof,228,8,42
SOHBATPUR DISTRICT,Cement / Iron Sheets,Roof,567,3,196
SOHBATPUR DISTRICT,Garder / T.Iron,Roof,4392,113,609
SOHBATPUR DISTRICT,Wood / Bamboo,Roof,10932,187,11345
SOHBATPUR DISTRICT,Others,Roof,815,15,662
SOUTH WAZIRISTAN AGENCY,Baked Bricks / Blocks / Stone,Wall,3980,200,143
SOUTH WAZIRISTAN AGENCY,Unbaked Bricks / Mud,Wall,61845,1369,874
SOUTH WAZIRISTAN AGENCY,Wood / Bamboo,Wall,5053,187,68
SOUTH WAZIRISTAN AGENCY,Others,Wall,5571,111,282
SOUTH WAZIRISTAN AGENCY,Rcc / Rbc,Roof,226,24,37
SOUTH WAZIRISTAN AGENCY,Cement / Iron Sheets,Roof,1230,92,40
SOUTH WAZIRISTAN AGENCY,Garder / T.Iron,Roof,8428,140,198
SOUTH WAZIRISTAN AGENCY,Wood / Bamboo,Roof,60635,1444,815
SOUTH WAZIRISTAN AGENCY,Others,Roof,5930,167,277
SUJAWAL DISTRICT,Baked Bricks / Blocks / Stone,Wall,25134,1173,640
SUJAWAL DISTRICT,Unbaked Bricks / Mud,Wall,22836,121,359
SUJAWAL DISTRICT,Wood / Bamboo,Wall,92467,298,3906
SUJAWAL DISTRICT,Others,Wall,4652,22,365
SUJAWAL DISTRICT,Rcc / Rbc,Roof,8280,724,403
SUJAWAL DISTRICT,Cement / Iron Sheets,Roof,3782,63,51
SUJAWAL DISTRICT,Garder / T.Iron,Roof,16187,396,270
SUJAWAL DISTRICT,Wood / Bamboo,Roof,114093,408,4182
SUJAWAL DISTRICT,Others,Roof,2747,23,364
SUKKUR DISTRICT,Baked Bricks / Blocks / Stone,Wall,123878,19296,3605
SUKKUR DISTRICT,Unbaked Bricks / Mud,Wall,65847,2579,2678
SUKKUR DISTRICT,Wood / Bamboo,Wall,31054,629,3057
SUKKUR DISTRICT,Others,Wall,3388,130,873
SUKKUR DISTRICT,Rcc / Rbc,Roof,14706,7092,858
SUKKUR DISTRICT,Cement / Iron Sheets,Roof,7080,1378,238
SUKKUR DISTRICT,Garder / T.Iron,Roof,129155,11948,2983
SUKKUR DISTRICT,Wood / Bamboo,Roof,70574,1989,5482
SUKKUR DISTRICT,Others,Roof,2652,227,652
SWABI DISTRICT,Baked Bricks / Blocks / Stone,Wall,159591,14979,9299
SWABI DISTRICT,Unbaked Bricks / Mud,Wall,13438,3668,5800
SWABI DISTRICT,Wood / Bamboo,Wall,1417,363,877
SWABI DISTRICT,Others,Wall,1436,166,294
SWABI DISTRICT,Rcc / Rbc,Roof,93133,7242,4164
SWABI DISTRICT,Cement / Iron Sheets,Roof,12213,2165,1051
SWABI DISTRICT,Garder / T.Iron,Roof,42716,4243,2756
SWABI DISTRICT,Wood / Bamboo,Roof,25974,5263,7983
SWABI DISTRICT,Others,Roof,1846,263,316
SWAT DISTRICT,Baked Bricks / Blocks / Stone,Wall,171074,25985,5306
SWAT DISTRICT,Unbaked Bricks / Mud,Wall,37646,8292,4058
SWAT DISTRICT,Wood / Bamboo,Wall,11086,1676,1099
SWAT DISTRICT,Others,Wall,3716,750,286
SWAT DISTRICT,Rcc / Rbc,Roof,100981,17377,1650
SWAT DISTRICT,Cement / Iron Sheets,Roof,33508,4586,813
SWAT DISTRICT,Garder / T.Iron,Roof,4570,1115,268
SWAT DISTRICT,Wood / Bamboo,Roof,78719,12397,7506
SWAT DISTRICT,Others,Roof,5744,1228,512
TANDO ALLAHYAR DISTRICT,Baked Bricks / Blocks / Stone,Wall,72217,4213,4310
TANDO ALLAHYAR DISTRICT,Unbaked Bricks / Mud,Wall,30992,504,21817
TANDO ALLAHYAR DISTRICT,Wood / Bamboo,Wall,13544,448,11476
TANDO ALLAHYAR DISTRICT,Others,Wall,2312,79,2261
TANDO ALLAHYAR DISTRICT,Rcc / Rbc,Roof,11252,1207,640
TANDO ALLAHYAR DISTRICT,Cement / Iron Sheets,Roof,3216,266,448
TANDO ALLAHYAR DISTRICT,Garder / T.Iron,Roof,55851,2722,3925
TANDO ALLAHYAR DISTRICT,Wood / Bamboo,Roof,46205,970,32580
TANDO ALLAHYAR DISTRICT,Others,Roof,2541,79,2271
TANDO MUHAMMAD KHAN DISTRICT,Baked Bricks / Blocks / Stone,Wall,47052,2422,2013
TANDO MUHAMMAD KHAN DISTRICT,Unbaked Bricks / Mud,Wall,29844,264,5419
TANDO MUHAMMAD KHAN DISTRICT,Wood / Bamboo,Wall,33961,269,4857
TANDO MUHAMMAD KHAN DISTRICT,Others,Wall,3787,46,1032
TANDO MUHAMMAD KHAN DISTRICT,Rcc / Rbc,Roof,7559,1013,312
TANDO MUHAMMAD KHAN DISTRICT,Cement / Iron Sheets,Roof,1621,57,183
TANDO MUHAMMAD KHAN DISTRICT,Garder / T.Iron,Roof,35200,1331,1256
TANDO MUHAMMAD KHAN DISTRICT,Wood / Bamboo,Roof,66936,556,10672
TANDO MUHAMMAD KHAN DISTRICT,Others,Roof,3328,44,898
TANK DISTRICT,Baked Bricks / Blocks / Stone,Wall,10844,1033,341
TANK DISTRICT,Unbaked Bricks / Mud,Wall,25933,505,609
TANK DISTRICT,Wood / Bamboo,Wall,1631,51,72
TANK DISTRICT,Others,Wall,1419,51,126
TANK DISTRICT,Rcc / Rbc,Roof,326,99,36
TANK DISTRICT,Cement / Iron Sheets,Roof,842,38,29
TANK DISTRICT,Garder / T.Iron,Roof,23600,968,555
TANK DISTRICT,Wood / Bamboo,Roof,13879,489,443
TANK DISTRICT,Others,Roof,1180,46,85
THARPARKAR DISTRICT,Baked Bricks / Blocks / Stone,Wall,55418,1039,482
THARPARKAR DISTRICT,Unbaked Bricks / Mud,Wall,190865,437,2216
THARPARKAR DISTRICT,Wood / Bamboo,Wall,42332,169,1092
THARPARKAR DISTRICT,Others,Wall,5729,43,141
THARPARKAR DISTRICT,Rcc / Rbc,Roof,1089,144,36
THARPARKAR DISTRICT,Cement / Iron Sheets,Roof,4046,31,54
THARPARKAR DISTRICT,Garder / T.Iron,Roof,49581,890,440
THARPARKAR DISTRICT,Wood / Bamboo,Roof,234088,593,3315
THARPARKAR DISTRICT,Others,Roof,5540,30,86
THATTA DISTRICT,Baked Bricks / Blocks / Stone,Wall,56415,5242,1956
THATTA DISTRICT,Unbaked Bricks / Mud,Wall,18905,257,902
THATTA DISTRICT,Wood / Bamboo,Wall,84167,546,4451
THATTA DISTRICT,Others,Wall,7175,112,460
THATTA DISTRICT,Rcc / Rbc,Roof,16068,2319,755
THATTA DISTRICT,Cement / Iron Sheets,Roof,25617,2348,853
THATTA DISTRICT,Garder / T.Iron,Roof,22587,734,358
THATTA DISTRICT,Wood / Bamboo,Roof,94693,666,5360
THATTA DISTRICT,Others,Roof,7697,90,443
TOBA TEK SINGH DISTRICT,Baked Bricks / Blocks / Stone,Wall,277357,16246,11376
TOBA TEK SINGH DISTRICT,Unbaked Bricks / Mud,Wall,22094,915,3613
TOBA TEK SINGH DISTRICT,Wood / Bamboo,Wall,1501,116,334
TOBA TEK SINGH DISTRICT,Others,Wall,3593,254,782
TOBA TEK SINGH DISTRICT,Rcc / Rbc,Roof,19741,3657,818
TOBA TEK SINGH DISTRICT,Cement / Iron Sheets,Roof,5082,539,250
TOBA TEK SINGH DISTRICT,Garder / T.Iron,Roof,228732,10681,8425
TOBA TEK SINGH DISTRICT,Wood / Bamboo,Roof,45147,2308,5707
TOBA TEK SINGH DISTRICT,Others,Roof,5843,346,905
TORGHAR DISTRICT,Baked Bricks / Blocks / Stone,Wall,15832,2213,1241
TORGHAR DISTRICT,Unbaked Bricks / Mud,Wall,4117,340,472
TORGHAR DISTRICT,Wood / Bamboo,Wall,1037,175,110
TORGHAR DISTRICT,Others,Wall,557,136,51
TORGHAR DISTRICT,Rcc / Rbc,Roof,892,31,68
TORGHAR DISTRICT,Cement / Iron Sheets,Roof,1012,60,31
TORGHAR DISTRICT,Garder / T.Iron,Roof,119,11,5
TORGHAR DISTRICT,Wood / Bamboo,Roof,18766,2636,1715
TORGHAR DISTRICT,Others,Roof,754,126,55
UMER KOT DISTRICT,Baked Bricks / Blocks / Stone,Wall,52822,3016,2519
UMER KOT DISTRICT,Unbaked Bricks / Mud,Wall,65287,861,29104
UMER KOT DISTRICT,Wood / Bamboo,Wall,29096,789,21327
UMER KOT DISTRICT,Others,Wall,3160,155,1826
UMER KOT DISTRICT,Rcc / Rbc,Roof,3994,685,255
UMER KOT DISTRICT,Cement / Iron Sheets,Roof,2749,37,402
UMER KOT DISTRICT,Garder / T.Iron,Roof,50122,2228,2659
UMER KOT DISTRICT,Wood / Bamboo,Roof,90056,1721,49759
UMER KOT DISTRICT,Others,Roof,3444,150,1701
UPPER DIR DISTRICT,Baked Bricks / Blocks / Stone,Wall,84658,1313,3251
UPPER DIR DISTRICT,Unbaked Bricks / Mud,Wall,19280,513,991
UPPER DIR DISTRICT,Wood / Bamboo,Wall,6564,132,256
UPPER DIR DISTRICT,Others,Wall,1995,31,117
UPPER DIR DISTRICT,Rcc / Rbc,Roof,14238,505,233
UPPER DIR DISTRICT,Cement / Iron Sheets,Roof,13819,365,320
UPPER DIR DISTRICT,Garder / T.Iron,Roof,1516,87,62
UPPER DIR DISTRICT,Wood / Bamboo,Roof,79409,970,3817
UPPER DIR DISTRICT,Others,Roof,3515,62,183
VEHARI DISTRICT,Baked Bricks / Blocks / Stone,Wall,352151,18235,18336
VEHARI DISTRICT,Unbaked Bricks / Mud,Wall,49315,1153,10252
VEHARI DISTRICT,Wood / Bamboo,Wall,2033,88,784
VEHARI DISTRICT,Others,Wall,5283,196,1231
VEHARI DISTRICT,Rcc / Rbc,Roof,27552,5558,1235
VEHARI DISTRICT,Cement / Iron Sheets,Roof,3696,327,238
VEHARI DISTRICT,Garder / T.Iron,Roof,341510,12410,18549
VEHARI DISTRICT,Wood / Bamboo,Roof,31217,1096,9304
VEHARI DISTRICT,Others,Roof,4807,281,1277
WASHUK DISTRICT,Baked Bricks / Blocks / Stone,Wall,1066,17,19
WASHUK DISTRICT,Unbaked Bricks / Mud,Wall,21393,108,126
WASHUK DISTRICT,Wood / Bamboo,Wall,5413,21,114
WASHUK DISTRICT,Others,Wall,2544,18,36
WASHUK DISTRICT,Rcc / Rbc,Roof,230,7,13
WASHUK DISTRICT,Cement / Iron Sheets,Roof,319,13,5
WASHUK DISTRICT,Garder / T.Iron,Roof,3378,24,11
WASHUK DISTRICT,Wood / Bamboo,Roof,23147,98,218
WASHUK DISTRICT,Others,Roof,3342,22,48
ZHOB DISTRICT,Baked Bricks / Blocks / Stone,Wall,21016,2092,361
ZHOB DISTRICT,Unbaked Bricks / Mud,Wall,11133,1919,819
ZHOB DISTRICT,Wood / Bamboo,Wall,4158,532,236
ZHOB DISTRICT,Others,Wall,2170,214,189
ZHOB DISTRICT,Rcc / Rbc,Roof,1095,564,100
ZHOB DISTRICT,Cement / Iron Sheets,Roof,507,290,159
ZHOB DISTRICT,Garder / T.Iron,Roof,7440,1643,157
ZHOB DISTRICT,Wood / Bamboo,Roof,26812,2071,1052
ZHOB DISTRICT,Others,Roof,2623,189,137
ZIARAT DISTRICT,Baked Bricks / Blocks / Stone,Wall,2053,111,83
ZIARAT DISTRICT,Unbaked Bricks / Mud,Wall,21075,396,753
ZIARAT DISTRICT,Wood / Bamboo,Wall,1830,16,364
ZIARAT DISTRICT,Others,Wall,1657,25,261
ZIARAT DISTRICT,Rcc / Rbc,Roof,209,8,18
ZIARAT DISTRICT,Cement / Iron Sheets,Roof,5991,151,116
ZIARAT DISTRICT,Garder / T.Iron,Roof,1815,103,53
ZIARAT DISTRICT,Wood / Bamboo,Roof,16498,258,1024
ZIARAT DISTRICT,Others,Roof,2102,28,250
