district,hhsize,room_in_house_1,room_in_house_2,room_in_house_3,room_in_house_4,room_in_house_5,room_in_house_6,room_in_house_7,room_in_house_8,room_in_house_9
ABBOTTABAD DISTRICT,1 PERSON,2491,1497,638,248,87,67,31,18,35
ABBOTTABAD DISTRICT,2 PERSONS,5458,5843,1925,786,245,134,73,45,64
ABBOTTABAD DISTRICT,3 PERSONS,5685,8381,3556,1404,432,235,79,73,79
ABBOTTABAD DISTRICT,4 PERSONS,6393,11743,6045,2544,833,439,184,113,105
ABBOTTABAD DISTRICT,5 PERSONS,5906,14121,8504,3981,1265,646,224,162,155
ABBOTTABAD DISTRICT,6 PERSONS,4468,13086,8822,4380,1397,802,288,195,197
ABBOTTABAD DISTRICT,7 PERSONS,2588,9186,6965,3627,1285,687,288,186,167
ABBOTTABAD DISTRICT,8 PERSONS,1314,5759,4954,2908,1020,667,261,154,156
ABBOTTABAD DISTRICT,9 PERSONS,633,3179,3189,2123,860,498,188,152,151
ABBOTTABAD DISTRICT,10 PERSONS AND ABOVE,734,4134,5801,5421,2955,2391,981,886,1078
ATTOCK DISTRICT,1 PERSON,2977,2826,1419,661,242,108,54,60,67
ATTOCK DISTRICT,2 PERSONS,4680,8110,4238,1883,663,340,141,72,108
ATTOCK DISTRICT,3 PERSONS,4791,11144,6684,2896,1044,483,188,106,126
ATTOCK DISTRICT,4 PERSONS,5788,16197,10951,5064,1782,877,339,184,184
ATTOCK DISTRICT,5 PERSONS,5807,19407,14747,6943,2570,1227,513,263,305
ATTOCK DISTRICT,6 PERSONS,4397,16362,13722,7308,2791,1502,546,262,330
ATTOCK DISTRICT,7 PERSONS,2450,10117,10089,6017,2518,1273,573,262,288
ATTOCK DISTRICT,8 PERSONS,1257,5870,6479,4391,1895,1130,400,267,255
ATTOCK DISTRICT,9 PERSONS,637,3223,4219,3166,1483,894,355,215,231
ATTOCK DISTRICT,10 PERSONS AND ABOVE,864,4698,8119,8798,5028,3876,1706,1347,1812
AWARAN DISTRICT,1 PERSON,146,76,19,9,5,,1,,1
AWARAN DISTRICT,2 PERSONS,618,714,157,59,11,2,2,1,2
AWARAN DISTRICT,3 PERSONS,530,901,275,96,22,5,12,3,3
AWARAN DISTRICT,4 PERSONS,504,1107,394,167,24,14,10,6,6
AWARAN DISTRICT,5 PERSONS,390,1064,508,200,62,16,16,6,5
AWARAN DISTRICT,6 PERSONS,317,1016,502,251,69,21,14,2,12
AWARAN DISTRICT,7 PERSONS,210,865,515,269,93,46,23,13,8
AWARAN DISTRICT,8 PERSONS,171,551,433,252,93,39,16,7,12
AWARAN DISTRICT,9 PERSONS,105,408,307,194,82,45,23,8,12
AWARAN DISTRICT,10 PERSONS AND ABOVE,137,519,564,570,308,264,156,112,303
BADIN DISTRICT,1 PERSON,11380,669,237,73,50,11,53,10,20
BADIN DISTRICT,2 PERSONS,48544,3394,817,256,176,37,290,41,115
BADIN DISTRICT,3 PERSONS,44183,4326,900,285,181,44,251,28,123
BADIN DISTRICT,4 PERSONS,44089,5550,1159,341,177,36,283,30,89
BADIN DISTRICT,5 PERSONS,41441,6405,1391,406,202,43,241,34,101
BADIN DISTRICT,6 PERSONS,37196,6596,1440,421,228,49,258,25,88
BADIN DISTRICT,7 PERSONS,27212,5777,1351,345,178,61,161,28,81
BADIN DISTRICT,8 PERSONS,18066,4431,1074,303,124,35,106,21,52
BADIN DISTRICT,9 PERSONS,10540,3258,841,241,96,31,86,9,34
BADIN DISTRICT,10 PERSONS AND ABOVE,10471,4647,1741,656,228,87,132,27,58
BAHAWALNAGAR DISTRICT,1 PERSON,4815,2015,849,436,172,94,43,21,35
BAHAWALNAGAR DISTRICT,2 PERSONS,14902,8813,3025,1299,501,215,153,72,81
BAHAWALNAGAR DISTRICT,3 PERSONS,18215,13848,5443,2372,850,383,182,99,123
BAHAWALNAGAR DISTRICT,4 PERSONS,21993,20999,8878,4250,1491,698,320,135,177
BAHAWALNAGAR DISTRICT,5 PERSONS,23821,27931,13375,6293,2507,1116,564,266,263
BAHAWALNAGAR DISTRICT,6 PERSONS,21109,29447,14509,7258,2760,1314,609,288,303
BAHAWALNAGAR DISTRICT,7 PERSONS,14820,24188,12425,6076,2503,1183,571,270,314
BAHAWALNAGAR DISTRICT,8 PERSONS,8845,17045,9530,4864,1958,937,459,246,280
BAHAWALNAGAR DISTRICT,9 PERSONS,4708,10486,6676,3516,1487,858,374,204,192
BAHAWALNAGAR DISTRICT,10 PERSONS AND ABOVE,4739,14006,13065,9487,4852,3079,1441,1014,1203
BAHAWALPUR DISTRICT,1 PERSON,7279,2533,977,506,180,104,75,36,41
BAHAWALPUR DISTRICT,2 PERSONS,22693,10160,3417,1517,571,276,179,70,114
BAHAWALPUR DISTRICT,3 PERSONS,25502,15025,5761,2470,950,449,260,83,164
BAHAWALPUR DISTRICT,4 PERSONS,30313,23425,9453,4772,1773,823,468,196,249
BAHAWALPUR DISTRICT,5 PERSONS,31989,30318,14019,6926,2849,1321,647,281,368
BAHAWALPUR DISTRICT,6 PERSONS,28602,32262,15045,7644,3066,1444,730,325,405
BAHAWALPUR DISTRICT,7 PERSONS,20060,26312,12839,6404,2631,1285,640,338,352
BAHAWALPUR DISTRICT,8 PERSONS,12242,18815,9748,5099,2097,1118,511,281,317
BAHAWALPUR DISTRICT,9 PERSONS,6789,12035,7127,3876,1641,905,393,234,266
BAHAWALPUR DISTRICT,10 PERSONS AND ABOVE,7646,19212,17003,12194,6335,4071,1928,1414,1710
BAJAUR AGENCY,1 PERSON,236,129,96,81,44,19,14,9,11
BAJAUR AGENCY,2 PERSONS,2036,1309,433,261,81,61,33,14,17
BAJAUR AGENCY,3 PERSONS,2369,1959,749,375,118,59,35,23,25
BAJAUR AGENCY,4 PERSONS,2719,2901,1115,557,166,87,51,26,35
BAJAUR AGENCY,5 PERSONS,2736,3820,1778,869,289,125,65,39,58
BAJAUR AGENCY,6 PERSONS,2653,4669,2653,1279,409,201,98,54,83
BAJAUR AGENCY,7 PERSONS,2369,5087,3300,1703,584,258,128,76,98
BAJAUR AGENCY,8 PERSONS,1633,4582,3602,2094,750,363,138,85,120
BAJAUR AGENCY,9 PERSONS,981,3433,3432,2228,852,437,179,90,119
BAJAUR AGENCY,10 PERSONS AND ABOVE,1421,6133,9551,9968,6103,4232,1930,1272,2025
BANNU DISTRICT,1 PERSON,601,289,152,84,43,22,13,7,29
BANNU DISTRICT,2 PERSONS,1634,1069,438,168,73,48,23,13,23
BANNU DISTRICT,3 PERSONS,1763,1741,744,300,121,59,32,17,32
BANNU DISTRICT,4 PERSONS,2034,2755,1260,554,197,104,74,19,42
BANNU DISTRICT,5 PERSONS,2263,3858,2161,948,354,163,99,40,58
BANNU DISTRICT,6 PERSONS,2204,4813,3026,1400,533,261,126,59,76
BANNU DISTRICT,7 PERSONS,1743,4819,3738,1733,724,316,179,69,107
BANNU DISTRICT,8 PERSONS,1176,3989,3581,1980,794,376,175,92,94
BANNU DISTRICT,9 PERSONS,664,2843,3067,1855,832,371,185,88,88
BANNU DISTRICT,10 PERSONS AND ABOVE,1002,4654,9409,10077,6839,4737,2554,1706,2864
BARKHAN DISTRICT,1 PERSON,380,93,35,25,8,4,2,4,2
BARKHAN DISTRICT,2 PERSONS,1204,587,263,116,46,27,17,10,12
BARKHAN DISTRICT,3 PERSONS,1124,787,344,154,57,44,23,9,10
BARKHAN DISTRICT,4 PERSONS,1042,927,456,212,67,71,19,14,29
BARKHAN DISTRICT,5 PERSONS,1039,978,550,243,73,100,35,12,34
BARKHAN DISTRICT,6 PERSONS,765,916,625,270,88,105,25,17,39
BARKHAN DISTRICT,7 PERSONS,630,975,688,311,108,120,40,9,46
BARKHAN DISTRICT,8 PERSONS,402,751,557,306,108,101,38,16,50
BARKHAN DISTRICT,9 PERSONS,277,497,424,266,105,99,37,11,65
BARKHAN DISTRICT,10 PERSONS AND ABOVE,514,907,957,672,417,294,154,60,325
BATAGRAM DISTRICT,1 PERSON,406,162,46,21,7,4,1,4,3
BATAGRAM DISTRICT,2 PERSONS,2097,1798,374,104,28,28,11,5,9
BATAGRAM DISTRICT,3 PERSONS,2213,2524,629,204,72,36,18,8,10
BATAGRAM DISTRICT,4 PERSONS,2390,3366,981,366,103,46,23,10,15
BATAGRAM DISTRICT,5 PERSONS,2099,4208,1364,485,159,103,31,20,26
BATAGRAM DISTRICT,6 PERSONS,1740,4468,1608,692,217,145,29,33,26
BATAGRAM DISTRICT,7 PERSONS,1218,4053,1734,729,245,170,56,34,43
BATAGRAM DISTRICT,8 PERSONS,775,3401,1610,853,250,135,50,45,34
BATAGRAM DISTRICT,9 PERSONS,420,2253,1333,709,206,139,57,30,51
BATAGRAM DISTRICT,10 PERSONS AND ABOVE,491,3457,3196,2435,1102,875,306,311,426
BHAKKAR DISTRICT,1 PERSON,2569,1236,425,183,62,42,21,12,23
BHAKKAR DISTRICT,2 PERSONS,10803,7138,1869,695,234,109,73,20,47
BHAKKAR DISTRICT,3 PERSONS,11615,9683,3077,1140,392,184,111,41,53
BHAKKAR DISTRICT,4 PERSONS,12088,13922,5001,2014,696,313,147,64,102
BHAKKAR DISTRICT,5 PERSONS,11007,16332,6970,3032,1078,446,235,92,137
BHAKKAR DISTRICT,6 PERSONS,8945,16313,7649,3552,1201,554,269,146,195
BHAKKAR DISTRICT,7 PERSONS,5965,13089,7138,3326,1303,602,281,131,174
BHAKKAR DISTRICT,8 PERSONS,3656,9084,5643,2995,1138,561,236,126,165
BHAKKAR DISTRICT,9 PERSONS,1981,5728,4009,2379,947,486,217,99,145
BHAKKAR DISTRICT,10 PERSONS AND ABOVE,2242,7314,7389,6190,3239,2170,959,753,1100
BUNNER DISTRICT,1 PERSON,381,146,46,34,14,7,1,1,6
BUNNER DISTRICT,2 PERSONS,1429,718,208,110,34,35,17,9,14
BUNNER DISTRICT,3 PERSONS,1685,1205,359,149,54,34,23,10,17
BUNNER DISTRICT,4 PERSONS,2279,2108,705,300,83,62,35,11,24
BUNNER DISTRICT,5 PERSONS,2590,3175,1262,614,176,97,41,19,32
BUNNER DISTRICT,6 PERSONS,2751,4181,1795,848,297,122,73,55,52
BUNNER DISTRICT,7 PERSONS,2305,4219,2252,1092,370,207,84,47,68
BUNNER DISTRICT,8 PERSONS,1620,3863,2214,1125,352,211,89,50,56
BUNNER DISTRICT,9 PERSONS,965,2941,1942,1106,388,250,86,57,66
BUNNER DISTRICT,10 PERSONS AND ABOVE,1349,6609,8105,7570,4018,2957,1215,1003,1606
CHAGAI DISTRICT,1 PERSON,486,114,47,17,4,2,,1,
CHAGAI DISTRICT,2 PERSONS,1704,922,148,71,18,8,13,3,3
CHAGAI DISTRICT,3 PERSONS,1414,1171,334,101,25,7,11,4,6
CHAGAI DISTRICT,4 PERSONS,1216,1397,423,192,40,24,20,7,6
CHAGAI DISTRICT,5 PERSONS,992,1637,574,250,64,30,20,8,9
CHAGAI DISTRICT,6 PERSONS,760,1629,619,294,78,44,32,12,9
CHAGAI DISTRICT,7 PERSONS,607,1440,689,346,127,56,39,11,19
CHAGAI DISTRICT,8 PERSONS,395,1163,751,392,134,65,41,13,17
CHAGAI DISTRICT,9 PERSONS,242,863,647,367,158,83,52,15,15
CHAGAI DISTRICT,10 PERSONS AND ABOVE,454,1627,1680,1336,578,420,244,143,260
CHAKWAL DISTRICT,1 PERSON,2845,3427,1946,970,324,176,73,40,59
CHAKWAL DISTRICT,2 PERSONS,3878,8614,5475,2518,940,442,170,83,118
CHAKWAL DISTRICT,3 PERSONS,3998,10269,8018,3958,1391,677,253,143,135
CHAKWAL DISTRICT,4 PERSONS,4413,13703,11767,6170,2291,1033,418,215,223
CHAKWAL DISTRICT,5 PERSONS,4185,14776,13943,7649,2956,1375,587,292,264
CHAKWAL DISTRICT,6 PERSONS,2816,11600,12193,7452,2863,1464,569,337,289
CHAKWAL DISTRICT,7 PERSONS,1551,7116,8453,5759,2439,1249,543,314,293
CHAKWAL DISTRICT,8 PERSONS,791,3946,5080,3899,1841,1078,436,313,298
CHAKWAL DISTRICT,9 PERSONS,423,1997,2952,2591,1290,829,343,219,248
CHAKWAL DISTRICT,10 PERSONS AND ABOVE,521,2552,4805,5039,3227,2408,1167,892,1283
CHARSADDA  DISTRICT,1 PERSON,1455,495,228,162,63,36,16,10,19
CHARSADDA  DISTRICT,2 PERSONS,6464,2460,852,448,161,76,50,28,38
CHARSADDA  DISTRICT,3 PERSONS,8016,3973,1458,724,257,165,84,40,53
CHARSADDA  DISTRICT,4 PERSONS,9619,6581,2510,1156,392,178,136,45,64
CHARSADDA  DISTRICT,5 PERSONS,10548,9765,3856,1811,537,260,133,74,75
CHARSADDA  DISTRICT,6 PERSONS,9822,12114,5363,2299,755,346,173,71,99
CHARSADDA  DISTRICT,7 PERSONS,7169,11705,5603,2435,866,342,161,71,87
CHARSADDA  DISTRICT,8 PERSONS,4315,9162,5355,2328,751,313,152,67,86
CHARSADDA  DISTRICT,9 PERSONS,2177,5857,4241,2090,690,306,131,67,88
CHARSADDA  DISTRICT,10 PERSONS AND ABOVE,2392,8480,11623,10376,5320,3132,1278,770,805
CHINIOT DISTRICT,1 PERSON,2655,1390,556,258,106,58,24,12,17
CHINIOT DISTRICT,2 PERSONS,7299,4353,1530,646,281,115,75,31,36
CHINIOT DISTRICT,3 PERSONS,8423,6304,2561,1070,434,175,99,36,49
CHINIOT DISTRICT,4 PERSONS,10244,9649,4027,1778,649,266,182,64,79
CHINIOT DISTRICT,5 PERSONS,11082,12621,5800,2444,975,417,201,98,107
CHINIOT DISTRICT,6 PERSONS,9782,12956,6491,2879,1087,484,223,102,133
CHINIOT DISTRICT,7 PERSONS,6550,10476,5450,2482,983,412,184,88,85
CHINIOT DISTRICT,8 PERSONS,3708,7450,4184,2039,705,373,179,84,91
CHINIOT DISTRICT,9 PERSONS,1900,4665,3030,1581,639,304,144,60,92
CHINIOT DISTRICT,10 PERSONS AND ABOVE,2108,7013,6961,4953,2492,1515,691,424,556
CHITRAL DISTRICT,1 PERSON,292,179,108,64,30,20,4,5,8
CHITRAL DISTRICT,2 PERSONS,516,548,302,172,67,46,13,15,26
CHITRAL DISTRICT,3 PERSONS,546,895,681,375,172,85,35,27,39
CHITRAL DISTRICT,4 PERSONS,757,1615,1315,803,381,223,96,50,82
CHITRAL DISTRICT,5 PERSONS,849,2384,2208,1429,715,353,194,107,170
CHITRAL DISTRICT,6 PERSONS,853,2541,2450,1836,925,551,237,127,218
CHITRAL DISTRICT,7 PERSONS,654,2145,2089,1585,905,497,272,171,255
CHITRAL DISTRICT,8 PERSONS,435,1486,1667,1334,724,454,215,122,202
CHITRAL DISTRICT,9 PERSONS,283,1065,1173,938,627,382,208,117,199
CHITRAL DISTRICT,10 PERSONS AND ABOVE,359,1793,2525,2472,1725,1225,620,441,780
DADU DISTRICT,1 PERSON,7490,791,185,86,25,23,53,6,22
DADU DISTRICT,2 PERSONS,33000,4607,837,370,179,115,226,36,107
DADU DISTRICT,3 PERSONS,28827,5457,1042,441,156,112,224,43,90
DADU DISTRICT,4 PERSONS,28905,6874,1308,537,192,117,233,41,85
DADU DISTRICT,5 PERSONS,26051,7668,1584,603,242,124,251,39,81
DADU DISTRICT,6 PERSONS,23063,7917,1794,676,210,133,223,44,74
DADU DISTRICT,7 PERSONS,18660,7328,1824,654,189,106,169,38,87
DADU DISTRICT,8 PERSONS,13658,6236,1647,588,173,90,167,26,60
DADU DISTRICT,9 PERSONS,8954,4524,1378,488,144,85,102,24,43
DADU DISTRICT,10 PERSONS AND ABOVE,10233,7560,3095,1292,410,262,188,68,94
DERA BUGTI DISTRICT,1 PERSON,205,89,54,14,6,3,1,,2
DERA BUGTI DISTRICT,2 PERSONS,2573,852,287,87,12,45,34,2,8
DERA BUGTI DISTRICT,3 PERSONS,2484,1049,392,102,19,43,36,3,9
DERA BUGTI DISTRICT,4 PERSONS,2620,1552,605,155,28,48,59,,22
DERA BUGTI DISTRICT,5 PERSONS,2451,1720,625,217,35,64,57,3,23
DERA BUGTI DISTRICT,6 PERSONS,2245,1901,772,230,50,52,60,8,19
DERA BUGTI DISTRICT,7 PERSONS,1782,1898,862,265,66,59,42,3,15
DERA BUGTI DISTRICT,8 PERSONS,1423,1641,870,307,66,52,53,7,12
DERA BUGTI DISTRICT,9 PERSONS,1075,1250,830,300,67,48,56,25,24
DERA BUGTI DISTRICT,10 PERSONS AND ABOVE,1930,2648,2058,1049,274,231,143,80,91
DERA GHAZI KHAN DISTRICT,1 PERSON,2906,1185,456,207,97,41,28,11,19
DERA GHAZI KHAN DISTRICT,2 PERSONS,10670,4553,1396,499,225,82,82,24,28
DERA GHAZI KHAN DISTRICT,3 PERSONS,11152,6649,2323,828,265,118,95,28,48
DERA GHAZI KHAN DISTRICT,4 PERSONS,12287,10440,3773,1382,469,266,146,56,65
DERA GHAZI KHAN DISTRICT,5 PERSONS,12767,13972,5769,2180,747,362,166,77,87
DERA GHAZI KHAN DISTRICT,6 PERSONS,12162,16261,7116,2873,919,421,201,98,112
DERA GHAZI KHAN DISTRICT,7 PERSONS,9451,15509,7619,3150,1022,486,237,88,103
DERA GHAZI KHAN DISTRICT,8 PERSONS,6582,13229,7376,3363,1103,506,229,96,97
DERA GHAZI KHAN DISTRICT,9 PERSONS,3898,10023,6466,3071,1108,509,242,96,110
DERA GHAZI KHAN DISTRICT,10 PERSONS AND ABOVE,5532,20587,23966,19344,10235,6600,3012,2038,2930
DERA ISMAIL KHAN DISTRICT,1 PERSON,1943,608,257,131,64,24,15,10,18
DERA ISMAIL KHAN DISTRICT,2 PERSONS,5027,2480,749,319,117,60,44,20,31
DERA ISMAIL KHAN DISTRICT,3 PERSONS,5919,3915,1340,544,203,100,42,21,42
DERA ISMAIL KHAN DISTRICT,4 PERSONS,7102,6357,2424,993,357,160,82,41,57
DERA ISMAIL KHAN DISTRICT,5 PERSONS,7166,8565,3834,1646,627,256,134,57,70
DERA ISMAIL KHAN DISTRICT,6 PERSONS,6315,9607,4647,2203,772,360,169,79,87
DERA ISMAIL KHAN DISTRICT,7 PERSONS,4643,8863,5103,2393,908,387,172,78,105
DERA ISMAIL KHAN DISTRICT,8 PERSONS,3074,7319,4718,2432,956,427,190,88,118
DERA ISMAIL KHAN DISTRICT,9 PERSONS,1805,5295,4061,2336,905,455,160,106,103
DERA ISMAIL KHAN DISTRICT,10 PERSONS AND ABOVE,2288,9241,12367,11640,6715,4478,2183,1495,2086
FAISALABAD DISTRICT,1 PERSON,11533,5501,2409,1144,494,243,166,70,79
FAISALABAD DISTRICT,2 PERSONS,28530,19351,7754,3621,1412,682,380,183,198
FAISALABAD DISTRICT,3 PERSONS,37542,32253,14700,6578,2563,1231,586,267,301
FAISALABAD DISTRICT,4 PERSONS,48008,50894,25212,12304,4511,2250,1070,477,515
FAISALABAD DISTRICT,5 PERSONS,54928,70425,38523,18949,7392,3552,1684,739,795
FAISALABAD DISTRICT,6 PERSONS,48174,72706,41865,21573,8523,4260,1915,869,873
FAISALABAD DISTRICT,7 PERSONS,31413,55085,34434,18057,7440,3636,1739,807,799
FAISALABAD DISTRICT,8 PERSONS,17264,36400,24938,14002,5873,3098,1353,712,615
FAISALABAD DISTRICT,9 PERSONS,8359,21819,17284,10455,4655,2485,1119,579,562
FAISALABAD DISTRICT,10 PERSONS AND ABOVE,9919,33917,40299,34405,18705,11813,5652,3702,3803
FR BANNU,1 PERSON,11,4,3,2,2,1,,,
FR BANNU,2 PERSONS,47,72,15,20,20,1,1,,1
FR BANNU,3 PERSONS,32,65,35,32,28,2,,,2
FR BANNU,4 PERSONS,51,80,58,39,33,4,1,,2
FR BANNU,5 PERSONS,41,87,66,42,53,4,2,1,3
FR BANNU,6 PERSONS,48,82,99,70,57,11,5,4,2
FR BANNU,7 PERSONS,41,76,97,81,75,10,2,3,7
FR BANNU,8 PERSONS,31,58,90,87,70,11,9,3,3
FR BANNU,9 PERSONS,33,47,59,86,87,13,11,6,9
FR BANNU,10 PERSONS AND ABOVE,120,79,191,376,393,147,124,83,140
FR D.I KHAN,1 PERSON,33,11,5,3,2,,,,1
FR D.I KHAN,2 PERSONS,120,78,22,4,3,,4,,
FR D.I KHAN,3 PERSONS,120,118,38,13,4,3,,1,1
FR D.I KHAN,4 PERSONS,123,171,67,26,8,3,3,,
FR D.I KHAN,5 PERSONS,99,223,122,25,14,2,2,2,1
FR D.I KHAN,6 PERSONS,58,241,183,41,22,9,6,3,2
FR D.I KHAN,7 PERSONS,67,276,206,70,21,9,8,7,7
FR D.I KHAN,8 PERSONS,43,266,230,106,32,9,6,9,10
FR D.I KHAN,9 PERSONS,30,159,188,118,43,19,13,3,3
FR D.I KHAN,10 PERSONS AND ABOVE,81,376,652,602,470,264,128,93,155
FR KOHAT,1 PERSON,138,42,14,3,3,1,,,
FR KOHAT,2 PERSONS,497,150,45,15,2,6,2,1,2
FR KOHAT,3 PERSONS,532,219,79,33,9,2,9,,1
FR KOHAT,4 PERSONS,548,384,141,66,14,8,6,4,
FR KOHAT,5 PERSONS,577,578,246,97,40,9,12,2,5
FR KOHAT,6 PERSONS,492,700,302,128,53,23,14,6,10
FR KOHAT,7 PERSONS,305,624,399,169,60,25,18,12,5
FR KOHAT,8 PERSONS,174,482,342,163,55,31,15,2,2
FR KOHAT,9 PERSONS,81,343,289,195,60,27,15,4,13
FR KOHAT,10 PERSONS AND ABOVE,128,472,920,919,589,421,178,140,201
FR LAKKI MARWAT,1 PERSON,12,10,1,2,,,,1,
FR LAKKI MARWAT,2 PERSONS,34,93,26,13,5,1,1,,
FR LAKKI MARWAT,3 PERSONS,35,105,64,22,4,4,2,1,
FR LAKKI MARWAT,4 PERSONS,31,106,98,44,16,4,1,,
FR LAKKI MARWAT,5 PERSONS,16,98,128,67,17,9,1,,1
FR LAKKI MARWAT,6 PERSONS,15,68,149,71,30,17,7,1,
FR LAKKI MARWAT,7 PERSONS,11,54,134,74,39,20,5,2,1
FR LAKKI MARWAT,8 PERSONS,7,46,110,88,46,23,8,6,1
FR LAKKI MARWAT,9 PERSONS,3,22,94,77,51,20,14,14,2
FR LAKKI MARWAT,10 PERSONS AND ABOVE,15,48,121,195,161,126,72,66,97
FR PESHAWAR,1 PERSON,33,25,13,5,,,1,2,
FR PESHAWAR,2 PERSONS,91,97,32,21,10,5,5,3,2
FR PESHAWAR,3 PERSONS,71,125,53,19,19,7,3,4,
FR PESHAWAR,4 PERSONS,97,185,91,45,13,13,6,4,1
FR PESHAWAR,5 PERSONS,95,258,167,76,22,12,3,4,
FR PESHAWAR,6 PERSONS,85,290,213,98,52,13,12,3,3
FR PESHAWAR,7 PERSONS,78,244,256,113,47,25,10,4,2
FR PESHAWAR,8 PERSONS,41,203,212,131,36,30,10,2,5
FR PESHAWAR,9 PERSONS,26,151,210,117,46,19,5,1,3
FR PESHAWAR,10 PERSONS AND ABOVE,30,259,538,716,429,270,126,70,102
FR TANK,1 PERSON,22,7,1,1,1,1,,,
FR TANK,2 PERSONS,109,46,14,2,3,,1,,2
FR TANK,3 PERSONS,130,61,20,7,1,1,2,1,
FR TANK,4 PERSONS,114,106,43,14,4,3,1,,
FR TANK,5 PERSONS,136,188,69,15,4,1,,1,1
FR TANK,6 PERSONS,96,216,70,25,4,1,2,2,2
FR TANK,7 PERSONS,70,229,114,32,12,6,4,1,
FR TANK,8 PERSONS,48,216,135,37,12,4,4,3,2
FR TANK,9 PERSONS,24,126,115,48,11,5,8,2,2
FR TANK,10 PERSONS AND ABOVE,54,239,374,276,161,68,47,21,55
GHOTKI DISTRICT,1 PERSON,7114,556,188,54,26,14,33,3,7
GHOTKI DISTRICT,2 PERSONS,33553,3038,639,242,110,47,133,19,44
GHOTKI DISTRICT,3 PERSONS,30109,4000,851,285,117,38,135,15,36
GHOTKI DISTRICT,4 PERSONS,30151,5429,1252,390,116,49,129,11,33
GHOTKI DISTRICT,5 PERSONS,28393,6357,1692,523,169,80,176,20,38
GHOTKI DISTRICT,6 PERSONS,25382,6861,1863,614,196,90,162,21,32
GHOTKI DISTRICT,7 PERSONS,20821,6464,1612,581,164,55,136,14,27
GHOTKI DISTRICT,8 PERSONS,15702,5480,1393,502,148,63,106,14,25
GHOTKI DISTRICT,9 PERSONS,10109,4294,1134,410,116,56,80,12,27
GHOTKI DISTRICT,10 PERSONS AND ABOVE,13191,7982,3220,1334,443,235,185,63,108
GUJRANWALA DISTRICT,1 PERSON,4988,3257,1736,949,426,269,124,66,103
GUJRANWALA DISTRICT,2 PERSONS,10795,10679,5606,2880,1062,676,330,153,238
GUJRANWALA DISTRICT,3 PERSONS,14857,17795,10670,5325,2026,1269,559,290,331
GUJRANWALA DISTRICT,4 PERSONS,18943,28094,17945,9582,3694,2191,888,579,631
GUJRANWALA DISTRICT,5 PERSONS,22513,38967,27199,14794,5837,3444,1323,829,863
GUJRANWALA DISTRICT,6 PERSONS,21341,42046,30567,17253,6707,4093,1608,958,989
GUJRANWALA DISTRICT,7 PERSONS,14078,32468,25564,15018,5906,3607,1461,923,857
GUJRANWALA DISTRICT,8 PERSONS,7964,21597,18117,11408,4643,2933,1141,823,749
GUJRANWALA DISTRICT,9 PERSONS,3896,12604,12317,8330,3571,2425,969,663,612
GUJRANWALA DISTRICT,10 PERSONS AND ABOVE,4425,17895,25987,25083,12983,10500,4462,3789,4152
GUJRAT DISTRICT,1 PERSON,2881,3307,2061,1256,592,477,212,140,263
GUJRAT DISTRICT,2 PERSONS,5052,8634,5480,2960,1318,849,356,280,393
GUJRAT DISTRICT,3 PERSONS,6409,12717,9094,5199,2044,1208,467,387,466
GUJRAT DISTRICT,4 PERSONS,8249,18887,14207,8100,3278,1872,780,546,640
GUJRAT DISTRICT,5 PERSONS,9107,22646,18780,10834,4636,2593,1072,703,822
GUJRAT DISTRICT,6 PERSONS,7690,21672,18569,11205,4680,2828,1140,738,902
GUJRAT DISTRICT,7 PERSONS,4980,15404,14143,9238,3861,2381,996,674,762
GUJRAT DISTRICT,8 PERSONS,2791,9685,9527,6730,3039,1895,778,649,710
GUJRAT DISTRICT,9 PERSONS,1516,5559,5933,4840,2188,1598,600,478,579
GUJRAT DISTRICT,10 PERSONS AND ABOVE,1889,8155,11859,11936,6783,5462,2408,2116,3132
GWADAR DISTRICT,1 PERSON,588,88,40,12,4,2,4,,4
GWADAR DISTRICT,2 PERSONS,2345,474,131,41,12,4,7,2,12
GWADAR DISTRICT,3 PERSONS,2838,809,252,84,31,8,26,7,25
GWADAR DISTRICT,4 PERSONS,3189,1350,380,127,40,22,32,7,32
GWADAR DISTRICT,5 PERSONS,2844,1625,463,167,53,14,33,8,32
GWADAR DISTRICT,6 PERSONS,2286,1721,599,203,56,20,23,12,19
GWADAR DISTRICT,7 PERSONS,1623,1544,603,208,82,21,21,12,13
GWADAR DISTRICT,8 PERSONS,1060,1400,646,227,63,28,27,12,15
GWADAR DISTRICT,9 PERSONS,582,1014,543,238,66,41,23,9,9
GWADAR DISTRICT,10 PERSONS AND ABOVE,713,1683,1437,1001,424,258,115,87,139
HAFIZABAD DISTRICT,1 PERSON,1414,999,453,217,90,61,24,16,30
HAFIZABAD DISTRICT,2 PERSONS,3235,2674,1268,570,191,101,51,36,40
HAFIZABAD DISTRICT,3 PERSONS,4138,4318,2384,1064,369,198,77,48,62
HAFIZABAD DISTRICT,4 PERSONS,5317,6751,3960,2032,738,334,151,81,88
HAFIZABAD DISTRICT,5 PERSONS,6460,9655,6064,3019,1177,598,241,148,151
HAFIZABAD DISTRICT,6 PERSONS,5898,10220,6717,3485,1339,724,291,180,162
HAFIZABAD DISTRICT,7 PERSONS,3949,8058,5557,3095,1196,634,252,132,141
HAFIZABAD DISTRICT,8 PERSONS,2314,5390,4044,2390,1019,561,198,147,119
HAFIZABAD DISTRICT,9 PERSONS,1126,3188,2796,1764,755,440,178,111,110
HAFIZABAD DISTRICT,10 PERSONS AND ABOVE,1272,4888,6177,5497,2957,2111,876,671,745
HANGU DISTRICT,1 PERSON,229,107,56,27,24,9,11,3,9
HANGU DISTRICT,2 PERSONS,547,438,160,86,45,18,11,10,14
HANGU DISTRICT,3 PERSONS,600,598,306,142,60,39,9,9,15
HANGU DISTRICT,4 PERSONS,684,901,485,244,100,47,22,9,22
HANGU DISTRICT,5 PERSONS,797,1325,821,371,157,62,31,16,35
HANGU DISTRICT,6 PERSONS,706,1585,958,587,217,114,45,34,54
HANGU DISTRICT,7 PERSONS,566,1393,1122,687,262,131,62,29,56
HANGU DISTRICT,8 PERSONS,428,1277,1110,714,301,159,65,65,58
HANGU DISTRICT,9 PERSONS,240,918,1021,725,327,180,70,45,63
HANGU DISTRICT,10 PERSONS AND ABOVE,395,2034,4076,4689,3342,2382,1323,1011,1603
HARIPUR DISTRICT,1 PERSON,2238,1432,593,262,105,58,22,13,31
HARIPUR DISTRICT,2 PERSONS,3850,4235,1723,764,247,109,54,28,35
HARIPUR DISTRICT,3 PERSONS,4075,5934,2905,1312,381,181,89,52,54
HARIPUR DISTRICT,4 PERSONS,4644,8593,4742,2310,739,335,127,76,82
HARIPUR DISTRICT,5 PERSONS,4538,10332,6380,3221,1134,519,241,119,90
HARIPUR DISTRICT,6 PERSONS,3455,9078,6332,3575,1287,637,227,134,124
HARIPUR DISTRICT,7 PERSONS,1913,6269,4873,2982,1109,628,201,111,123
HARIPUR DISTRICT,8 PERSONS,1048,3762,3516,2384,921,526,175,127,107
HARIPUR DISTRICT,9 PERSONS,526,2043,2189,1772,801,446,186,99,111
HARIPUR DISTRICT,10 PERSONS AND ABOVE,556,2731,4157,4498,2596,1988,920,721,871
HARNAI DISTRICT,1 PERSON,289,61,44,14,5,,3,,1
HARNAI DISTRICT,2 PERSONS,1545,561,198,73,36,39,18,17,18
HARNAI DISTRICT,3 PERSONS,991,588,236,68,39,17,19,12,16
HARNAI DISTRICT,4 PERSONS,872,692,318,99,47,33,25,14,19
HARNAI DISTRICT,5 PERSONS,718,718,416,120,54,32,14,10,22
HARNAI DISTRICT,6 PERSONS,584,683,449,145,69,36,14,13,20
HARNAI DISTRICT,7 PERSONS,417,609,409,160,74,26,18,18,16
HARNAI DISTRICT,8 PERSONS,280,468,327,168,40,20,16,6,22
HARNAI DISTRICT,9 PERSONS,171,335,271,106,53,28,8,10,19
HARNAI DISTRICT,10 PERSONS AND ABOVE,231,429,459,282,151,79,41,34,49
HYDERABAD DISTRICT,1 PERSON,10432,2500,1422,628,264,228,105,68,94
HYDERABAD DISTRICT,2 PERSONS,34422,9934,4982,2155,857,717,410,196,312
HYDERABAD DISTRICT,3 PERSONS,36508,13200,6450,2579,940,827,444,206,344
HYDERABAD DISTRICT,4 PERSONS,38604,17701,9020,3616,1283,1031,533,305,401
HYDERABAD DISTRICT,5 PERSONS,33412,19030,10159,3942,1402,1143,534,290,354
HYDERABAD DISTRICT,6 PERSONS,25292,16660,8632,3474,1087,950,478,243,314
HYDERABAD DISTRICT,7 PERSONS,16351,11404,5733,2379,792,598,302,144,190
HYDERABAD DISTRICT,8 PERSONS,9542,7776,3925,1564,546,402,211,98,139
HYDERABAD DISTRICT,9 PERSONS,5359,4831,2441,1086,381,289,145,68,84
HYDERABAD DISTRICT,10 PERSONS AND ABOVE,5483,6673,4697,2770,1229,933,395,229,308
JACOBABAD DISTRICT,1 PERSON,3654,409,116,67,20,8,29,5,19
JACOBABAD DISTRICT,2 PERSONS,18330,1841,548,267,80,34,123,19,74
JACOBABAD DISTRICT,3 PERSONS,17494,2465,649,256,107,35,131,43,65
JACOBABAD DISTRICT,4 PERSONS,18819,3439,895,368,111,33,136,33,70
JACOBABAD DISTRICT,5 PERSONS,17654,3711,1083,396,125,51,163,36,66
JACOBABAD DISTRICT,6 PERSONS,15977,3754,1077,382,99,56,159,25,57
JACOBABAD DISTRICT,7 PERSONS,13370,3604,1043,360,103,38,113,29,75
JACOBABAD DISTRICT,8 PERSONS,10095,3066,918,373,104,43,98,29,38
JACOBABAD DISTRICT,9 PERSONS,6756,2379,751,285,89,35,64,13,37
JACOBABAD DISTRICT,10 PERSONS AND ABOVE,9066,4299,1849,887,288,137,180,55,84
JAFFARABAD DISTRICT,1 PERSON,1332,178,59,13,,5,5,,2
JAFFARABAD DISTRICT,2 PERSONS,7197,771,241,71,25,8,36,6,10
JAFFARABAD DISTRICT,3 PERSONS,6089,1075,280,99,22,11,33,5,11
JAFFARABAD DISTRICT,4 PERSONS,6438,1446,435,111,35,12,37,13,4
JAFFARABAD DISTRICT,5 PERSONS,6222,1759,529,170,51,9,41,8,6
JAFFARABAD DISTRICT,6 PERSONS,5834,1956,549,215,50,20,55,8,11
JAFFARABAD DISTRICT,7 PERSONS,5147,2095,646,209,64,23,38,6,5
JAFFARABAD DISTRICT,8 PERSONS,4141,1965,628,247,57,21,28,9,10
JAFFARABAD DISTRICT,9 PERSONS,2960,1655,598,235,74,31,28,3,6
JAFFARABAD DISTRICT,10 PERSONS AND ABOVE,5103,4010,1967,1029,315,180,138,72,83
JAMSHORO DISTRICT,1 PERSON,5333,836,320,101,35,23,42,10,16
JAMSHORO DISTRICT,2 PERSONS,18461,2972,724,307,95,53,156,19,41
JAMSHORO DISTRICT,3 PERSONS,16924,3905,1000,347,119,52,134,20,39
JAMSHORO DISTRICT,4 PERSONS,17637,5337,1403,445,162,74,143,33,53
JAMSHORO DISTRICT,5 PERSONS,16019,5871,1701,537,186,64,158,38,41
JAMSHORO DISTRICT,6 PERSONS,13764,6008,1890,609,189,79,127,30,52
JAMSHORO DISTRICT,7 PERSONS,10162,5043,1663,562,145,54,125,25,39
JAMSHORO DISTRICT,8 PERSONS,6999,3914,1354,439,162,61,90,18,32
JAMSHORO DISTRICT,9 PERSONS,4161,2719,992,339,119,47,65,23,20
JAMSHORO DISTRICT,10 PERSONS AND ABOVE,5148,4570,2533,1204,486,248,161,91,104
JHAL MAGSI DISTRICT,1 PERSON,262,35,7,3,1,,,,1
JHAL MAGSI DISTRICT,2 PERSONS,2578,439,77,10,7,5,8,1,4
JHAL MAGSI DISTRICT,3 PERSONS,2126,513,109,18,2,6,9,,1
JHAL MAGSI DISTRICT,4 PERSONS,2084,758,149,33,7,3,10,,2
JHAL MAGSI DISTRICT,5 PERSONS,1752,913,189,41,5,5,6,,5
JHAL MAGSI DISTRICT,6 PERSONS,1563,1032,257,45,8,4,5,3,1
JHAL MAGSI DISTRICT,7 PERSONS,1320,1006,279,73,15,4,4,,
JHAL MAGSI DISTRICT,8 PERSONS,926,866,300,80,9,1,2,1,
JHAL MAGSI DISTRICT,9 PERSONS,646,697,296,97,16,2,8,1,1
JHAL MAGSI DISTRICT,10 PERSONS AND ABOVE,866,1142,706,251,88,23,16,8,10
JHANG DISTRICT,1 PERSON,5562,2575,1032,472,234,116,63,23,58
JHANG DISTRICT,2 PERSONS,14228,9463,3077,1315,500,220,134,66,100
JHANG DISTRICT,3 PERSONS,14959,13222,4994,2021,775,373,224,89,91
JHANG DISTRICT,4 PERSONS,17116,18790,7795,3457,1262,539,320,118,161
JHANG DISTRICT,5 PERSONS,17615,24445,11702,5035,1934,788,429,191,210
JHANG DISTRICT,6 PERSONS,15120,25543,13164,5990,2251,1038,547,207,227
JHANG DISTRICT,7 PERSONS,10163,20717,11688,5720,2323,1031,477,216,249
JHANG DISTRICT,8 PERSONS,5922,14267,9196,4884,1976,943,398,206,214
JHANG DISTRICT,9 PERSONS,2975,8953,6836,4025,1730,812,329,194,211
JHANG DISTRICT,10 PERSONS AND ABOVE,3301,12312,14433,12207,6737,4250,1941,1336,1693
JHELUM DISTRICT,1 PERSON,1949,1927,1240,771,351,212,89,81,86
JHELUM DISTRICT,2 PERSONS,2601,4932,3064,1701,691,398,182,113,174
JHELUM DISTRICT,3 PERSONS,2856,6552,4951,2525,1050,624,276,151,169
JHELUM DISTRICT,4 PERSONS,3546,9385,7374,4115,1675,936,424,218,237
JHELUM DISTRICT,5 PERSONS,3538,10899,9746,5555,2372,1231,487,286,280
JHELUM DISTRICT,6 PERSONS,2828,9483,9426,5684,2325,1307,550,301,307
JHELUM DISTRICT,7 PERSONS,1737,6185,6612,4520,2049,1121,499,267,296
JHELUM DISTRICT,8 PERSONS,803,3699,4399,3305,1490,932,382,244,254
JHELUM DISTRICT,9 PERSONS,458,1975,2649,2285,1138,748,316,210,217
JHELUM DISTRICT,10 PERSONS AND ABOVE,549,2510,4409,4792,2971,2411,1054,876,1061
KACHHI DISTRICT,1 PERSON,514,179,47,23,5,3,2,,1
KACHHI DISTRICT,2 PERSONS,1968,833,159,96,13,4,10,,4
KACHHI DISTRICT,3 PERSONS,1719,1146,258,105,27,5,11,,10
KACHHI DISTRICT,4 PERSONS,1602,1645,431,136,20,13,11,2,5
KACHHI DISTRICT,5 PERSONS,1341,1777,549,210,39,17,15,2,4
KACHHI DISTRICT,6 PERSONS,1125,1957,643,242,49,19,17,7,11
KACHHI DISTRICT,7 PERSONS,879,1857,742,297,76,34,16,8,10
KACHHI DISTRICT,8 PERSONS,671,1755,854,327,76,41,27,14,17
KACHHI DISTRICT,9 PERSONS,469,1327,910,322,90,34,25,23,19
KACHHI DISTRICT,10 PERSONS AND ABOVE,747,2848,3359,2139,739,454,232,187,240
KALAT DISTRICT,1 PERSON,433,187,81,59,21,7,6,4,16
KALAT DISTRICT,2 PERSONS,1323,1050,497,277,90,68,69,24,50
KALAT DISTRICT,3 PERSONS,1062,1365,729,388,175,127,65,36,77
KALAT DISTRICT,4 PERSONS,1124,1772,1050,653,220,148,106,44,102
KALAT DISTRICT,5 PERSONS,984,1714,1333,795,279,186,117,52,101
KALAT DISTRICT,6 PERSONS,834,1708,1467,1006,312,233,163,59,133
KALAT DISTRICT,7 PERSONS,692,1582,1355,1048,417,267,158,78,85
KALAT DISTRICT,8 PERSONS,566,1261,1340,1041,441,337,187,103,111
KALAT DISTRICT,9 PERSONS,433,1046,1140,974,404,343,192,105,143
KALAT DISTRICT,10 PERSONS AND ABOVE,807,2030,2941,2731,1465,1268,732,567,1171
KAMBAR SHAHDAD KOT DISTRICT,1 PERSON,3690,409,125,70,19,15,29,10,11
KAMBAR SHAHDAD KOT DISTRICT,2 PERSONS,21046,2626,908,339,115,60,127,31,41
KAMBAR SHAHDAD KOT DISTRICT,3 PERSONS,19000,3061,896,371,108,57,145,32,49
KAMBAR SHAHDAD KOT DISTRICT,4 PERSONS,19852,4209,1202,392,143,77,159,30,62
KAMBAR SHAHDAD KOT DISTRICT,5 PERSONS,19270,5039,1371,468,176,75,150,27,63
KAMBAR SHAHDAD KOT DISTRICT,6 PERSONS,17490,5576,1615,539,187,93,141,27,67
KAMBAR SHAHDAD KOT DISTRICT,7 PERSONS,15104,5644,1674,535,151,75,134,25,38
KAMBAR SHAHDAD KOT DISTRICT,8 PERSONS,12012,5061,1578,577,139,76,121,36,42
KAMBAR SHAHDAD KOT DISTRICT,9 PERSONS,8273,4113,1270,517,125,70,110,13,43
KAMBAR SHAHDAD KOT DISTRICT,10 PERSONS AND ABOVE,12850,8809,3848,1700,584,325,313,98,112
KARACHI CENTRAL DISTRICT,1 PERSON,8323,3550,2673,1222,377,152,86,58,142
KARACHI CENTRAL DISTRICT,2 PERSONS,15582,13864,9466,4421,1251,468,224,126,213
KARACHI CENTRAL DISTRICT,3 PERSONS,18971,20324,14511,6554,1908,597,269,201,261
KARACHI CENTRAL DISTRICT,4 PERSONS,22384,30897,22932,11254,2981,997,433,320,349
KARACHI CENTRAL DISTRICT,5 PERSONS,19700,32620,25852,13149,3983,1421,527,416,510
KARACHI CENTRAL DISTRICT,6 PERSONS,13385,25447,20211,10976,3313,1518,482,489,427
KARACHI CENTRAL DISTRICT,7 PERSONS,7829,16325,12250,6863,2374,1255,379,399,367
KARACHI CENTRAL DISTRICT,8 PERSONS,4315,9996,7578,4571,1587,1007,293,344,286
KARACHI CENTRAL DISTRICT,9 PERSONS,2206,5999,4914,3117,1217,812,259,262,247
KARACHI CENTRAL DISTRICT,10 PERSONS AND ABOVE,2782,9164,10096,8748,4489,3968,1259,1754,2114
KARACHI EAST DISTRICT,1 PERSON,7903,3660,3526,2199,1250,286,125,108,196
KARACHI EAST DISTRICT,2 PERSONS,11947,9991,9646,6261,3521,734,325,202,385
KARACHI EAST DISTRICT,3 PERSONS,14135,13539,12835,8535,4765,982,405,252,422
KARACHI EAST DISTRICT,4 PERSONS,16363,19822,19137,13532,7438,1471,599,401,617
KARACHI EAST DISTRICT,5 PERSONS,15320,21399,20906,14793,8941,1835,768,486,687
KARACHI EAST DISTRICT,6 PERSONS,12135,18186,16690,11790,7176,1923,697,509,708
KARACHI EAST DISTRICT,7 PERSONS,7810,12725,10563,7050,4498,1393,574,406,524
KARACHI EAST DISTRICT,8 PERSONS,4823,8776,7274,4386,2647,1047,364,366,391
KARACHI EAST DISTRICT,9 PERSONS,2689,5775,4922,3077,1953,799,299,288,348
KARACHI EAST DISTRICT,10 PERSONS AND ABOVE,4186,10952,11764,8714,5652,3641,1362,1547,2134
KARACHI SOUTH DISTRICT,1 PERSON,7230,3929,2279,1041,538,413,199,134,144
KARACHI SOUTH DISTRICT,2 PERSONS,10721,8989,4944,2080,1004,566,305,145,167
KARACHI SOUTH DISTRICT,3 PERSONS,12527,12418,6898,2510,1179,637,363,163,173
KARACHI SOUTH DISTRICT,4 PERSONS,14530,18646,10864,4050,1714,905,442,236,257
KARACHI SOUTH DISTRICT,5 PERSONS,12841,20389,12426,4646,1956,1129,550,283,320
KARACHI SOUTH DISTRICT,6 PERSONS,8927,16543,10678,4261,1693,1022,459,298,302
KARACHI SOUTH DISTRICT,7 PERSONS,5270,10688,7269,3020,1170,811,330,234,234
KARACHI SOUTH DISTRICT,8 PERSONS,2777,6348,4837,2221,776,590,232,190,169
KARACHI SOUTH DISTRICT,9 PERSONS,1496,3779,3309,1638,617,487,182,157,143
KARACHI SOUTH DISTRICT,10 PERSONS AND ABOVE,1949,6051,7591,5419,2349,2116,759,750,911
KARACHI WEST DISTRICT,1 PERSON,11073,3695,1633,531,238,128,74,50,64
KARACHI WEST DISTRICT,2 PERSONS,23271,12824,4999,1819,688,371,272,118,141
KARACHI WEST DISTRICT,3 PERSONS,29119,20657,8409,2702,972,582,363,140,228
KARACHI WEST DISTRICT,4 PERSONS,33855,31922,13674,4342,1477,731,504,215,286
KARACHI WEST DISTRICT,5 PERSONS,30051,37885,18332,5527,1864,932,536,237,337
KARACHI WEST DISTRICT,6 PERSONS,22353,36366,19574,6185,2029,1118,540,224,346
KARACHI WEST DISTRICT,7 PERSONS,13653,27193,16809,5545,1886,975,469,208,317
KARACHI WEST DISTRICT,8 PERSONS,7564,18904,13530,4725,1691,844,381,187,231
KARACHI WEST DISTRICT,9 PERSONS,3764,11927,9981,4081,1494,811,280,166,210
KARACHI WEST DISTRICT,10 PERSONS AND ABOVE,4666,17592,22754,15447,8343,5633,1944,1359,1644
KARAK DISTRICT,1 PERSON,329,179,94,54,20,14,4,2,15
KARAK DISTRICT,2 PERSONS,852,743,315,154,57,23,18,14,14
KARAK DISTRICT,3 PERSONS,864,1026,582,240,121,49,23,9,27
KARAK DISTRICT,4 PERSONS,877,1466,940,423,169,70,37,23,28
KARAK DISTRICT,5 PERSONS,930,1873,1581,759,315,143,71,31,37
KARAK DISTRICT,6 PERSONS,793,2202,2050,1188,489,214,96,41,57
KARAK DISTRICT,7 PERSONS,542,2112,2341,1531,659,315,119,68,63
KARAK DISTRICT,8 PERSONS,366,1741,2270,1658,763,403,142,80,96
KARAK DISTRICT,9 PERSONS,230,1222,1889,1535,771,377,186,78,127
KARAK DISTRICT,10 PERSONS AND ABOVE,355,2009,4824,6162,4834,3599,1995,1513,2487
KASHMORE DISTRICT,1 PERSON,2893,434,140,30,8,5,24,5,7
KASHMORE DISTRICT,2 PERSONS,19167,2488,624,231,83,18,164,24,83
KASHMORE DISTRICT,3 PERSONS,17057,2865,660,226,77,22,154,19,76
KASHMORE DISTRICT,4 PERSONS,18270,3894,933,284,82,29,169,18,93
KASHMORE DISTRICT,5 PERSONS,17330,4290,1078,364,81,31,162,24,88
KASHMORE DISTRICT,6 PERSONS,15719,3941,1160,362,98,37,149,21,66
KASHMORE DISTRICT,7 PERSONS,13219,3771,1050,343,73,27,114,23,66
KASHMORE DISTRICT,8 PERSONS,10234,3367,961,329,74,37,103,20,45
KASHMORE DISTRICT,9 PERSONS,6933,2952,822,281,68,27,75,13,41
KASHMORE DISTRICT,10 PERSONS AND ABOVE,10254,6403,2731,1227,341,162,219,61,123
KASUR DISTRICT,1 PERSON,5480,1823,592,227,80,44,28,9,22
KASUR DISTRICT,2 PERSONS,16945,7417,1872,733,179,96,84,30,39
KASUR DISTRICT,3 PERSONS,21424,12522,3414,1118,323,149,127,40,73
KASUR DISTRICT,4 PERSONS,26333,20083,5949,2107,629,294,205,71,103
KASUR DISTRICT,5 PERSONS,30939,28796,9948,3510,1093,458,313,102,139
KASUR DISTRICT,6 PERSONS,30009,34271,12515,4617,1434,657,357,149,167
KASUR DISTRICT,7 PERSONS,20976,30155,12046,4661,1395,679,368,145,167
KASUR DISTRICT,8 PERSONS,12827,22669,10172,4299,1286,621,298,126,151
KASUR DISTRICT,9 PERSONS,6385,14602,7694,3652,1165,592,241,131,144
KASUR DISTRICT,10 PERSONS AND ABOVE,6636,21469,19122,13040,5578,3286,1385,905,1012
KECH DISTRICT,1 PERSON,828,188,43,16,2,2,8,2,4
KECH DISTRICT,2 PERSONS,4051,2018,547,210,42,31,35,3,22
KECH DISTRICT,3 PERSONS,5148,3341,1054,377,95,43,56,16,44
KECH DISTRICT,4 PERSONS,6111,5447,2106,807,194,103,108,40,72
KECH DISTRICT,5 PERSONS,4987,6227,2962,1286,325,195,109,44,86
KECH DISTRICT,6 PERSONS,4144,5970,3649,1918,550,281,176,62,142
KECH DISTRICT,7 PERSONS,2965,4983,4031,2513,872,356,216,118,197
KECH DISTRICT,8 PERSONS,2366,4247,4522,3685,1189,663,339,155,265
KECH DISTRICT,9 PERSONS,1727,2799,3285,3002,1127,653,390,225,243
KECH DISTRICT,10 PERSONS AND ABOVE,2551,4417,5342,5321,2698,1354,799,391,719
KHAIRPUR DISTRICT,1 PERSON,8597,1170,281,103,40,13,50,8,19
KHAIRPUR DISTRICT,2 PERSONS,37958,6321,1053,330,142,48,176,23,58
KHAIRPUR DISTRICT,3 PERSONS,36060,8430,1534,445,125,59,162,15,47
KHAIRPUR DISTRICT,4 PERSONS,37243,11101,2282,672,178,64,232,22,67
KHAIRPUR DISTRICT,5 PERSONS,34840,13256,2986,845,263,93,224,29,69
KHAIRPUR DISTRICT,6 PERSONS,31430,14421,3404,1160,287,118,234,37,60
KHAIRPUR DISTRICT,7 PERSONS,24776,13415,3266,1086,282,112,217,34,55
KHAIRPUR DISTRICT,8 PERSONS,18468,11121,3006,1006,261,103,139,24,48
KHAIRPUR DISTRICT,9 PERSONS,11707,8500,2463,860,201,107,111,19,30
KHAIRPUR DISTRICT,10 PERSONS AND ABOVE,17002,16402,6687,3018,1003,582,404,142,185
KHANEWAL DISTRICT,1 PERSON,4724,2351,908,417,161,77,53,24,23
KHANEWAL DISTRICT,2 PERSONS,15720,10290,3058,1194,378,175,144,48,71
KHANEWAL DISTRICT,3 PERSONS,16998,14998,5434,2021,717,275,211,61,109
KHANEWAL DISTRICT,4 PERSONS,19898,22264,8893,3506,1319,522,273,121,148
KHANEWAL DISTRICT,5 PERSONS,20768,29285,13168,5349,2015,894,454,191,214
KHANEWAL DISTRICT,6 PERSONS,17609,29916,14927,6285,2161,1086,431,211,216
KHANEWAL DISTRICT,7 PERSONS,11709,23483,12927,5723,2053,945,455,222,230
KHANEWAL DISTRICT,8 PERSONS,6883,16204,10203,4843,1844,893,366,192,199
KHANEWAL DISTRICT,9 PERSONS,3483,10169,7242,3727,1447,756,290,161,154
KHANEWAL DISTRICT,10 PERSONS AND ABOVE,3816,13760,14925,11150,5730,3376,1560,991,1162
KHARAN DISTRICT,1 PERSON,790,131,43,18,12,3,4,7,3
KHARAN DISTRICT,2 PERSONS,1446,492,117,47,13,4,8,5,9
KHARAN DISTRICT,3 PERSONS,1181,552,137,56,17,14,9,2,1
KHARAN DISTRICT,4 PERSONS,1484,831,244,76,22,9,15,2,5
KHARAN DISTRICT,5 PERSONS,1287,913,330,111,38,19,11,3,9
KHARAN DISTRICT,6 PERSONS,1114,1034,404,143,39,17,11,4,15
KHARAN DISTRICT,7 PERSONS,847,924,410,196,35,16,13,4,4
KHARAN DISTRICT,8 PERSONS,679,754,435,203,62,21,9,5,11
KHARAN DISTRICT,9 PERSONS,460,621,384,231,74,30,7,11,10
KHARAN DISTRICT,10 PERSONS AND ABOVE,758,1197,1069,797,303,179,85,71,187
KHUSHAB DISTRICT,1 PERSON,1858,1532,749,320,115,60,24,15,28
KHUSHAB DISTRICT,2 PERSONS,4615,5833,2519,1132,397,176,86,50,53
KHUSHAB DISTRICT,3 PERSONS,4913,7529,4055,1830,659,265,120,66,76
KHUSHAB DISTRICT,4 PERSONS,5644,10613,6409,3118,1142,515,197,113,130
KHUSHAB DISTRICT,5 PERSONS,5541,12136,8149,4352,1689,708,321,154,202
KHUSHAB DISTRICT,6 PERSONS,4216,11198,8565,4860,1884,933,382,215,219
KHUSHAB DISTRICT,7 PERSONS,2644,7985,6522,4109,1753,882,420,194,249
KHUSHAB DISTRICT,8 PERSONS,1533,4873,4642,3115,1445,735,310,157,205
KHUSHAB DISTRICT,9 PERSONS,766,2954,3060,2227,1088,571,255,171,188
KHUSHAB DISTRICT,10 PERSONS AND ABOVE,906,3863,5393,5365,3034,2191,1043,777,1161
KHUZDAR DISTRICT,1 PERSON,774,330,123,58,17,7,11,6,18
KHUZDAR DISTRICT,2 PERSONS,4333,3289,1302,487,132,76,78,31,66
KHUZDAR DISTRICT,3 PERSONS,3810,3873,1852,743,159,112,83,52,106
KHUZDAR DISTRICT,4 PERSONS,4202,5073,2882,1196,286,170,133,52,168
KHUZDAR DISTRICT,5 PERSONS,3569,5009,3299,1503,413,229,147,84,179
KHUZDAR DISTRICT,6 PERSONS,2982,4656,3484,1726,556,297,168,71,208
KHUZDAR DISTRICT,7 PERSONS,2204,3976,3399,1867,625,366,242,88,233
KHUZDAR DISTRICT,8 PERSONS,1575,3121,3045,1853,637,459,238,127,216
KHUZDAR DISTRICT,9 PERSONS,1069,2318,2219,1654,606,453,257,163,292
KHUZDAR DISTRICT,10 PERSONS AND ABOVE,1563,3814,4763,3926,1869,1579,863,610,1639
KHYBER AGENCY,1 PERSON,709,230,158,93,63,19,16,9,27
KHYBER AGENCY,2 PERSONS,3379,1107,507,293,111,92,52,20,46
KHYBER AGENCY,3 PERSONS,3662,1630,708,372,154,83,47,29,47
KHYBER AGENCY,4 PERSONS,3962,2420,997,554,213,127,68,37,67
KHYBER AGENCY,5 PERSONS,4052,3267,1444,806,293,135,91,35,86
KHYBER AGENCY,6 PERSONS,3704,3973,1936,1020,346,218,126,51,108
KHYBER AGENCY,7 PERSONS,3012,4290,2389,1295,477,207,120,64,104
KHYBER AGENCY,8 PERSONS,2052,4030,2670,1398,511,240,115,48,115
KHYBER AGENCY,9 PERSONS,1239,3084,2516,1420,505,274,148,88,110
KHYBER AGENCY,10 PERSONS AND ABOVE,1818,5534,8045,7804,4642,3047,1531,1127,1847
KILLA ABDULLAH DISTRICT,1 PERSON,452,289,112,50,28,22,26,7,55
KILLA ABDULLAH DISTRICT,2 PERSONS,3576,3540,841,588,175,160,171,89,315
KILLA ABDULLAH DISTRICT,3 PERSONS,2112,2971,865,537,188,174,130,76,307
KILLA ABDULLAH DISTRICT,4 PERSONS,1932,3511,1256,718,258,252,171,113,344
KILLA ABDULLAH DISTRICT,5 PERSONS,1646,3578,1581,856,299,317,214,118,423
KILLA ABDULLAH DISTRICT,6 PERSONS,1302,3541,1792,940,419,340,257,143,430
KILLA ABDULLAH DISTRICT,7 PERSONS,963,3194,1932,1131,422,419,287,147,463
KILLA ABDULLAH DISTRICT,8 PERSONS,729,2828,1841,1243,484,439,325,153,480
KILLA ABDULLAH DISTRICT,9 PERSONS,490,2273,1683,1300,563,455,309,201,548
KILLA ABDULLAH DISTRICT,10 PERSONS AND ABOVE,1011,5419,4991,4505,2556,2180,1547,1004,3542
KILLA SAIFULLAH DISTRICT,1 PERSON,512,273,99,38,19,10,11,4,9
KILLA SAIFULLAH DISTRICT,2 PERSONS,1974,2007,674,279,113,55,57,26,68
KILLA SAIFULLAH DISTRICT,3 PERSONS,1388,2005,805,322,137,41,54,30,40
KILLA SAIFULLAH DISTRICT,4 PERSONS,1438,2501,1094,486,156,79,47,23,64
KILLA SAIFULLAH DISTRICT,5 PERSONS,1301,2420,1314,573,224,77,64,32,58
KILLA SAIFULLAH DISTRICT,6 PERSONS,1011,2318,1372,701,281,107,58,42,69
KILLA SAIFULLAH DISTRICT,7 PERSONS,853,2068,1397,766,302,132,68,42,64
KILLA SAIFULLAH DISTRICT,8 PERSONS,643,1683,1274,729,347,136,75,29,72
KILLA SAIFULLAH DISTRICT,9 PERSONS,434,1329,1071,667,314,161,72,47,77
KILLA SAIFULLAH DISTRICT,10 PERSONS AND ABOVE,644,2081,2130,1566,920,536,312,215,384
KOHAT DISTRICT,1 PERSON,967,494,216,150,67,34,14,5,10
KOHAT DISTRICT,2 PERSONS,2281,1872,675,313,146,64,46,18,31
KOHAT DISTRICT,3 PERSONS,2326,2763,1187,541,198,90,63,28,34
KOHAT DISTRICT,4 PERSONS,2676,4129,2094,928,314,148,91,29,57
KOHAT DISTRICT,5 PERSONS,2774,5275,3204,1438,526,225,125,54,77
KOHAT DISTRICT,6 PERSONS,2410,5746,3830,1826,657,315,125,77,94
KOHAT DISTRICT,7 PERSONS,1648,4788,3770,1892,709,321,143,70,82
KOHAT DISTRICT,8 PERSONS,999,3554,3366,1885,683,309,146,75,79
KOHAT DISTRICT,9 PERSONS,430,2272,2605,1644,630,338,125,68,99
KOHAT DISTRICT,10 PERSONS AND ABOVE,901,4048,7364,7947,4790,3291,1485,1029,1375
KOHISTAN DISTRICT,1 PERSON,219,74,72,52,24,8,,,81
KOHISTAN DISTRICT,2 PERSONS,1418,918,190,77,,5,6,4,42
KOHISTAN DISTRICT,3 PERSONS,2052,1424,349,127,95,21,31,,21
KOHISTAN DISTRICT,4 PERSONS,3882,2433,912,347,83,33,42,5,53
KOHISTAN DISTRICT,5 PERSONS,4059,3588,1195,561,110,52,68,17,60
KOHISTAN DISTRICT,6 PERSONS,4390,4691,1529,674,129,46,47,9,69
KOHISTAN DISTRICT,7 PERSONS,4359,4630,2277,826,145,71,71,9,101
KOHISTAN DISTRICT,8 PERSONS,3432,4957,2740,968,259,83,18,1,40
KOHISTAN DISTRICT,9 PERSONS,2281,4732,2434,1365,291,153,48,9,72
KOHISTAN DISTRICT,10 PERSONS AND ABOVE,3562,9884,6175,3998,1243,612,378,170,625
KOHLU DISTRICT,1 PERSON,68,26,13,6,4,3,2,2,7
KOHLU DISTRICT,2 PERSONS,935,369,186,65,14,23,8,3,13
KOHLU DISTRICT,3 PERSONS,754,526,250,89,23,28,9,3,5
KOHLU DISTRICT,4 PERSONS,793,677,370,172,37,45,18,5,24
KOHLU DISTRICT,5 PERSONS,603,852,463,210,75,73,39,11,28
KOHLU DISTRICT,6 PERSONS,463,854,629,279,80,107,46,19,41
KOHLU DISTRICT,7 PERSONS,372,811,720,380,104,147,85,24,64
KOHLU DISTRICT,8 PERSONS,283,689,726,439,145,153,77,39,66
KOHLU DISTRICT,9 PERSONS,208,568,710,410,138,132,70,37,82
KOHLU DISTRICT,10 PERSONS AND ABOVE,458,1315,1762,1381,695,722,498,328,677
KORANGI DISTRICT,1 PERSON,6168,2375,1009,420,157,86,87,38,48
KORANGI DISTRICT,2 PERSONS,14933,11049,4292,1464,442,342,191,80,141
KORANGI DISTRICT,3 PERSONS,19387,17350,7636,2493,753,459,285,106,165
KORANGI DISTRICT,4 PERSONS,22349,27417,12817,4293,1251,745,455,192,281
KORANGI DISTRICT,5 PERSONS,18903,31079,16474,5643,1790,1064,491,248,325
KORANGI DISTRICT,6 PERSONS,12638,26472,15304,5651,1727,1210,513,273,337
KORANGI DISTRICT,7 PERSONS,6774,17405,11461,4662,1532,998,406,253,267
KORANGI DISTRICT,8 PERSONS,3558,10712,7864,3597,1214,873,314,185,205
KORANGI DISTRICT,9 PERSONS,1646,6395,5537,2825,1015,799,228,183,192
KORANGI DISTRICT,10 PERSONS AND ABOVE,2173,8913,11388,9228,4840,4321,1377,1241,1453
KURRAM AGENCY,1 PERSON,314,172,81,72,34,41,10,5,30
KURRAM AGENCY,2 PERSONS,895,902,359,190,72,69,39,20,27
KURRAM AGENCY,3 PERSONS,909,1237,635,316,107,84,33,23,46
KURRAM AGENCY,4 PERSONS,935,1840,1138,552,195,133,66,34,77
KURRAM AGENCY,5 PERSONS,955,2102,1528,798,314,170,73,63,87
KURRAM AGENCY,6 PERSONS,814,2343,1838,1193,367,292,122,80,102
KURRAM AGENCY,7 PERSONS,626,2088,1914,1326,486,345,113,98,134
KURRAM AGENCY,8 PERSONS,418,1788,1827,1352,523,349,140,93,138
KURRAM AGENCY,9 PERSONS,281,1162,1458,1150,536,331,159,125,167
KURRAM AGENCY,10 PERSONS AND ABOVE,491,2325,4079,4724,3214,2940,1455,1237,2556
LAHORE DISTRICT,1 PERSON,25930,8787,4724,2923,1650,1047,505,320,580
LAHORE DISTRICT,2 PERSONS,42147,28623,12742,6752,3355,1928,910,541,800
LAHORE DISTRICT,3 PERSONS,54770,47556,22664,10949,5087,2789,1479,820,1107
LAHORE DISTRICT,4 PERSONS,71797,79073,39140,20156,8670,4658,2218,1219,1619
LAHORE DISTRICT,5 PERSONS,81534,106976,56658,28745,13209,6864,3039,1798,2322
LAHORE DISTRICT,6 PERSONS,69805,102363,55932,30111,12955,7808,3101,1919,2486
LAHORE DISTRICT,7 PERSONS,42065,70399,41442,22955,10179,6147,2677,1606,1879
LAHORE DISTRICT,8 PERSONS,22096,43848,28534,17026,7542,4876,1917,1323,1516
LAHORE DISTRICT,9 PERSONS,11129,26612,20393,13180,5976,4020,1521,1038,1222
LAHORE DISTRICT,10 PERSONS AND ABOVE,14983,44672,50570,45559,25172,20516,8049,6537,7919
LAKKI MARWAT DISTRICT,1 PERSON,723,255,123,60,30,24,11,9,16
LAKKI MARWAT DISTRICT,2 PERSONS,2053,1173,356,188,86,52,22,11,14
LAKKI MARWAT DISTRICT,3 PERSONS,1994,1595,619,254,105,56,29,13,20
LAKKI MARWAT DISTRICT,4 PERSONS,2286,2458,1046,468,178,91,43,23,40
LAKKI MARWAT DISTRICT,5 PERSONS,2252,3237,1713,779,309,139,61,39,53
LAKKI MARWAT DISTRICT,6 PERSONS,1961,3775,2379,1163,435,205,80,55,52
LAKKI MARWAT DISTRICT,7 PERSONS,1546,3795,2856,1453,591,276,127,66,78
LAKKI MARWAT DISTRICT,8 PERSONS,1095,3227,2952,1665,731,330,139,100,75
LAKKI MARWAT DISTRICT,9 PERSONS,633,2340,2578,1737,747,421,138,93,98
LAKKI MARWAT DISTRICT,10 PERSONS AND ABOVE,881,3840,6774,7162,5174,3398,1884,1317,1999
LARKANA DISTRICT,1 PERSON,3946,884,270,116,43,16,44,7,33
LARKANA DISTRICT,2 PERSONS,22305,5905,1451,613,293,139,180,62,98
LARKANA DISTRICT,3 PERSONS,20025,6962,1709,748,289,154,238,62,75
LARKANA DISTRICT,4 PERSONS,20151,9125,2357,942,342,171,236,53,106
LARKANA DISTRICT,5 PERSONS,18438,10210,2958,1102,419,168,283,64,95
LARKANA DISTRICT,6 PERSONS,16295,10749,3192,1109,392,165,235,66,91
LARKANA DISTRICT,7 PERSONS,12842,9829,2830,1078,341,163,229,48,81
LARKANA DISTRICT,8 PERSONS,9574,8308,2601,989,308,128,173,42,58
LARKANA DISTRICT,9 PERSONS,6096,6137,2062,795,238,112,139,26,40
LARKANA DISTRICT,10 PERSONS AND ABOVE,7770,10898,5055,2479,797,394,327,113,130
LASBELA DISTRICT,1 PERSON,2443,238,82,55,8,3,10,2,5
LASBELA DISTRICT,2 PERSONS,8300,963,240,85,32,14,31,2,7
LASBELA DISTRICT,3 PERSONS,8257,1376,333,113,46,13,31,5,14
LASBELA DISTRICT,4 PERSONS,8275,1970,467,183,41,15,43,9,13
LASBELA DISTRICT,5 PERSONS,7464,2438,666,200,87,34,53,13,20
LASBELA DISTRICT,6 PERSONS,6797,2626,724,249,69,25,54,13,16
LASBELA DISTRICT,7 PERSONS,5513,2477,742,322,77,29,37,10,16
LASBELA DISTRICT,8 PERSONS,4017,2369,780,304,85,39,26,11,10
LASBELA DISTRICT,9 PERSONS,2626,1759,697,285,86,52,33,6,13
LASBELA DISTRICT,10 PERSONS AND ABOVE,3251,3961,2786,1764,767,425,200,121,121
LAYYAH DISTRICT,1 PERSON,2784,1064,369,191,73,31,20,12,13
LAYYAH DISTRICT,2 PERSONS,10997,4653,1267,539,182,73,70,17,22
LAYYAH DISTRICT,3 PERSONS,12499,7134,2282,886,320,124,80,34,34
LAYYAH DISTRICT,4 PERSONS,14911,11668,3858,1704,651,240,136,61,71
LAYYAH DISTRICT,5 PERSONS,15594,15613,6183,2647,972,373,194,100,116
LAYYAH DISTRICT,6 PERSONS,13664,17412,7177,3284,1067,493,264,106,113
LAYYAH DISTRICT,7 PERSONS,9607,14391,6616,3050,1015,469,247,111,113
LAYYAH DISTRICT,8 PERSONS,5808,10632,5345,2585,957,440,210,109,115
LAYYAH DISTRICT,9 PERSONS,2988,6899,4032,2218,832,412,167,95,110
LAYYAH DISTRICT,10 PERSONS AND ABOVE,2905,9478,9267,7384,3747,2297,1041,704,890
LODHRAN DISTRICT,1 PERSON,2730,1204,476,210,77,59,21,16,19
LODHRAN DISTRICT,2 PERSONS,8425,4767,1512,627,231,82,70,22,34
LODHRAN DISTRICT,3 PERSONS,9445,7058,2698,1051,364,177,99,38,44
LODHRAN DISTRICT,4 PERSONS,11834,10883,4436,1885,646,303,156,75,92
LODHRAN DISTRICT,5 PERSONS,12769,14612,6504,2849,1004,496,202,92,123
LODHRAN DISTRICT,6 PERSONS,11349,16157,7500,3541,1277,646,297,140,160
LODHRAN DISTRICT,7 PERSONS,7799,13738,7064,3299,1254,619,299,139,141
LODHRAN DISTRICT,8 PERSONS,4582,9666,5623,2860,1124,548,238,147,127
LODHRAN DISTRICT,9 PERSONS,2404,5899,4007,2194,948,501,192,126,133
LODHRAN DISTRICT,10 PERSONS AND ABOVE,2345,8471,9022,6899,3556,2325,1005,757,994
LORALAI DISTRICT,1 PERSON,724,268,126,52,26,13,3,4,12
LORALAI DISTRICT,2 PERSONS,2248,1844,577,218,87,57,39,24,47
LORALAI DISTRICT,3 PERSONS,1535,1659,719,283,103,53,52,34,29
LORALAI DISTRICT,4 PERSONS,1455,2085,981,412,159,92,49,25,54
LORALAI DISTRICT,5 PERSONS,1158,2171,1258,533,177,96,70,46,57
LORALAI DISTRICT,6 PERSONS,979,2113,1429,628,247,105,61,40,84
LORALAI DISTRICT,7 PERSONS,812,1808,1484,713,270,148,69,54,89
LORALAI DISTRICT,8 PERSONS,549,1626,1442,808,347,145,65,39,86
LORALAI DISTRICT,9 PERSONS,397,1209,1278,771,348,162,69,37,82
LORALAI DISTRICT,10 PERSONS AND ABOVE,655,2156,2943,2269,1449,867,398,303,679
LOWER DIR DISTRICT,1 PERSON,341,185,96,57,33,20,8,19,8
LOWER DIR DISTRICT,2 PERSONS,1543,1242,441,250,105,75,28,21,26
LOWER DIR DISTRICT,3 PERSONS,2008,1867,888,485,210,126,55,33,65
LOWER DIR DISTRICT,4 PERSONS,2643,3086,1612,1006,383,222,91,62,86
LOWER DIR DISTRICT,5 PERSONS,3058,4592,2756,1792,790,382,151,110,139
LOWER DIR DISTRICT,6 PERSONS,2794,5430,3955,2660,1145,663,263,170,179
LOWER DIR DISTRICT,7 PERSONS,2327,5284,4466,3325,1434,881,322,190,243
LOWER DIR DISTRICT,8 PERSONS,1562,4395,4008,3322,1552,829,347,223,251
LOWER DIR DISTRICT,9 PERSONS,909,3052,3450,2969,1404,823,305,194,220
LOWER DIR DISTRICT,10 PERSONS AND ABOVE,1138,5459,9620,12708,8906,7309,3305,2691,3910
MALAKAND PROTECTED AREA,1 PERSON,311,190,90,54,21,18,11,6,6
MALAKAND PROTECTED AREA,2 PERSONS,1222,987,422,233,144,81,33,16,34
MALAKAND PROTECTED AREA,3 PERSONS,1591,1679,822,439,209,123,62,29,42
MALAKAND PROTECTED AREA,4 PERSONS,1993,2808,1476,788,370,189,74,55,69
MALAKAND PROTECTED AREA,5 PERSONS,2303,4009,2470,1388,536,252,112,59,68
MALAKAND PROTECTED AREA,6 PERSONS,2018,4523,3174,1778,732,379,169,75,85
MALAKAND PROTECTED AREA,7 PERSONS,1373,3780,3063,1793,680,378,125,76,109
MALAKAND PROTECTED AREA,8 PERSONS,718,2737,2464,1698,677,324,131,69,84
MALAKAND PROTECTED AREA,9 PERSONS,383,1669,1900,1443,563,272,93,61,89
MALAKAND PROTECTED AREA,10 PERSONS AND ABOVE,483,2472,4776,5855,3618,2647,1056,805,1000
MALIR DISTRICT,1 PERSON,7518,1600,618,287,93,52,59,34,40
MALIR DISTRICT,2 PERSONS,18752,6238,2053,924,335,171,155,54,82
MALIR DISTRICT,3 PERSONS,20487,9504,3412,1453,493,241,186,87,109
MALIR DISTRICT,4 PERSONS,21078,13925,5253,2269,782,357,276,112,155
MALIR DISTRICT,5 PERSONS,18637,16194,7065,2941,1009,429,288,137,170
MALIR DISTRICT,6 PERSONS,14810,15776,7199,3034,929,522,339,189,170
MALIR DISTRICT,7 PERSONS,9718,12784,6304,2611,826,419,240,129,114
MALIR DISTRICT,8 PERSONS,5778,9133,4931,2104,645,401,195,99,116
MALIR DISTRICT,9 PERSONS,3126,5901,3846,1725,575,325,131,97,87
MALIR DISTRICT,10 PERSONS AND ABOVE,3977,9617,9467,6140,2713,1955,727,590,690
MANDI BAHAUDDIN DISTRICT,1 PERSON,1777,1527,758,393,167,103,56,38,74
MANDI BAHAUDDIN DISTRICT,2 PERSONS,4378,4821,2432,1138,410,271,118,74,135
MANDI BAHAUDDIN DISTRICT,3 PERSONS,5575,7316,4333,2065,777,464,210,122,167
MANDI BAHAUDDIN DISTRICT,4 PERSONS,7221,11285,7004,3610,1397,745,301,213,254
MANDI BAHAUDDIN DISTRICT,5 PERSONS,8209,14146,9656,5067,1987,1142,442,294,386
MANDI BAHAUDDIN DISTRICT,6 PERSONS,7025,13774,9753,5332,2130,1227,514,299,426
MANDI BAHAUDDIN DISTRICT,7 PERSONS,4618,10267,7886,4347,1843,1088,450,288,400
MANDI BAHAUDDIN DISTRICT,8 PERSONS,2651,6587,5429,3489,1485,884,369,287,351
MANDI BAHAUDDIN DISTRICT,9 PERSONS,1357,3981,3579,2607,1076,726,291,220,282
MANDI BAHAUDDIN DISTRICT,10 PERSONS AND ABOVE,1501,5524,7213,6661,3634,2938,1312,1109,1739
MARDAN DISTRICT,1 PERSON,1519,685,277,188,67,52,26,16,25
MARDAN DISTRICT,2 PERSONS,6487,3546,1461,724,328,166,84,61,59
MARDAN DISTRICT,3 PERSONS,8210,6000,2462,1161,537,279,119,77,81
MARDAN DISTRICT,4 PERSONS,10267,9764,4214,2029,801,371,167,103,110
MARDAN DISTRICT,5 PERSONS,11499,14430,7015,3301,1297,610,276,149,153
MARDAN DISTRICT,6 PERSONS,10429,17270,9200,4235,1530,765,284,159,158
MARDAN DISTRICT,7 PERSONS,7627,15752,9073,4443,1538,746,291,165,163
MARDAN DISTRICT,8 PERSONS,4422,11922,8087,4129,1422,690,277,143,149
MARDAN DISTRICT,9 PERSONS,2274,7926,6541,3594,1331,644,244,121,103
MARDAN DISTRICT,10 PERSONS AND ABOVE,2374,11400,17525,16968,9515,5837,2308,1439,1583
MASNSEHRA DISTRICT,1 PERSON,2051,1234,361,175,48,36,18,10,25
MASNSEHRA DISTRICT,2 PERSONS,6070,5525,1552,570,190,104,59,32,40
MASNSEHRA DISTRICT,3 PERSONS,6819,8373,2798,1083,335,174,83,54,56
MASNSEHRA DISTRICT,4 PERSONS,7579,12300,4553,2010,637,294,151,71,100
MASNSEHRA DISTRICT,5 PERSONS,7483,15030,6760,3087,913,493,191,121,165
MASNSEHRA DISTRICT,6 PERSONS,6141,15464,7841,3788,1165,629,214,137,191
MASNSEHRA DISTRICT,7 PERSONS,4168,12523,6822,3649,1134,633,267,163,145
MASNSEHRA DISTRICT,8 PERSONS,2506,8818,5378,3096,940,572,193,127,173
MASNSEHRA DISTRICT,9 PERSONS,1267,5364,3795,2325,840,497,191,142,115
MASNSEHRA DISTRICT,10 PERSONS AND ABOVE,1575,8111,8292,7240,3383,2508,976,871,1048
MASTUNG DISTRICT,1 PERSON,137,94,42,23,11,3,6,1,2
MASTUNG DISTRICT,2 PERSONS,733,1186,478,262,66,65,36,17,46
MASTUNG DISTRICT,3 PERSONS,668,1378,731,393,121,95,55,16,46
MASTUNG DISTRICT,4 PERSONS,499,1604,1077,520,183,110,60,25,59
MASTUNG DISTRICT,5 PERSONS,412,1423,1256,691,236,161,81,41,64
MASTUNG DISTRICT,6 PERSONS,328,1243,1368,805,288,180,103,43,89
MASTUNG DISTRICT,7 PERSONS,257,1007,1385,920,293,229,105,48,77
MASTUNG DISTRICT,8 PERSONS,213,765,1114,904,309,255,151,67,94
MASTUNG DISTRICT,9 PERSONS,144,485,826,756,312,249,135,78,93
MASTUNG DISTRICT,10 PERSONS AND ABOVE,249,856,1459,1695,868,814,418,349,624
MATIARI DISTRICT,1 PERSON,2857,327,101,39,13,6,19,3,7
MATIARI DISTRICT,2 PERSONS,16634,1891,461,129,49,16,97,16,36
MATIARI DISTRICT,3 PERSONS,15706,2309,529,180,80,21,94,13,37
MATIARI DISTRICT,4 PERSONS,15852,3090,699,272,74,38,99,17,50
MATIARI DISTRICT,5 PERSONS,14727,3598,851,301,77,40,82,10,33
MATIARI DISTRICT,6 PERSONS,12870,3727,929,377,87,34,82,11,39
MATIARI DISTRICT,7 PERSONS,9784,3221,813,322,72,26,67,12,25
MATIARI DISTRICT,8 PERSONS,6729,2611,677,281,87,27,55,11,27
MATIARI DISTRICT,9 PERSONS,4194,1843,523,228,70,28,36,3,14
MATIARI DISTRICT,10 PERSONS AND ABOVE,4853,3230,1463,702,208,142,71,30,35
MIANWALI DISTRICT,1 PERSON,2194,1383,555,267,103,42,42,19,23
MIANWALI DISTRICT,2 PERSONS,6470,5984,2160,873,309,155,87,32,60
MIANWALI DISTRICT,3 PERSONS,6942,7974,3372,1379,501,213,134,46,61
MIANWALI DISTRICT,4 PERSONS,7650,11593,5582,2420,915,401,206,88,104
MIANWALI DISTRICT,5 PERSONS,7299,13591,7967,3677,1416,643,304,136,171
MIANWALI DISTRICT,6 PERSONS,5555,13136,8602,4164,1739,812,342,154,187
MIANWALI DISTRICT,7 PERSONS,3621,9996,7267,4081,1722,835,373,191,212
MIANWALI DISTRICT,8 PERSONS,2057,6713,5731,3369,1510,820,344,175,234
MIANWALI DISTRICT,9 PERSONS,1204,3979,3989,2744,1260,720,296,190,199
MIANWALI DISTRICT,10 PERSONS AND ABOVE,1482,5580,7594,7331,4492,3089,1534,1070,1714
MIRPUR KHAS DISTRICT,1 PERSON,5778,786,272,82,24,21,29,10,14
MIRPUR KHAS DISTRICT,2 PERSONS,30912,3838,859,318,151,44,141,26,69
MIRPUR KHAS DISTRICT,3 PERSONS,29759,5270,1289,431,190,60,158,30,55
MIRPUR KHAS DISTRICT,4 PERSONS,30014,7672,1941,630,231,97,167,34,85
MIRPUR KHAS DISTRICT,5 PERSONS,29349,9442,2575,792,312,142,188,47,76
MIRPUR KHAS DISTRICT,6 PERSONS,25737,9539,2692,892,323,158,169,49,78
MIRPUR KHAS DISTRICT,7 PERSONS,18601,7894,2360,775,240,143,139,41,70
MIRPUR KHAS DISTRICT,8 PERSONS,11797,6006,1826,606,206,114,104,25,40
MIRPUR KHAS DISTRICT,9 PERSONS,6638,4029,1282,494,145,77,56,16,30
MIRPUR KHAS DISTRICT,10 PERSONS AND ABOVE,5932,5260,2769,1485,578,429,185,97,111
MOHMAND AGENCY,1 PERSON,86,51,44,34,19,7,6,4,2
MOHMAND AGENCY,2 PERSONS,850,484,181,118,30,27,15,5,14
MOHMAND AGENCY,3 PERSONS,877,677,256,135,43,26,12,4,6
MOHMAND AGENCY,4 PERSONS,1024,1011,389,219,64,32,25,11,5
MOHMAND AGENCY,5 PERSONS,1100,1323,673,309,112,44,33,9,16
MOHMAND AGENCY,6 PERSONS,997,1762,1012,498,167,56,51,10,23
MOHMAND AGENCY,7 PERSONS,881,1915,1355,668,217,102,41,23,23
MOHMAND AGENCY,8 PERSONS,670,1801,1461,787,256,122,66,38,23
MOHMAND AGENCY,9 PERSONS,396,1410,1408,820,296,153,62,21,38
MOHMAND AGENCY,10 PERSONS AND ABOVE,661,2697,4551,4578,2662,1903,913,592,786
MULTAN DISTRICT,1 PERSON,8844,3522,1294,654,248,161,85,31,74
MULTAN DISTRICT,2 PERSONS,29216,14085,4316,1803,611,364,296,91,136
MULTAN DISTRICT,3 PERSONS,33676,22065,7548,3107,1111,560,344,120,185
MULTAN DISTRICT,4 PERSONS,40514,34778,12589,5456,1800,1055,559,227,263
MULTAN DISTRICT,5 PERSONS,43122,45742,18757,7829,2902,1554,764,319,385
MULTAN DISTRICT,6 PERSONS,37447,47680,19970,8774,3110,1595,805,360,390
MULTAN DISTRICT,7 PERSONS,24642,36820,16782,7228,2624,1391,692,318,333
MULTAN DISTRICT,8 PERSONS,14044,25511,12786,5676,2107,1140,525,278,280
MULTAN DISTRICT,9 PERSONS,7312,16394,9583,4832,1741,952,423,238,242
MULTAN DISTRICT,10 PERSONS AND ABOVE,7996,24827,23417,16720,7510,4836,2095,1473,1771
MUSAKHEL DISTRICT,1 PERSON,88,46,24,19,10,4,,1,2
MUSAKHEL DISTRICT,2 PERSONS,713,737,234,176,64,20,7,1,3
MUSAKHEL DISTRICT,3 PERSONS,607,810,319,207,66,39,18,6,9
MUSAKHEL DISTRICT,4 PERSONS,593,1062,518,291,85,40,20,11,13
MUSAKHEL DISTRICT,5 PERSONS,498,1089,654,340,108,60,19,10,16
MUSAKHEL DISTRICT,6 PERSONS,382,1120,713,359,121,64,23,9,7
MUSAKHEL DISTRICT,7 PERSONS,320,1011,737,408,125,93,24,13,14
MUSAKHEL DISTRICT,8 PERSONS,221,747,664,463,139,106,36,16,12
MUSAKHEL DISTRICT,9 PERSONS,162,500,488,396,117,116,36,13,21
MUSAKHEL DISTRICT,10 PERSONS AND ABOVE,396,1110,1133,958,451,409,159,115,141
MUZAFFARGARH DISTRICT,1 PERSON,7726,2032,636,262,78,44,41,13,24
MUZAFFARGARH DISTRICT,2 PERSONS,35909,9784,2225,736,271,106,113,30,69
MUZAFFARGARH DISTRICT,3 PERSONS,37437,14525,3688,1222,400,157,175,47,79
MUZAFFARGARH DISTRICT,4 PERSONS,43450,23322,6144,2228,733,291,235,77,84
MUZAFFARGARH DISTRICT,5 PERSONS,43723,31058,9326,3418,1109,463,332,112,139
MUZAFFARGARH DISTRICT,6 PERSONS,39683,35449,11554,4400,1402,619,373,114,168
MUZAFFARGARH DISTRICT,7 PERSONS,29784,32819,11410,4153,1312,589,354,134,139
MUZAFFARGARH DISTRICT,8 PERSONS,19253,26331,10082,3982,1210,619,310,111,134
MUZAFFARGARH DISTRICT,9 PERSONS,10965,18195,8105,3384,1141,540,285,122,119
MUZAFFARGARH DISTRICT,10 PERSONS AND ABOVE,12797,30603,23667,14443,6295,3743,1626,1010,1281
NANKANA SAHIB DISTRICT,1 PERSON,2166,1114,484,212,95,43,20,21,17
NANKANA SAHIB DISTRICT,2 PERSONS,6046,3929,1337,612,217,106,45,27,29
NANKANA SAHIB DISTRICT,3 PERSONS,7497,6167,2451,1050,383,174,93,41,57
NANKANA SAHIB DISTRICT,4 PERSONS,9414,9623,3949,1877,670,317,161,60,61
NANKANA SAHIB DISTRICT,5 PERSONS,10182,12833,6292,2721,1082,460,217,112,94
NANKANA SAHIB DISTRICT,6 PERSONS,9225,13754,7075,3174,1130,549,273,118,149
NANKANA SAHIB DISTRICT,7 PERSONS,6141,11127,6023,2927,1057,524,242,107,130
NANKANA SAHIB DISTRICT,8 PERSONS,3550,7557,4400,2335,872,477,211,111,90
NANKANA SAHIB DISTRICT,9 PERSONS,1807,4463,3086,1797,735,365,136,72,82
NANKANA SAHIB DISTRICT,10 PERSONS AND ABOVE,1764,6372,6608,4981,2472,1536,657,443,516
NAROWAL DISTRICT,1 PERSON,1616,1341,700,374,159,73,51,17,25
NAROWAL DISTRICT,2 PERSONS,2282,3010,1763,974,350,155,89,40,51
NAROWAL DISTRICT,3 PERSONS,3180,4702,3136,1673,666,274,146,59,61
NAROWAL DISTRICT,4 PERSONS,4182,7177,5240,2983,1118,488,228,95,97
NAROWAL DISTRICT,5 PERSONS,5159,10163,8245,4591,1804,769,360,193,195
NAROWAL DISTRICT,6 PERSONS,5219,12076,10024,5969,2392,1102,465,229,230
NAROWAL DISTRICT,7 PERSONS,3953,10480,9634,5889,2455,1145,490,224,264
NAROWAL DISTRICT,8 PERSONS,2390,7512,7434,4957,2073,1041,376,245,240
NAROWAL DISTRICT,9 PERSONS,1287,4599,5251,3857,1757,870,367,185,191
NAROWAL DISTRICT,10 PERSONS AND ABOVE,1243,6269,10452,10815,6065,3884,1754,1190,1467
NASIRABAD DISTRICT,1 PERSON,540,90,35,13,5,2,4,,1
NASIRABAD DISTRICT,2 PERSONS,3943,648,155,41,13,9,33,4,6
NASIRABAD DISTRICT,3 PERSONS,3939,1065,212,67,24,7,35,3,6
NASIRABAD DISTRICT,4 PERSONS,4327,1468,319,94,17,12,37,3,10
NASIRABAD DISTRICT,5 PERSONS,4246,1775,395,101,26,19,31,1,7
NASIRABAD DISTRICT,6 PERSONS,4045,2040,573,145,33,28,51,7,5
NASIRABAD DISTRICT,7 PERSONS,3585,2255,623,189,33,21,35,5,10
NASIRABAD DISTRICT,8 PERSONS,3069,2290,629,252,43,27,32,9,11
NASIRABAD DISTRICT,9 PERSONS,2343,2113,592,243,58,28,27,2,11
NASIRABAD DISTRICT,10 PERSONS AND ABOVE,4770,5318,2619,1279,415,280,138,55,178
NAUSHAHRO FEROZE DISTRICT,1 PERSON,5698,829,246,84,31,14,30,11,13
NAUSHAHRO FEROZE DISTRICT,2 PERSONS,25809,4056,948,345,134,60,168,24,46
NAUSHAHRO FEROZE DISTRICT,3 PERSONS,24519,5463,1181,349,130,46,173,32,62
NAUSHAHRO FEROZE DISTRICT,4 PERSONS,25332,7444,1620,530,196,71,162,35,56
NAUSHAHRO FEROZE DISTRICT,5 PERSONS,23727,9313,2213,678,207,95,191,36,73
NAUSHAHRO FEROZE DISTRICT,6 PERSONS,20932,10133,2522,810,227,114,195,32,59
NAUSHAHRO FEROZE DISTRICT,7 PERSONS,16257,9196,2385,790,220,106,158,36,55
NAUSHAHRO FEROZE DISTRICT,8 PERSONS,11486,7974,2162,736,196,76,124,26,31
NAUSHAHRO FEROZE DISTRICT,9 PERSONS,7261,5851,1856,645,198,86,92,30,32
NAUSHAHRO FEROZE DISTRICT,10 PERSONS AND ABOVE,9636,10969,5311,2382,864,443,311,125,190
NORTH WAZIRISTAN AGENCY,1 PERSON,311,156,99,67,53,42,18,9,22
NORTH WAZIRISTAN AGENCY,2 PERSONS,1984,1157,408,174,87,52,32,11,34
NORTH WAZIRISTAN AGENCY,3 PERSONS,1689,1249,581,252,99,61,34,12,41
NORTH WAZIRISTAN AGENCY,4 PERSONS,1632,1642,851,324,136,65,48,19,42
NORTH WAZIRISTAN AGENCY,5 PERSONS,1454,1828,1188,509,174,111,59,17,50
NORTH WAZIRISTAN AGENCY,6 PERSONS,1231,1920,1330,618,247,133,61,35,58
NORTH WAZIRISTAN AGENCY,7 PERSONS,1007,1880,1623,714,276,186,86,30,61
NORTH WAZIRISTAN AGENCY,8 PERSONS,693,1674,1517,821,312,187,100,39,68
NORTH WAZIRISTAN AGENCY,9 PERSONS,386,1170,1282,727,327,195,106,42,81
NORTH WAZIRISTAN AGENCY,10 PERSONS AND ABOVE,806,2152,4035,3935,2532,1835,1134,799,1546
NOWSHERA DISTRICT,1 PERSON,1319,627,257,155,55,49,27,11,17
NOWSHERA DISTRICT,2 PERSONS,4196,2508,910,389,168,94,66,34,39
NOWSHERA DISTRICT,3 PERSONS,5380,4191,1602,657,247,144,68,38,34
NOWSHERA DISTRICT,4 PERSONS,7038,6773,2846,1209,437,220,101,59,70
NOWSHERA DISTRICT,5 PERSONS,8226,9646,4467,1788,659,338,146,66,89
NOWSHERA DISTRICT,6 PERSONS,7512,11137,5483,2419,834,402,151,82,106
NOWSHERA DISTRICT,7 PERSONS,5067,9741,5457,2443,808,422,159,90,82
NOWSHERA DISTRICT,8 PERSONS,2919,7230,4790,2240,824,348,146,82,108
NOWSHERA DISTRICT,9 PERSONS,1481,4739,3683,2045,763,354,129,63,97
NOWSHERA DISTRICT,10 PERSONS AND ABOVE,1679,7267,10876,10577,5745,3648,1553,1013,1133
NUSHKI DISTRICT,1 PERSON,146,81,33,13,7,7,2,1,4
NUSHKI DISTRICT,2 PERSONS,478,548,190,99,26,9,3,,3
NUSHKI DISTRICT,3 PERSONS,461,608,319,154,36,13,7,5,3
NUSHKI DISTRICT,4 PERSONS,377,789,440,219,53,14,8,2,8
NUSHKI DISTRICT,5 PERSONS,383,789,504,283,76,29,16,6,6
NUSHKI DISTRICT,6 PERSONS,321,810,580,356,114,49,14,9,19
NUSHKI DISTRICT,7 PERSONS,275,760,577,481,160,58,14,8,2
NUSHKI DISTRICT,8 PERSONS,209,626,541,472,178,73,24,20,13
NUSHKI DISTRICT,9 PERSONS,123,524,500,443,192,93,26,27,15
NUSHKI DISTRICT,10 PERSONS AND ABOVE,272,1055,1358,1434,902,568,252,175,353
OKARA DISTRICT,1 PERSON,6172,2472,826,324,129,62,43,20,29
OKARA DISTRICT,2 PERSONS,18674,9404,2838,1063,403,163,163,44,64
OKARA DISTRICT,3 PERSONS,20835,14285,4855,1713,601,275,206,53,76
OKARA DISTRICT,4 PERSONS,25088,21600,7902,3088,1030,493,326,102,124
OKARA DISTRICT,5 PERSONS,27287,29040,11791,4375,1705,704,460,141,184
OKARA DISTRICT,6 PERSONS,24624,31054,13149,5526,1869,889,494,192,211
OKARA DISTRICT,7 PERSONS,16992,25576,11590,4745,1671,775,452,167,209
OKARA DISTRICT,8 PERSONS,10004,17815,8865,3850,1439,672,353,160,144
OKARA DISTRICT,9 PERSONS,5019,10983,6330,3014,1103,562,262,117,125
OKARA DISTRICT,10 PERSONS AND ABOVE,5679,16455,14424,9340,4266,2507,1100,761,810
ORAKZAI AGENCY,1 PERSON,67,50,25,19,8,8,2,4,3
ORAKZAI AGENCY,2 PERSONS,441,520,216,107,36,28,12,7,16
ORAKZAI AGENCY,3 PERSONS,472,763,394,200,94,58,32,25,38
ORAKZAI AGENCY,4 PERSONS,449,984,646,330,126,72,50,36,43
ORAKZAI AGENCY,5 PERSONS,436,1086,762,551,169,125,76,29,47
ORAKZAI AGENCY,6 PERSONS,349,1079,847,648,273,186,86,59,71
ORAKZAI AGENCY,7 PERSONS,259,916,881,691,293,236,122,69,69
ORAKZAI AGENCY,8 PERSONS,175,732,762,668,281,240,137,74,97
ORAKZAI AGENCY,9 PERSONS,98,460,612,641,266,224,125,70,73
ORAKZAI AGENCY,10 PERSONS AND ABOVE,134,699,1367,1969,1365,1173,634,482,823
PAKPATTAN DISTRICT,1 PERSON,4616,1682,614,253,93,50,24,15,29
PAKPATTAN DISTRICT,2 PERSONS,12536,5814,1763,672,244,90,77,38,42
PAKPATTAN DISTRICT,3 PERSONS,14939,8885,3131,1130,396,165,106,35,59
PAKPATTAN DISTRICT,4 PERSONS,17835,13313,4897,1935,656,312,161,77,99
PAKPATTAN DISTRICT,5 PERSONS,18853,17401,7063,2887,1031,422,220,99,104
PAKPATTAN DISTRICT,6 PERSONS,16547,18354,7867,3278,1154,580,237,134,120
PAKPATTAN DISTRICT,7 PERSONS,11203,15024,6821,2892,1096,513,250,125,137
PAKPATTAN DISTRICT,8 PERSONS,6394,10476,5298,2361,924,459,201,104,92
PAKPATTAN DISTRICT,9 PERSONS,3165,6597,3724,1839,778,373,147,81,93
PAKPATTAN DISTRICT,10 PERSONS AND ABOVE,2852,8562,7784,5085,2588,1437,674,414,580
PANJGUR DISTRICT,1 PERSON,248,93,15,21,6,6,4,2,3
PANJGUR DISTRICT,2 PERSONS,637,433,147,129,30,23,26,5,6
PANJGUR DISTRICT,3 PERSONS,687,742,362,298,107,58,24,4,17
PANJGUR DISTRICT,4 PERSONS,869,1384,808,660,240,92,62,21,38
PANJGUR DISTRICT,5 PERSONS,674,1320,1066,961,362,171,87,37,66
PANJGUR DISTRICT,6 PERSONS,534,1220,1237,1179,535,260,167,53,65
PANJGUR DISTRICT,7 PERSONS,370,932,1149,1250,676,298,177,65,83
PANJGUR DISTRICT,8 PERSONS,258,637,920,1127,667,413,203,99,95
PANJGUR DISTRICT,9 PERSONS,195,398,685,890,500,357,245,127,158
PANJGUR DISTRICT,10 PERSONS AND ABOVE,471,906,1580,2573,1881,1207,637,617,1113
PESHAWAR DISTRICT,1 PERSON,3092,1323,1004,580,307,233,129,72,219
PESHAWAR DISTRICT,2 PERSONS,6812,4500,2423,1367,712,518,258,157,238
PESHAWAR DISTRICT,3 PERSONS,8521,7636,4313,2138,1105,783,362,224,320
PESHAWAR DISTRICT,4 PERSONS,10884,12094,7382,3819,1883,1218,604,369,499
PESHAWAR DISTRICT,5 PERSONS,12903,17573,11170,5735,2910,1872,919,533,737
PESHAWAR DISTRICT,6 PERSONS,12398,20543,13636,6683,3288,2295,1050,606,806
PESHAWAR DISTRICT,7 PERSONS,9478,19416,13402,6798,3258,2147,1022,587,842
PESHAWAR DISTRICT,8 PERSONS,6264,15813,12188,6390,2906,1940,979,534,713
PESHAWAR DISTRICT,9 PERSONS,3471,11232,10093,5618,2728,1782,816,472,675
PESHAWAR DISTRICT,10 PERSONS AND ABOVE,4799,20475,33607,31662,20753,15018,7837,5181,7543
PISHIN DISTRICT,1 PERSON,1818,762,196,111,29,22,21,8,24
PISHIN DISTRICT,2 PERSONS,8811,6886,1931,814,262,162,120,71,171
PISHIN DISTRICT,3 PERSONS,4697,5409,1924,735,261,186,120,72,158
PISHIN DISTRICT,4 PERSONS,3937,6150,2534,1116,350,230,156,78,235
PISHIN DISTRICT,5 PERSONS,2951,5858,2697,1204,408,245,187,82,224
PISHIN DISTRICT,6 PERSONS,2204,5497,2877,1311,459,300,212,110,247
PISHIN DISTRICT,7 PERSONS,1702,4680,2893,1455,494,317,200,115,218
PISHIN DISTRICT,8 PERSONS,1169,3750,2840,1444,546,345,224,113,225
PISHIN DISTRICT,9 PERSONS,762,2744,2276,1314,503,325,202,136,260
PISHIN DISTRICT,10 PERSONS AND ABOVE,1165,4087,4184,2891,1394,903,507,386,788
QUETTA DISTRICT,1 PERSON,2172,1453,951,508,210,144,77,77,99
QUETTA DISTRICT,2 PERSONS,5247,4529,2090,1036,494,383,214,139,283
QUETTA DISTRICT,3 PERSONS,5174,6035,3323,1607,717,400,224,180,350
QUETTA DISTRICT,4 PERSONS,5141,8547,5345,2455,1063,586,338,231,427
QUETTA DISTRICT,5 PERSONS,4695,10046,7177,3394,1478,850,431,310,463
QUETTA DISTRICT,6 PERSONS,3875,10039,7852,4048,1728,1057,538,351,537
QUETTA DISTRICT,7 PERSONS,2749,8810,7768,4236,1789,1059,534,388,572
QUETTA DISTRICT,8 PERSONS,1868,7007,7007,4220,1877,1066,481,343,498
QUETTA DISTRICT,9 PERSONS,1114,5429,6082,3975,1847,1049,491,339,547
QUETTA DISTRICT,10 PERSONS AND ABOVE,2136,10158,16691,16837,10961,7783,4100,3121,5278
RAHIM YAR KHAN DISTRICT,1 PERSON,6481,2783,1155,570,219,104,74,40,39
RAHIM YAR KHAN DISTRICT,2 PERSONS,23715,10897,3660,1522,589,250,207,83,93
RAHIM YAR KHAN DISTRICT,3 PERSONS,27950,16749,6295,2564,886,422,305,114,157
RAHIM YAR KHAN DISTRICT,4 PERSONS,33201,25255,10393,4466,1594,687,416,182,252
RAHIM YAR KHAN DISTRICT,5 PERSONS,34435,33322,15399,6655,2503,1102,673,241,298
RAHIM YAR KHAN DISTRICT,6 PERSONS,31623,35913,17590,8172,2909,1442,784,291,356
RAHIM YAR KHAN DISTRICT,7 PERSONS,24926,31758,16074,7363,2749,1310,711,314,343
RAHIM YAR KHAN DISTRICT,8 PERSONS,17748,25192,13276,6382,2250,1110,590,300,296
RAHIM YAR KHAN DISTRICT,9 PERSONS,11191,18052,10176,5225,1932,1034,473,240,259
RAHIM YAR KHAN DISTRICT,10 PERSONS AND ABOVE,15898,34881,29335,19733,8848,5604,2705,1826,2002
RAJANPUR DISTRICT,1 PERSON,2670,717,250,116,47,12,14,6,12
RAJANPUR DISTRICT,2 PERSONS,12664,2557,695,228,84,34,61,15,24
RAJANPUR DISTRICT,3 PERSONS,14138,3775,1098,360,132,59,64,25,49
RAJANPUR DISTRICT,4 PERSONS,15938,5864,1700,581,187,75,97,43,51
RAJANPUR DISTRICT,5 PERSONS,16640,7905,2358,821,311,120,123,40,64
RAJANPUR DISTRICT,6 PERSONS,15965,9744,3032,1090,366,184,147,41,71
RAJANPUR DISTRICT,7 PERSONS,13982,10521,3309,1192,398,185,155,44,73
RAJANPUR DISTRICT,8 PERSONS,10886,9860,3398,1237,375,171,147,45,90
RAJANPUR DISTRICT,9 PERSONS,7536,8091,3257,1167,377,169,131,38,73
RAJANPUR DISTRICT,10 PERSONS AND ABOVE,11640,19667,13916,8075,3454,1944,994,567,815
RAWALPINDI DISTRICT,1 PERSON,9144,6673,4596,2270,834,637,267,190,390
RAWALPINDI DISTRICT,2 PERSONS,10807,19279,13904,6127,2183,1425,597,386,549
RAWALPINDI DISTRICT,3 PERSONS,11542,26379,23152,9791,3472,2071,869,538,665
RAWALPINDI DISTRICT,4 PERSONS,14039,40824,38378,17517,5929,3496,1384,959,988
RAWALPINDI DISTRICT,5 PERSONS,13566,48732,53368,24354,8923,5232,1988,1321,1345
RAWALPINDI DISTRICT,6 PERSONS,9575,40351,48246,24410,8753,5696,2057,1388,1445
RAWALPINDI DISTRICT,7 PERSONS,5244,24855,32473,18174,7074,4775,1770,1290,1225
RAWALPINDI DISTRICT,8 PERSONS,2756,13621,20203,12901,5335,3902,1388,1062,996
RAWALPINDI DISTRICT,9 PERSONS,1419,7479,12516,8998,4137,3228,1058,916,878
RAWALPINDI DISTRICT,10 PERSONS AND ABOVE,2360,10788,23152,21771,12314,12444,4903,4644,5846
SAHIWAL DISTRICT,1 PERSON,3843,2206,991,485,184,110,54,36,54
SAHIWAL DISTRICT,2 PERSONS,9681,7544,3056,1335,546,262,134,69,74
SAHIWAL DISTRICT,3 PERSONS,11555,11494,5294,2267,852,395,225,115,119
SAHIWAL DISTRICT,4 PERSONS,14083,17248,8815,4112,1518,742,342,169,180
SAHIWAL DISTRICT,5 PERSONS,15913,22337,13082,6007,2358,1038,539,247,265
SAHIWAL DISTRICT,6 PERSONS,13797,22712,13466,6615,2635,1227,566,299,270
SAHIWAL DISTRICT,7 PERSONS,9364,17576,11423,5827,2259,1167,507,263,284
SAHIWAL DISTRICT,8 PERSONS,5469,12044,8303,4576,1892,977,423,259,216
SAHIWAL DISTRICT,9 PERSONS,2987,7456,6076,3578,1581,738,335,182,168
SAHIWAL DISTRICT,10 PERSONS AND ABOVE,3504,11110,13249,10607,5776,3723,1717,1106,1389
SANGHAR DISTRICT,1 PERSON,8167,1049,300,121,49,27,63,8,32
SANGHAR DISTRICT,2 PERSONS,38256,5714,1397,584,223,72,237,47,120
SANGHAR DISTRICT,3 PERSONS,36442,6852,1773,619,250,93,270,35,107
SANGHAR DISTRICT,4 PERSONS,37328,9166,2457,906,244,100,287,40,141
SANGHAR DISTRICT,5 PERSONS,35259,10653,2866,1123,319,157,286,36,116
SANGHAR DISTRICT,6 PERSONS,31186,11387,3014,1222,357,189,270,39,112
SANGHAR DISTRICT,7 PERSONS,24277,10160,2829,1152,346,154,256,34,89
SANGHAR DISTRICT,8 PERSONS,17309,8187,2304,899,257,157,193,38,86
SANGHAR DISTRICT,9 PERSONS,10884,5910,1824,718,200,119,130,31,43
SANGHAR DISTRICT,10 PERSONS AND ABOVE,12607,9505,4231,2218,785,453,319,119,148
SARGODHA DISTRICT,1 PERSON,6007,3461,1471,680,252,161,62,48,72
SARGODHA DISTRICT,2 PERSONS,15791,12495,4827,2042,728,428,218,117,158
SARGODHA DISTRICT,3 PERSONS,18404,18074,8468,3360,1256,677,333,142,198
SARGODHA DISTRICT,4 PERSONS,23377,28726,14014,6048,2198,1078,542,281,324
SARGODHA DISTRICT,5 PERSONS,24948,36804,20502,8886,3376,1628,762,387,434
SARGODHA DISTRICT,6 PERSONS,21458,36449,21250,9725,3568,1891,779,441,467
SARGODHA DISTRICT,7 PERSONS,13543,27050,17237,8149,3097,1577,776,376,408
SARGODHA DISTRICT,8 PERSONS,7606,17577,12214,6356,2399,1367,578,326,328
SARGODHA DISTRICT,9 PERSONS,3908,10446,8450,4900,1958,1179,472,293,301
SARGODHA DISTRICT,10 PERSONS AND ABOVE,4517,15518,17717,13872,7249,4785,2129,1370,1743
SHAHEED BENAZIRABAD DISTRICT,1 PERSON,7319,776,237,94,50,17,50,11,22
SHAHEED BENAZIRABAD DISTRICT,2 PERSONS,32298,4390,983,387,192,87,199,40,89
SHAHEED BENAZIRABAD DISTRICT,3 PERSONS,30289,5465,1226,464,188,87,215,49,88
SHAHEED BENAZIRABAD DISTRICT,4 PERSONS,30860,7300,1643,656,280,140,223,51,107
SHAHEED BENAZIRABAD DISTRICT,5 PERSONS,28367,8686,1965,784,331,148,234,57,121
SHAHEED BENAZIRABAD DISTRICT,6 PERSONS,24731,9153,2177,803,290,163,222,50,86
SHAHEED BENAZIRABAD DISTRICT,7 PERSONS,18810,8022,1842,714,234,165,195,43,69
SHAHEED BENAZIRABAD DISTRICT,8 PERSONS,12931,6399,1704,613,185,116,129,29,44
SHAHEED BENAZIRABAD DISTRICT,9 PERSONS,7940,4683,1240,490,155,98,94,23,31
SHAHEED BENAZIRABAD DISTRICT,10 PERSONS AND ABOVE,9494,7773,3203,1618,553,302,257,109,134
SHANGLA DISTRICT,1 PERSON,214,148,31,13,8,4,1,2,
SHANGLA DISTRICT,2 PERSONS,1098,1289,216,104,24,14,7,4,8
SHANGLA DISTRICT,3 PERSONS,1230,2089,455,177,50,22,13,10,11
SHANGLA DISTRICT,4 PERSONS,1557,3469,879,306,61,54,23,10,14
SHANGLA DISTRICT,5 PERSONS,1664,4455,1396,537,146,70,33,19,35
SHANGLA DISTRICT,6 PERSONS,1613,5316,1981,862,197,115,37,21,38
SHANGLA DISTRICT,7 PERSONS,1311,5463,2463,1168,284,151,45,31,38
SHANGLA DISTRICT,8 PERSONS,913,4729,2447,1264,298,177,57,47,50
SHANGLA DISTRICT,9 PERSONS,560,3421,2223,1122,269,223,55,42,52
SHANGLA DISTRICT,10 PERSONS AND ABOVE,833,7034,7503,5939,2296,1895,559,544,730
SHEIKHUPURA DISTRICT,1 PERSON,5139,2589,1061,555,191,103,58,45,55
SHEIKHUPURA DISTRICT,2 PERSONS,11430,7797,2770,1218,403,237,119,72,79
SHEIKHUPURA DISTRICT,3 PERSONS,14901,12737,5255,2148,719,399,222,93,126
SHEIKHUPURA DISTRICT,4 PERSONS,18943,20532,9159,3905,1367,695,375,179,242
SHEIKHUPURA DISTRICT,5 PERSONS,22059,29399,14754,6545,2383,1188,541,289,341
SHEIKHUPURA DISTRICT,6 PERSONS,20807,32915,17593,8293,2827,1542,673,357,424
SHEIKHUPURA DISTRICT,7 PERSONS,14434,26929,15642,7546,2743,1429,677,384,393
SHEIKHUPURA DISTRICT,8 PERSONS,8187,18521,11958,6193,2218,1177,462,301,313
SHEIKHUPURA DISTRICT,9 PERSONS,4005,11267,8692,4819,1943,1009,482,237,266
SHEIKHUPURA DISTRICT,10 PERSONS AND ABOVE,4614,16938,19674,15747,7376,5194,2182,1627,1768
SHERANI DISTRICT,1 PERSON,55,30,15,7,2,,1,1,1
SHERANI DISTRICT,2 PERSONS,590,579,271,97,26,13,9,4,8
SHERANI DISTRICT,3 PERSONS,540,664,270,87,34,18,8,7,12
SHERANI DISTRICT,4 PERSONS,562,873,417,121,79,54,20,9,26
SHERANI DISTRICT,5 PERSONS,421,862,455,132,66,68,36,5,21
SHERANI DISTRICT,6 PERSONS,408,794,509,167,70,63,63,28,32
SHERANI DISTRICT,7 PERSONS,283,718,530,218,87,67,56,35,37
SHERANI DISTRICT,8 PERSONS,225,575,492,209,106,72,66,42,65
SHERANI DISTRICT,9 PERSONS,161,462,430,207,75,59,24,35,53
SHERANI DISTRICT,10 PERSONS AND ABOVE,324,1096,1298,795,482,379,211,162,461
SHIKARPUR DISTRICT,1 PERSON,3728,439,119,66,17,7,26,2,8
SHIKARPUR DISTRICT,2 PERSONS,19917,2464,625,237,79,40,120,11,22
SHIKARPUR DISTRICT,3 PERSONS,18505,3170,680,280,97,53,115,18,30
SHIKARPUR DISTRICT,4 PERSONS,19501,4263,931,404,99,58,152,12,41
SHIKARPUR DISTRICT,5 PERSONS,18464,5033,1174,467,148,74,113,20,40
SHIKARPUR DISTRICT,6 PERSONS,16501,5245,1202,518,130,55,139,12,39
SHIKARPUR DISTRICT,7 PERSONS,13984,5123,1164,492,131,72,103,17,36
SHIKARPUR DISTRICT,8 PERSONS,10945,4496,1115,471,123,60,104,16,21
SHIKARPUR DISTRICT,9 PERSONS,7428,3713,942,426,123,47,91,11,26
SHIKARPUR DISTRICT,10 PERSONS AND ABOVE,11938,7721,3126,1428,458,272,224,90,119
SIALKOT DISTRICT,1 PERSON,4000,2940,1652,1033,466,315,142,94,150
SIALKOT DISTRICT,2 PERSONS,6468,7879,4539,2599,1156,656,304,204,238
SIALKOT DISTRICT,3 PERSONS,8729,13107,8755,5024,2081,1220,542,342,344
SIALKOT DISTRICT,4 PERSONS,11394,20200,14813,8696,3788,2148,895,583,569
SIALKOT DISTRICT,5 PERSONS,13473,27031,21665,13106,5729,3392,1370,801,845
SIALKOT DISTRICT,6 PERSONS,12397,28598,23938,14918,6602,4036,1597,984,1069
SIALKOT DISTRICT,7 PERSONS,8411,21968,19875,13007,5906,3498,1497,957,981
SIALKOT DISTRICT,8 PERSONS,4862,14472,14058,10003,4543,2806,1203,846,825
SIALKOT DISTRICT,9 PERSONS,2339,8236,9177,7074,3424,2329,936,693,762
SIALKOT DISTRICT,10 PERSONS AND ABOVE,2721,11807,19109,19957,12172,9692,4548,3937,5099
SIBI DISTRICT,1 PERSON,363,152,35,18,13,3,3,2,6
SIBI DISTRICT,2 PERSONS,1979,628,166,69,28,13,10,9,9
SIBI DISTRICT,3 PERSONS,1665,761,240,83,36,14,12,8,7
SIBI DISTRICT,4 PERSONS,1608,1095,283,129,44,23,11,6,9
SIBI DISTRICT,5 PERSONS,1349,1340,388,154,52,21,18,10,12
SIBI DISTRICT,6 PERSONS,1070,1368,437,152,54,26,19,13,12
SIBI DISTRICT,7 PERSONS,860,1236,468,175,43,28,12,5,14
SIBI DISTRICT,8 PERSONS,556,970,454,202,51,23,8,10,13
SIBI DISTRICT,9 PERSONS,387,726,377,170,49,25,9,12,12
SIBI DISTRICT,10 PERSONS AND ABOVE,593,1180,989,730,355,195,82,64,59
SOHBATPUR DISTRICT,1 PERSON,379,48,12,4,2,,,,1
SOHBATPUR DISTRICT,2 PERSONS,2376,267,67,25,7,1,6,2,5
SOHBATPUR DISTRICT,3 PERSONS,2457,317,94,35,7,,7,,2
SOHBATPUR DISTRICT,4 PERSONS,2712,428,115,46,6,2,7,1,9
SOHBATPUR DISTRICT,5 PERSONS,2808,575,147,30,7,2,11,,5
SOHBATPUR DISTRICT,6 PERSONS,2686,589,206,54,8,2,16,,10
SOHBATPUR DISTRICT,7 PERSONS,2393,684,173,47,12,5,10,3,4
SOHBATPUR DISTRICT,8 PERSONS,1964,649,165,52,18,6,17,7,5
SOHBATPUR DISTRICT,9 PERSONS,1385,521,154,53,13,8,13,1,3
SOHBATPUR DISTRICT,10 PERSONS AND ABOVE,2637,1540,610,210,51,42,26,13,17
SOUTH WAZIRISTAN AGENCY,1 PERSON,370,374,202,90,55,22,13,9,28
SOUTH WAZIRISTAN AGENCY,2 PERSONS,1491,1725,853,507,144,97,49,16,43
SOUTH WAZIRISTAN AGENCY,3 PERSONS,1305,2066,1206,668,201,133,61,34,59
SOUTH WAZIRISTAN AGENCY,4 PERSONS,1099,2628,1703,976,296,169,79,47,68
SOUTH WAZIRISTAN AGENCY,5 PERSONS,865,2490,2284,1326,346,242,127,60,104
SOUTH WAZIRISTAN AGENCY,6 PERSONS,718,2401,2570,1522,539,294,156,67,123
SOUTH WAZIRISTAN AGENCY,7 PERSONS,577,2097,2413,1664,613,360,196,105,194
SOUTH WAZIRISTAN AGENCY,8 PERSONS,438,1559,2052,1706,655,372,202,137,182
SOUTH WAZIRISTAN AGENCY,9 PERSONS,273,1057,1692,1504,655,412,221,137,178
SOUTH WAZIRISTAN AGENCY,10 PERSONS AND ABOVE,710,2378,4310,4493,3126,2519,1580,1237,2559
SUJAWAL DISTRICT,1 PERSON,5162,169,43,17,12,3,25,2,8
SUJAWAL DISTRICT,2 PERSONS,20808,958,163,85,43,20,88,8,32
SUJAWAL DISTRICT,3 PERSONS,19543,1390,236,71,40,12,105,4,21
SUJAWAL DISTRICT,4 PERSONS,20069,1899,301,106,56,18,86,6,33
SUJAWAL DISTRICT,5 PERSONS,17963,2097,374,118,54,9,95,7,33
SUJAWAL DISTRICT,6 PERSONS,15506,2006,387,119,43,15,65,5,31
SUJAWAL DISTRICT,7 PERSONS,12001,1828,350,102,44,14,76,5,18
SUJAWAL DISTRICT,8 PERSONS,8495,1539,329,106,37,10,54,5,17
SUJAWAL DISTRICT,9 PERSONS,5477,1252,247,78,32,5,43,,14
SUJAWAL DISTRICT,10 PERSONS AND ABOVE,6090,2055,637,243,80,29,64,7,21
SUKKUR DISTRICT,1 PERSON,4684,820,275,92,35,24,33,5,10
SUKKUR DISTRICT,2 PERSONS,24299,4716,1207,437,168,89,142,28,51
SUKKUR DISTRICT,3 PERSONS,22391,5916,1534,549,173,76,151,22,50
SUKKUR DISTRICT,4 PERSONS,23327,7738,2265,778,261,122,206,43,66
SUKKUR DISTRICT,5 PERSONS,21707,8890,2861,961,303,152,176,50,70
SUKKUR DISTRICT,6 PERSONS,19090,8875,2922,1074,327,160,198,34,59
SUKKUR DISTRICT,7 PERSONS,14984,7566,2379,982,279,139,202,34,56
SUKKUR DISTRICT,8 PERSONS,11066,5990,2038,804,226,98,123,27,52
SUKKUR DISTRICT,9 PERSONS,7369,4296,1441,632,208,81,94,23,37
SUKKUR DISTRICT,10 PERSONS AND ABOVE,10301,7842,3496,1940,624,399,230,116,148
SWABI DISTRICT,1 PERSON,1548,795,267,132,42,40,6,4,15
SWABI DISTRICT,2 PERSONS,4502,2777,911,433,144,95,58,19,21
SWABI DISTRICT,3 PERSONS,5188,4174,1528,679,222,105,47,30,29
SWABI DISTRICT,4 PERSONS,6895,7195,2872,1284,353,206,92,51,54
SWABI DISTRICT,5 PERSONS,8129,10532,4687,2093,631,299,137,66,70
SWABI DISTRICT,6 PERSONS,7505,12516,5935,2793,774,389,184,81,83
SWABI DISTRICT,7 PERSONS,5538,11123,5996,2962,908,349,184,84,84
SWABI DISTRICT,8 PERSONS,3474,8483,5168,2746,792,406,162,86,69
SWABI DISTRICT,9 PERSONS,1783,5434,4162,2386,750,392,130,77,69
SWABI DISTRICT,10 PERSONS AND ABOVE,1980,8523,12423,11844,5949,3836,1408,942,909
SWAT DISTRICT,1 PERSON,696,372,153,128,57,42,14,7,20
SWAT DISTRICT,2 PERSONS,3105,2535,812,483,208,137,68,55,67
SWAT DISTRICT,3 PERSONS,4211,4870,1819,1059,384,243,119,70,96
SWAT DISTRICT,4 PERSONS,5626,8199,3515,1905,684,408,208,136,166
SWAT DISTRICT,5 PERSONS,6323,11534,5807,3301,1148,729,272,204,264
SWAT DISTRICT,6 PERSONS,5922,13822,7675,4413,1607,1023,382,292,304
SWAT DISTRICT,7 PERSONS,4401,12817,8101,4643,1701,1035,416,268,340
SWAT DISTRICT,8 PERSONS,2758,10104,7418,4480,1567,1019,352,252,358
SWAT DISTRICT,9 PERSONS,1558,7088,5949,3957,1404,938,346,265,294
SWAT DISTRICT,10 PERSONS AND ABOVE,2268,13405,18634,18678,9195,7852,3114,2584,3716
TANDO ALLAHYAR DISTRICT,1 PERSON,3820,404,91,29,20,7,17,2,12
TANDO ALLAHYAR DISTRICT,2 PERSONS,20537,2203,387,148,79,33,115,26,56
TANDO ALLAHYAR DISTRICT,3 PERSONS,19361,2830,501,202,94,37,115,25,48
TANDO ALLAHYAR DISTRICT,4 PERSONS,19575,3678,700,252,88,25,147,24,54
TANDO ALLAHYAR DISTRICT,5 PERSONS,18072,4207,853,281,107,36,138,21,60
TANDO ALLAHYAR DISTRICT,6 PERSONS,16246,4169,917,295,106,38,128,24,38
TANDO ALLAHYAR DISTRICT,7 PERSONS,12217,3316,766,265,90,31,111,10,32
TANDO ALLAHYAR DISTRICT,8 PERSONS,7681,2525,589,186,83,20,76,16,27
TANDO ALLAHYAR DISTRICT,9 PERSONS,4317,1736,461,157,54,23,29,7,13
TANDO ALLAHYAR DISTRICT,10 PERSONS AND ABOVE,4046,2255,822,434,127,64,68,13,28
TANDO MUHAMMAD KHAN DISTRICT,1 PERSON,3274,263,75,38,10,3,16,3,6
TANDO MUHAMMAD KHAN DISTRICT,2 PERSONS,16598,1238,245,108,54,16,105,25,33
TANDO MUHAMMAD KHAN DISTRICT,3 PERSONS,16001,1536,299,118,48,18,96,20,43
TANDO MUHAMMAD KHAN DISTRICT,4 PERSONS,16173,2069,382,169,60,36,113,20,49
TANDO MUHAMMAD KHAN DISTRICT,5 PERSONS,15250,2413,462,172,67,32,94,26,42
TANDO MUHAMMAD KHAN DISTRICT,6 PERSONS,13758,2481,520,199,52,30,100,14,46
TANDO MUHAMMAD KHAN DISTRICT,7 PERSONS,10367,2195,431,140,41,29,98,16,24
TANDO MUHAMMAD KHAN DISTRICT,8 PERSONS,6881,1655,309,103,45,31,54,18,19
TANDO MUHAMMAD KHAN DISTRICT,9 PERSONS,4066,1187,266,118,34,25,48,14,15
TANDO MUHAMMAD KHAN DISTRICT,10 PERSONS AND ABOVE,4510,1922,611,321,66,51,78,24,36
TANK DISTRICT,1 PERSON,228,121,53,28,12,11,5,1,1
TANK DISTRICT,2 PERSONS,748,501,173,62,34,20,4,5,12
TANK DISTRICT,3 PERSONS,736,738,251,113,45,18,18,9,16
TANK DISTRICT,4 PERSONS,842,1098,461,205,69,47,21,12,16
TANK DISTRICT,5 PERSONS,940,1619,755,272,114,54,30,15,19
TANK DISTRICT,6 PERSONS,795,1842,1102,430,166,82,38,13,44
TANK DISTRICT,7 PERSONS,635,1815,1313,584,233,99,45,29,40
TANK DISTRICT,8 PERSONS,435,1507,1331,707,263,112,41,22,35
TANK DISTRICT,9 PERSONS,273,1170,1145,748,288,125,44,28,38
TANK DISTRICT,10 PERSONS AND ABOVE,360,1870,3289,3481,2191,1375,732,470,678
THARPARKAR DISTRICT,1 PERSON,6206,1928,445,170,53,20,43,6,21
THARPARKAR DISTRICT,2 PERSONS,22417,14054,3246,855,185,100,172,38,59
THARPARKAR DISTRICT,3 PERSONS,14979,13173,4281,1166,252,108,131,29,56
THARPARKAR DISTRICT,4 PERSONS,13539,16931,6648,1981,385,150,137,29,64
THARPARKAR DISTRICT,5 PERSONS,10937,16337,8054,2499,542,218,160,34,76
THARPARKAR DISTRICT,6 PERSONS,8838,14944,8710,3042,626,201,160,34,74
THARPARKAR DISTRICT,7 PERSONS,6300,11869,8091,3200,677,229,128,45,77
THARPARKAR DISTRICT,8 PERSONS,4045,8913,7417,3150,738,269,115,38,59
THARPARKAR DISTRICT,9 PERSONS,2206,5930,5514,2774,661,269,108,23,46
THARPARKAR DISTRICT,10 PERSONS AND ABOVE,2107,7476,9317,5256,1954,844,285,155,135
THATTA DISTRICT,1 PERSON,5570,404,116,56,19,6,30,4,22
THATTA DISTRICT,2 PERSONS,21524,1383,307,146,76,24,138,24,55
THATTA DISTRICT,3 PERSONS,21170,1919,456,147,94,22,116,26,62
THATTA DISTRICT,4 PERSONS,21495,2533,628,212,96,24,148,30,44
THATTA DISTRICT,5 PERSONS,19915,2853,778,271,104,37,145,36,58
THATTA DISTRICT,6 PERSONS,17434,3028,887,303,114,37,139,28,37
THATTA DISTRICT,7 PERSONS,14279,2601,822,273,96,27,111,32,41
THATTA DISTRICT,8 PERSONS,10179,2096,661,236,80,28,70,17,20
THATTA DISTRICT,9 PERSONS,6627,1514,548,211,65,24,49,14,15
THATTA DISTRICT,10 PERSONS AND ABOVE,9026,2936,1313,653,254,134,106,44,56
TOBA TEK SINGH DISTRICT,1 PERSON,2976,1939,893,503,244,129,80,39,48
TOBA TEK SINGH DISTRICT,2 PERSONS,6615,6133,3011,1475,628,316,160,81,111
TOBA TEK SINGH DISTRICT,3 PERSONS,7970,9115,5298,2545,1070,520,266,120,154
TOBA TEK SINGH DISTRICT,4 PERSONS,9867,13694,8394,4533,1964,950,484,191,221
TOBA TEK SINGH DISTRICT,5 PERSONS,11326,18240,12144,6515,3000,1370,621,338,328
TOBA TEK SINGH DISTRICT,6 PERSONS,9954,18169,12659,7131,3143,1638,671,320,411
TOBA TEK SINGH DISTRICT,7 PERSONS,6554,13790,10257,6187,2769,1415,679,350,379
TOBA TEK SINGH DISTRICT,8 PERSONS,3682,8891,7280,4650,2182,1194,533,318,293
TOBA TEK SINGH DISTRICT,9 PERSONS,1826,5434,5027,3525,1751,931,446,261,254
TOBA TEK SINGH DISTRICT,10 PERSONS AND ABOVE,1970,7714,10855,10391,6329,4135,2025,1449,1740
TORGHAR DISTRICT,1 PERSON,202,91,15,12,5,1,,,1
TORGHAR DISTRICT,2 PERSONS,1067,816,142,47,9,2,4,2,3
TORGHAR DISTRICT,3 PERSONS,1033,1047,248,91,15,9,4,3,3
TORGHAR DISTRICT,4 PERSONS,1010,1383,363,115,23,9,5,1,2
TORGHAR DISTRICT,5 PERSONS,948,1627,458,170,27,8,4,1,1
TORGHAR DISTRICT,6 PERSONS,829,1762,605,194,48,16,11,3,5
TORGHAR DISTRICT,7 PERSONS,624,1633,711,238,49,18,11,2,9
TORGHAR DISTRICT,8 PERSONS,434,1210,664,238,62,21,11,2,3
TORGHAR DISTRICT,9 PERSONS,256,799,530,208,56,20,11,4,4
TORGHAR DISTRICT,10 PERSONS AND ABOVE,257,1241,1223,703,273,154,43,28,31
UMER KOT DISTRICT,1 PERSON,5050,683,168,75,29,14,30,1,9
UMER KOT DISTRICT,2 PERSONS,24084,5762,992,315,101,28,134,24,60
UMER KOT DISTRICT,3 PERSONS,20653,5839,1110,340,88,26,120,22,61
UMER KOT DISTRICT,4 PERSONS,20146,7660,1596,489,115,32,136,27,48
UMER KOT DISTRICT,5 PERSONS,18664,8430,1963,576,158,53,109,31,57
UMER KOT DISTRICT,6 PERSONS,16976,8515,2326,700,167,66,109,27,58
UMER KOT DISTRICT,7 PERSONS,12195,6755,2014,741,163,46,109,23,47
UMER KOT DISTRICT,8 PERSONS,7314,4763,1624,696,121,58,66,17,28
UMER KOT DISTRICT,9 PERSONS,3634,2843,1160,527,138,52,49,11,12
UMER KOT DISTRICT,10 PERSONS AND ABOVE,3180,3190,1683,1003,310,158,88,42,50
UPPER DIR DISTRICT,1 PERSON,430,185,72,42,15,10,4,2,7
UPPER DIR DISTRICT,2 PERSONS,2864,1666,462,217,63,39,22,12,28
UPPER DIR DISTRICT,3 PERSONS,3484,2593,828,322,88,76,37,19,41
UPPER DIR DISTRICT,4 PERSONS,3949,3453,1376,605,202,123,50,29,47
UPPER DIR DISTRICT,5 PERSONS,3890,4749,2107,979,281,213,63,62,72
UPPER DIR DISTRICT,6 PERSONS,3391,5253,2723,1399,410,299,80,70,116
UPPER DIR DISTRICT,7 PERSONS,2669,5322,3212,1733,560,384,147,88,122
UPPER DIR DISTRICT,8 PERSONS,1937,4634,3192,1863,641,376,147,121,150
UPPER DIR DISTRICT,9 PERSONS,1127,3421,2826,1734,640,451,131,113,139
UPPER DIR DISTRICT,10 PERSONS AND ABOVE,1397,6206,7513,6899,3308,2707,1037,1079,1456
VEHARI DISTRICT,1 PERSON,5395,2677,1187,527,193,117,68,24,41
VEHARI DISTRICT,2 PERSONS,13226,8460,3187,1332,505,257,145,78,87
VEHARI DISTRICT,3 PERSONS,16032,12700,5826,2404,887,433,212,99,120
VEHARI DISTRICT,4 PERSONS,19806,19648,9340,4183,1621,772,313,183,171
VEHARI DISTRICT,5 PERSONS,21660,26099,13501,6320,2583,1132,520,293,309
VEHARI DISTRICT,6 PERSONS,18814,26595,14629,7014,2866,1385,624,322,309
VEHARI DISTRICT,7 PERSONS,12565,21052,12290,6245,2639,1275,569,298,288
VEHARI DISTRICT,8 PERSONS,7010,14338,9401,5110,2178,1099,517,257,271
VEHARI DISTRICT,9 PERSONS,3487,8841,6688,3923,1782,920,360,227,243
VEHARI DISTRICT,10 PERSONS AND ABOVE,3510,12244,14121,11924,6639,4194,1975,1437,1909
WASHUK DISTRICT,1 PERSON,1007,146,55,20,5,3,12,1,5
WASHUK DISTRICT,2 PERSONS,2281,739,236,89,15,5,13,2,14
WASHUK DISTRICT,3 PERSONS,2035,845,263,93,17,15,10,1,13
WASHUK DISTRICT,4 PERSONS,2155,1245,504,187,42,15,34,7,11
WASHUK DISTRICT,5 PERSONS,1772,1278,590,267,59,36,17,16,25
WASHUK DISTRICT,6 PERSONS,1476,1204,647,294,102,64,33,13,16
WASHUK DISTRICT,7 PERSONS,1125,930,564,357,118,60,11,6,22
WASHUK DISTRICT,8 PERSONS,970,731,573,310,112,49,24,9,25
WASHUK DISTRICT,9 PERSONS,646,452,399,224,87,45,21,4,19
WASHUK DISTRICT,10 PERSONS AND ABOVE,803,578,541,469,181,218,67,31,45
ZHOB DISTRICT,1 PERSON,196,121,96,31,25,14,14,6,15
ZHOB DISTRICT,2 PERSONS,1509,1431,614,273,168,101,72,22,109
ZHOB DISTRICT,3 PERSONS,1144,1458,682,344,182,106,75,41,104
ZHOB DISTRICT,4 PERSONS,1193,1728,977,451,215,141,114,34,91
ZHOB DISTRICT,5 PERSONS,1054,1763,1165,504,289,146,93,44,115
ZHOB DISTRICT,6 PERSONS,814,1709,1249,601,295,153,106,51,123
ZHOB DISTRICT,7 PERSONS,604,1495,1228,640,300,164,88,52,120
ZHOB DISTRICT,8 PERSONS,438,1304,1158,640,302,177,90,50,127
ZHOB DISTRICT,9 PERSONS,276,939,948,573,260,178,86,51,101
ZHOB DISTRICT,10 PERSONS AND ABOVE,410,1586,2132,1687,897,563,286,242,476
ZIARAT DISTRICT,1 PERSON,516,167,49,15,8,2,6,,
ZIARAT DISTRICT,2 PERSONS,2535,1559,460,157,42,17,26,7,7
ZIARAT DISTRICT,3 PERSONS,1370,1159,428,154,49,18,19,4,13
ZIARAT DISTRICT,4 PERSONS,1269,1323,559,186,79,21,33,7,16
ZIARAT DISTRICT,5 PERSONS,1062,1294,627,256,77,28,31,8,16
ZIARAT DISTRICT,6 PERSONS,835,1233,697,287,78,36,24,6,20
ZIARAT DISTRICT,7 PERSONS,561,1061,643,246,94,39,29,13,5
ZIARAT DISTRICT,8 PERSONS,374,799,549,314,97,39,25,22,29
ZIARAT DISTRICT,9 PERSONS,237,544,459,304,93,33,27,20,31
ZIARAT DISTRICT,10 PERSONS AND ABOVE,307,786,772,560,263,110,75,68,101
ISLAMABAD DISTRICT,1 PERSON,5193,3011,2506,1188,540,429,214,134,322
ISLAMABAD DISTRICT,2 PERSONS,5054,6617,5536,2278,889,664,283,176,320
ISLAMABAD DISTRICT,3 PERSONS,5133,9133,8986,3505,1449,901,379,261,458
ISLAMABAD DISTRICT,4 PERSONS,5848,14003,14978,6535,2511,1628,592,483,633
ISLAMABAD DISTRICT,5 PERSONS,5516,16573,19984,8635,3686,2322,957,659,875
ISLAMABAD DISTRICT,6 PERSONS,4047,13791,17791,8242,3357,2385,880,644,873
ISLAMABAD DISTRICT,7 PERSONS,2384,8994,11738,5888,2569,1910,738,523,749
ISLAMABAD DISTRICT,8 PERSONS,1230,5242,7210,3888,1767,1511,561,469,597
ISLAMABAD DISTRICT,9 PERSONS,653,3022,4597,2806,1347,1102,433,368,481
ISLAMABAD DISTRICT,10 PERSONS AND ABOVE,1064,4877,8908,6988,3911,4025,1655,1531,2422
