district,hhsize,avg_rooms_per_house
ABBOTTABAD DISTRICT,1 PERSON,1.94
ABBOTTABAD DISTRICT,2 PERSONS,2.03
ABBOTTABAD DISTRICT,3 PERSONS,2.22
ABBOTTABAD DISTRICT,4 PERSONS,2.4
ABBOTTABAD DISTRICT,5 PERSONS,2.58
ABBOTTABAD DISTRICT,6 PERSONS,2.73
ABBOTTABAD DISTRICT,7 PERSONS,2.88
ABBOTTABAD DISTRICT,8 PERSONS,3.08
ABBOTTABAD DISTRICT,9 PERSONS,3.3
ABBOTTABAD DISTRICT,10 PERSONS AND ABOVE,4.14
ATTOCK DISTRICT,1 PERSON,2.24
ATTOCK DISTRICT,2 PERSONS,2.42
ATTOCK DISTRICT,3 PERSONS,2.55
ATTOCK DISTRICT,4 PERSONS,2.68
ATTOCK DISTRICT,5 PERSONS,2.81
ATTOCK DISTRICT,6 PERSONS,2.95
ATTOCK DISTRICT,7 PERSONS,3.15
ATTOCK DISTRICT,8 PERSONS,3.35
ATTOCK DISTRICT,9 PERSONS,3.57
ATTOCK DISTRICT,10 PERSONS AND ABOVE,4.34
AWARAN DISTRICT,1 PERSON,1.68
AWARAN DISTRICT,2 PERSONS,1.83
AWARAN DISTRICT,3 PERSONS,2.07
AWARAN DISTRICT,4 PERSONS,2.22
AWARAN DISTRICT,5 PERSONS,2.41
AWARAN DISTRICT,6 PERSONS,2.52
AWARAN DISTRICT,7 PERSONS,2.76
AWARAN DISTRICT,8 PERSONS,2.89
AWARAN DISTRICT,9 PERSONS,3.07
AWARAN DISTRICT,10 PERSONS AND ABOVE,4.43
BADIN DISTRICT,1 PERSON,1.17
BADIN DISTRICT,2 PERSONS,1.18
BADIN DISTRICT,3 PERSONS,1.21
BADIN DISTRICT,4 PERSONS,1.24
BADIN DISTRICT,5 PERSONS,1.28
BADIN DISTRICT,6 PERSONS,1.31
BADIN DISTRICT,7 PERSONS,1.35
BADIN DISTRICT,8 PERSONS,1.39
BADIN DISTRICT,9 PERSONS,1.47
BADIN DISTRICT,10 PERSONS AND ABOVE,1.71
BAHAWALNAGAR DISTRICT,1 PERSON,1.81
BAHAWALNAGAR DISTRICT,2 PERSONS,1.82
BAHAWALNAGAR DISTRICT,3 PERSONS,1.96
BAHAWALNAGAR DISTRICT,4 PERSONS,2.11
BAHAWALNAGAR DISTRICT,5 PERSONS,2.27
BAHAWALNAGAR DISTRICT,6 PERSONS,2.37
BAHAWALNAGAR DISTRICT,7 PERSONS,2.46
BAHAWALNAGAR DISTRICT,8 PERSONS,2.58
BAHAWALNAGAR DISTRICT,9 PERSONS,2.75
BAHAWALNAGAR DISTRICT,10 PERSONS AND ABOVE,3.43
BAHAWALPUR DISTRICT,1 PERSON,1.71
BAHAWALPUR DISTRICT,2 PERSONS,1.71
BAHAWALPUR DISTRICT,3 PERSONS,1.86
BAHAWALPUR DISTRICT,4 PERSONS,2.04
BAHAWALPUR DISTRICT,5 PERSONS,2.19
BAHAWALPUR DISTRICT,6 PERSONS,2.28
BAHAWALPUR DISTRICT,7 PERSONS,2.37
BAHAWALPUR DISTRICT,8 PERSONS,2.5
BAHAWALPUR DISTRICT,9 PERSONS,2.66
BAHAWALPUR DISTRICT,10 PERSONS AND ABOVE,3.39
BAJAUR AGENCY,1 PERSON,2.67
BAJAUR AGENCY,2 PERSONS,1.95
BAJAUR AGENCY,3 PERSONS,2.04
BAJAUR AGENCY,4 PERSONS,2.13
BAJAUR AGENCY,5 PERSONS,2.32
BAJAUR AGENCY,6 PERSONS,2.49
BAJAUR AGENCY,7 PERSONS,2.65
BAJAUR AGENCY,8 PERSONS,2.89
BAJAUR AGENCY,9 PERSONS,3.15
BAJAUR AGENCY,10 PERSONS AND ABOVE,4.22
BANNU DISTRICT,1 PERSON,2.2
BANNU DISTRICT,2 PERSONS,1.97
BANNU DISTRICT,3 PERSONS,2.14
BANNU DISTRICT,4 PERSONS,2.3
BANNU DISTRICT,5 PERSONS,2.47
BANNU DISTRICT,6 PERSONS,2.62
BANNU DISTRICT,7 PERSONS,2.82
BANNU DISTRICT,8 PERSONS,3.01
BANNU DISTRICT,9 PERSONS,3.22
BANNU DISTRICT,10 PERSONS AND ABOVE,4.53
BARKHAN DISTRICT,1 PERSON,1.63
BARKHAN DISTRICT,2 PERSONS,1.9
BARKHAN DISTRICT,3 PERSONS,2.04
BARKHAN DISTRICT,4 PERSONS,2.25
BARKHAN DISTRICT,5 PERSONS,2.36
BARKHAN DISTRICT,6 PERSONS,2.56
BARKHAN DISTRICT,7 PERSONS,2.7
BARKHAN DISTRICT,8 PERSONS,2.91
BARKHAN DISTRICT,9 PERSONS,3.18
BARKHAN DISTRICT,10 PERSONS AND ABOVE,3.77
BATAGRAM DISTRICT,1 PERSON,1.65
BATAGRAM DISTRICT,2 PERSONS,1.74
BATAGRAM DISTRICT,3 PERSONS,1.89
BATAGRAM DISTRICT,4 PERSONS,2.01
BATAGRAM DISTRICT,5 PERSONS,2.19
BATAGRAM DISTRICT,6 PERSONS,2.34
BATAGRAM DISTRICT,7 PERSONS,2.5
BATAGRAM DISTRICT,8 PERSONS,2.64
BATAGRAM DISTRICT,9 PERSONS,2.83
BATAGRAM DISTRICT,10 PERSONS AND ABOVE,3.65
BHAKKAR DISTRICT,1 PERSON,1.76
BHAKKAR DISTRICT,2 PERSONS,1.73
BHAKKAR DISTRICT,3 PERSONS,1.88
BHAKKAR DISTRICT,4 PERSONS,2.06
BHAKKAR DISTRICT,5 PERSONS,2.25
BHAKKAR DISTRICT,6 PERSONS,2.39
BHAKKAR DISTRICT,7 PERSONS,2.55
BHAKKAR DISTRICT,8 PERSONS,2.71
BHAKKAR DISTRICT,9 PERSONS,2.89
BHAKKAR DISTRICT,10 PERSONS AND ABOVE,3.69
BUNNER DISTRICT,1 PERSON,1.77
BUNNER DISTRICT,2 PERSONS,1.8
BUNNER DISTRICT,3 PERSONS,1.88
BUNNER DISTRICT,4 PERSONS,1.99
BUNNER DISTRICT,5 PERSONS,2.17
BUNNER DISTRICT,6 PERSONS,2.31
BUNNER DISTRICT,7 PERSONS,2.49
BUNNER DISTRICT,8 PERSONS,2.61
BUNNER DISTRICT,9 PERSONS,2.84
BUNNER DISTRICT,10 PERSONS AND ABOVE,4.01
CHAGAI DISTRICT,1 PERSON,1.44
CHAGAI DISTRICT,2 PERSONS,1.58
CHAGAI DISTRICT,3 PERSONS,1.79
CHAGAI DISTRICT,4 PERSONS,2
CHAGAI DISTRICT,5 PERSONS,2.17
CHAGAI DISTRICT,6 PERSONS,2.33
CHAGAI DISTRICT,7 PERSONS,2.53
CHAGAI DISTRICT,8 PERSONS,2.74
CHAGAI DISTRICT,9 PERSONS,2.98
CHAGAI DISTRICT,10 PERSONS AND ABOVE,3.66
CHAKWAL DISTRICT,1 PERSON,2.38
CHAKWAL DISTRICT,2 PERSONS,2.6
CHAKWAL DISTRICT,3 PERSONS,2.76
CHAKWAL DISTRICT,4 PERSONS,2.89
CHAKWAL DISTRICT,5 PERSONS,3
CHAKWAL DISTRICT,6 PERSONS,3.15
CHAKWAL DISTRICT,7 PERSONS,3.35
CHAKWAL DISTRICT,8 PERSONS,3.59
CHAKWAL DISTRICT,9 PERSONS,3.81
CHAKWAL DISTRICT,10 PERSONS AND ABOVE,4.46
CHARSADDA  DISTRICT,1 PERSON,1.88
CHARSADDA  DISTRICT,2 PERSONS,1.69
CHARSADDA  DISTRICT,3 PERSONS,1.82
CHARSADDA  DISTRICT,4 PERSONS,1.93
CHARSADDA  DISTRICT,5 PERSONS,2.04
CHARSADDA  DISTRICT,6 PERSONS,2.19
CHARSADDA  DISTRICT,7 PERSONS,2.32
CHARSADDA  DISTRICT,8 PERSONS,2.49
CHARSADDA  DISTRICT,9 PERSONS,2.72
CHARSADDA  DISTRICT,10 PERSONS AND ABOVE,3.7
CHINIOT DISTRICT,1 PERSON,1.86
CHINIOT DISTRICT,2 PERSONS,1.84
CHINIOT DISTRICT,3 PERSONS,1.97
CHINIOT DISTRICT,4 PERSONS,2.08
CHINIOT DISTRICT,5 PERSONS,2.19
CHINIOT DISTRICT,6 PERSONS,2.3
CHINIOT DISTRICT,7 PERSONS,2.39
CHINIOT DISTRICT,8 PERSONS,2.54
CHINIOT DISTRICT,9 PERSONS,2.74
CHINIOT DISTRICT,10 PERSONS AND ABOVE,3.43
CHITRAL DISTRICT,1 PERSON,2.31
CHITRAL DISTRICT,2 PERSONS,2.5
CHITRAL DISTRICT,3 PERSONS,2.82
CHITRAL DISTRICT,4 PERSONS,3.04
CHITRAL DISTRICT,5 PERSONS,3.26
CHITRAL DISTRICT,6 PERSONS,3.41
CHITRAL DISTRICT,7 PERSONS,3.57
CHITRAL DISTRICT,8 PERSONS,3.67
CHITRAL DISTRICT,9 PERSONS,3.86
CHITRAL DISTRICT,10 PERSONS AND ABOVE,4.38
DADU DISTRICT,1 PERSON,1.25
DADU DISTRICT,2 PERSONS,1.28
DADU DISTRICT,3 PERSONS,1.34
DADU DISTRICT,4 PERSONS,1.39
DADU DISTRICT,5 PERSONS,1.45
DADU DISTRICT,6 PERSONS,1.51
DADU DISTRICT,7 PERSONS,1.56
DADU DISTRICT,8 PERSONS,1.62
DADU DISTRICT,9 PERSONS,1.69
DADU DISTRICT,10 PERSONS AND ABOVE,1.99
DERA BUGTI DISTRICT,1 PERSON,1.8
DERA BUGTI DISTRICT,2 PERSONS,1.57
DERA BUGTI DISTRICT,3 PERSONS,1.66
DERA BUGTI DISTRICT,4 PERSONS,1.81
DERA BUGTI DISTRICT,5 PERSONS,1.89
DERA BUGTI DISTRICT,6 PERSONS,1.97
DERA BUGTI DISTRICT,7 PERSONS,2.08
DERA BUGTI DISTRICT,8 PERSONS,2.19
DERA BUGTI DISTRICT,9 PERSONS,2.37
DERA BUGTI DISTRICT,10 PERSONS AND ABOVE,2.68
DERA GHAZI KHAN DISTRICT,1 PERSON,1.75
DERA GHAZI KHAN DISTRICT,2 PERSONS,1.63
DERA GHAZI KHAN DISTRICT,3 PERSONS,1.77
DERA GHAZI KHAN DISTRICT,4 PERSONS,1.94
DERA GHAZI KHAN DISTRICT,5 PERSONS,2.08
DERA GHAZI KHAN DISTRICT,6 PERSONS,2.19
DERA GHAZI KHAN DISTRICT,7 PERSONS,2.32
DERA GHAZI KHAN DISTRICT,8 PERSONS,2.47
DERA GHAZI KHAN DISTRICT,9 PERSONS,2.65
DERA GHAZI KHAN DISTRICT,10 PERSONS AND ABOVE,3.72
DERA ISMAIL KHAN DISTRICT,1 PERSON,1.71
DERA ISMAIL KHAN DISTRICT,2 PERSONS,1.72
DERA ISMAIL KHAN DISTRICT,3 PERSONS,1.85
DERA ISMAIL KHAN DISTRICT,4 PERSONS,2
DERA ISMAIL KHAN DISTRICT,5 PERSONS,2.2
DERA ISMAIL KHAN DISTRICT,6 PERSONS,2.35
DERA ISMAIL KHAN DISTRICT,7 PERSONS,2.51
DERA ISMAIL KHAN DISTRICT,8 PERSONS,2.69
DERA ISMAIL KHAN DISTRICT,9 PERSONS,2.89
DERA ISMAIL KHAN DISTRICT,10 PERSONS AND ABOVE,4.02
FAISALABAD DISTRICT,1 PERSON,1.88
FAISALABAD DISTRICT,2 PERSONS,1.96
FAISALABAD DISTRICT,3 PERSONS,2.1
FAISALABAD DISTRICT,4 PERSONS,2.25
FAISALABAD DISTRICT,5 PERSONS,2.39
FAISALABAD DISTRICT,6 PERSONS,2.5
FAISALABAD DISTRICT,7 PERSONS,2.62
FAISALABAD DISTRICT,8 PERSONS,2.78
FAISALABAD DISTRICT,9 PERSONS,2.99
FAISALABAD DISTRICT,10 PERSONS AND ABOVE,3.72
FR BANNU,1 PERSON,2.26
FR BANNU,2 PERSONS,2.47
FR BANNU,3 PERSONS,2.88
FR BANNU,4 PERSONS,2.82
FR BANNU,5 PERSONS,3.07
FR BANNU,6 PERSONS,3.24
FR BANNU,7 PERSONS,3.43
FR BANNU,8 PERSONS,3.58
FR BANNU,9 PERSONS,3.89
FR BANNU,10 PERSONS AND ABOVE,4.84
FR D.I KHAN,1 PERSON,1.84
FR D.I KHAN,2 PERSONS,1.74
FR D.I KHAN,3 PERSONS,1.94
FR D.I KHAN,4 PERSONS,2.12
FR D.I KHAN,5 PERSONS,2.31
FR D.I KHAN,6 PERSONS,2.66
FR D.I KHAN,7 PERSONS,2.76
FR D.I KHAN,8 PERSONS,2.96
FR D.I KHAN,9 PERSONS,3.22
FR D.I KHAN,10 PERSONS AND ABOVE,4.31
FR KOHAT,1 PERSON,1.48
FR KOHAT,2 PERSONS,1.5
FR KOHAT,3 PERSONS,1.66
FR KOHAT,4 PERSONS,1.87
FR KOHAT,5 PERSONS,2.08
FR KOHAT,6 PERSONS,2.29
FR KOHAT,7 PERSONS,2.56
FR KOHAT,8 PERSONS,2.7
FR KOHAT,9 PERSONS,3.05
FR KOHAT,10 PERSONS AND ABOVE,4.32
FR LAKKI MARWAT,1 PERSON,1.96
FR LAKKI MARWAT,2 PERSONS,2.24
FR LAKKI MARWAT,3 PERSONS,2.49
FR LAKKI MARWAT,4 PERSONS,2.75
FR LAKKI MARWAT,5 PERSONS,3.02
FR LAKKI MARWAT,6 PERSONS,3.33
FR LAKKI MARWAT,7 PERSONS,3.51
FR LAKKI MARWAT,8 PERSONS,3.77
FR LAKKI MARWAT,9 PERSONS,4.18
FR LAKKI MARWAT,10 PERSONS AND ABOVE,5.24
FR PESHAWAR,1 PERSON,2.09
FR PESHAWAR,2 PERSONS,2.34
FR PESHAWAR,3 PERSONS,2.48
FR PESHAWAR,4 PERSONS,2.52
FR PESHAWAR,5 PERSONS,2.59
FR PESHAWAR,6 PERSONS,2.82
FR PESHAWAR,7 PERSONS,2.94
FR PESHAWAR,8 PERSONS,3.13
FR PESHAWAR,9 PERSONS,3.18
FR PESHAWAR,10 PERSONS AND ABOVE,4.39
FR TANK,1 PERSON,1.64
FR TANK,2 PERSONS,1.64
FR TANK,3 PERSONS,1.67
FR TANK,4 PERSONS,1.95
FR TANK,5 PERSONS,1.98
FR TANK,6 PERSONS,2.18
FR TANK,7 PERSONS,2.41
FR TANK,8 PERSONS,2.57
FR TANK,9 PERSONS,2.9
FR TANK,10 PERSONS AND ABOVE,3.83
GHOTKI DISTRICT,1 PERSON,1.19
GHOTKI DISTRICT,2 PERSONS,1.19
GHOTKI DISTRICT,3 PERSONS,1.24
GHOTKI DISTRICT,4 PERSONS,1.29
GHOTKI DISTRICT,5 PERSONS,1.37
GHOTKI DISTRICT,6 PERSONS,1.43
GHOTKI DISTRICT,7 PERSONS,1.45
GHOTKI DISTRICT,8 PERSONS,1.5
GHOTKI DISTRICT,9 PERSONS,1.57
GHOTKI DISTRICT,10 PERSONS AND ABOVE,1.89
GUJRANWALA DISTRICT,1 PERSON,2.23
GUJRANWALA DISTRICT,2 PERSONS,2.33
GUJRANWALA DISTRICT,3 PERSONS,2.46
GUJRANWALA DISTRICT,4 PERSONS,2.61
GUJRANWALA DISTRICT,5 PERSONS,2.72
GUJRANWALA DISTRICT,6 PERSONS,2.8
GUJRANWALA DISTRICT,7 PERSONS,2.93
GUJRANWALA DISTRICT,8 PERSONS,3.07
GUJRANWALA DISTRICT,9 PERSONS,3.29
GUJRANWALA DISTRICT,10 PERSONS AND ABOVE,4.08
GUJRAT DISTRICT,1 PERSON,2.81
GUJRAT DISTRICT,2 PERSONS,2.79
GUJRAT DISTRICT,3 PERSONS,2.84
GUJRAT DISTRICT,4 PERSONS,2.9
GUJRAT DISTRICT,5 PERSONS,3
GUJRAT DISTRICT,6 PERSONS,3.08
GUJRAT DISTRICT,7 PERSONS,3.2
GUJRAT DISTRICT,8 PERSONS,3.39
GUJRAT DISTRICT,9 PERSONS,3.59
GUJRAT DISTRICT,10 PERSONS AND ABOVE,4.28
GWADAR DISTRICT,1 PERSON,1.39
GWADAR DISTRICT,2 PERSONS,1.36
GWADAR DISTRICT,3 PERSONS,1.52
GWADAR DISTRICT,4 PERSONS,1.63
GWADAR DISTRICT,5 PERSONS,1.73
GWADAR DISTRICT,6 PERSONS,1.86
GWADAR DISTRICT,7 PERSONS,2
GWADAR DISTRICT,8 PERSONS,2.19
GWADAR DISTRICT,9 PERSONS,2.41
GWADAR DISTRICT,10 PERSONS AND ABOVE,3.21
HAFIZABAD DISTRICT,1 PERSON,2.13
HAFIZABAD DISTRICT,2 PERSONS,2.11
HAFIZABAD DISTRICT,3 PERSONS,2.27
HAFIZABAD DISTRICT,4 PERSONS,2.42
HAFIZABAD DISTRICT,5 PERSONS,2.53
HAFIZABAD DISTRICT,6 PERSONS,2.63
HAFIZABAD DISTRICT,7 PERSONS,2.74
HAFIZABAD DISTRICT,8 PERSONS,2.9
HAFIZABAD DISTRICT,9 PERSONS,3.1
HAFIZABAD DISTRICT,10 PERSONS AND ABOVE,3.86
HANGU DISTRICT,1 PERSON,2.26
HANGU DISTRICT,2 PERSONS,2.15
HANGU DISTRICT,3 PERSONS,2.3
HANGU DISTRICT,4 PERSONS,2.44
HANGU DISTRICT,5 PERSONS,2.55
HANGU DISTRICT,6 PERSONS,2.78
HANGU DISTRICT,7 PERSONS,2.96
HANGU DISTRICT,8 PERSONS,3.14
HANGU DISTRICT,9 PERSONS,3.39
HANGU DISTRICT,10 PERSONS AND ABOVE,4.71
HARIPUR DISTRICT,1 PERSON,1.96
HARIPUR DISTRICT,2 PERSONS,2.11
HARIPUR DISTRICT,3 PERSONS,2.3
HARIPUR DISTRICT,4 PERSONS,2.46
HARIPUR DISTRICT,5 PERSONS,2.61
HARIPUR DISTRICT,6 PERSONS,2.77
HARIPUR DISTRICT,7 PERSONS,2.95
HARIPUR DISTRICT,8 PERSONS,3.15
HARIPUR DISTRICT,9 PERSONS,3.43
HARIPUR DISTRICT,10 PERSONS AND ABOVE,4.28
HARNAI DISTRICT,1 PERSON,1.57
HARNAI DISTRICT,2 PERSONS,1.75
HARNAI DISTRICT,3 PERSONS,1.92
HARNAI DISTRICT,4 PERSONS,2.12
HARNAI DISTRICT,5 PERSONS,2.24
HARNAI DISTRICT,6 PERSONS,2.39
HARNAI DISTRICT,7 PERSONS,2.54
HARNAI DISTRICT,8 PERSONS,2.63
HARNAI DISTRICT,9 PERSONS,2.82
HARNAI DISTRICT,10 PERSONS AND ABOVE,3.32
HYDERABAD DISTRICT,1 PERSON,1.72
HYDERABAD DISTRICT,2 PERSONS,1.74
HYDERABAD DISTRICT,3 PERSONS,1.79
HYDERABAD DISTRICT,4 PERSONS,1.9
HYDERABAD DISTRICT,5 PERSONS,2
HYDERABAD DISTRICT,6 PERSONS,2.06
HYDERABAD DISTRICT,7 PERSONS,2.07
HYDERABAD DISTRICT,8 PERSONS,2.14
HYDERABAD DISTRICT,9 PERSONS,2.22
HYDERABAD DISTRICT,10 PERSONS AND ABOVE,2.78
JACOBABAD DISTRICT,1 PERSON,1.31
JACOBABAD DISTRICT,2 PERSONS,1.27
JACOBABAD DISTRICT,3 PERSONS,1.32
JACOBABAD DISTRICT,4 PERSONS,1.36
JACOBABAD DISTRICT,5 PERSONS,1.41
JACOBABAD DISTRICT,6 PERSONS,1.43
JACOBABAD DISTRICT,7 PERSONS,1.47
JACOBABAD DISTRICT,8 PERSONS,1.52
JACOBABAD DISTRICT,9 PERSONS,1.58
JACOBABAD DISTRICT,10 PERSONS AND ABOVE,1.87
JAFFARABAD DISTRICT,1 PERSON,1.25
JAFFARABAD DISTRICT,2 PERSONS,1.23
JAFFARABAD DISTRICT,3 PERSONS,1.31
JAFFARABAD DISTRICT,4 PERSONS,1.37
JAFFARABAD DISTRICT,5 PERSONS,1.45
JAFFARABAD DISTRICT,6 PERSONS,1.51
JAFFARABAD DISTRICT,7 PERSONS,1.57
JAFFARABAD DISTRICT,8 PERSONS,1.65
JAFFARABAD DISTRICT,9 PERSONS,1.76
JAFFARABAD DISTRICT,10 PERSONS AND ABOVE,2.18
JAMSHORO DISTRICT,1 PERSON,1.37
JAMSHORO DISTRICT,2 PERSONS,1.32
JAMSHORO DISTRICT,3 PERSONS,1.4
JAMSHORO DISTRICT,4 PERSONS,1.47
JAMSHORO DISTRICT,5 PERSONS,1.55
JAMSHORO DISTRICT,6 PERSONS,1.62
JAMSHORO DISTRICT,7 PERSONS,1.68
JAMSHORO DISTRICT,8 PERSONS,1.75
JAMSHORO DISTRICT,9 PERSONS,1.84
JAMSHORO DISTRICT,10 PERSONS AND ABOVE,2.3
JHAL MAGSI DISTRICT,1 PERSON,1.23
JHAL MAGSI DISTRICT,2 PERSONS,1.24
JHAL MAGSI DISTRICT,3 PERSONS,1.32
JHAL MAGSI DISTRICT,4 PERSONS,1.42
JHAL MAGSI DISTRICT,5 PERSONS,1.53
JHAL MAGSI DISTRICT,6 PERSONS,1.61
JHAL MAGSI DISTRICT,7 PERSONS,1.7
JHAL MAGSI DISTRICT,8 PERSONS,1.81
JHAL MAGSI DISTRICT,9 PERSONS,1.97
JHAL MAGSI DISTRICT,10 PERSONS AND ABOVE,2.29
JHANG DISTRICT,1 PERSON,1.85
JHANG DISTRICT,2 PERSONS,1.85
JHANG DISTRICT,3 PERSONS,2.01
JHANG DISTRICT,4 PERSONS,2.14
JHANG DISTRICT,5 PERSONS,2.29
JHANG DISTRICT,6 PERSONS,2.41
JHANG DISTRICT,7 PERSONS,2.56
JHANG DISTRICT,8 PERSONS,2.72
JHANG DISTRICT,9 PERSONS,2.95
JHANG DISTRICT,10 PERSONS AND ABOVE,3.76
JHELUM DISTRICT,1 PERSON,2.64
JHELUM DISTRICT,2 PERSONS,2.75
JHELUM DISTRICT,3 PERSONS,2.85
JHELUM DISTRICT,4 PERSONS,2.93
JHELUM DISTRICT,5 PERSONS,3.03
JHELUM DISTRICT,6 PERSONS,3.14
JHELUM DISTRICT,7 PERSONS,3.32
JHELUM DISTRICT,8 PERSONS,3.52
JHELUM DISTRICT,9 PERSONS,3.75
JHELUM DISTRICT,10 PERSONS AND ABOVE,4.42
KACHHI DISTRICT,1 PERSON,1.51
KACHHI DISTRICT,2 PERSONS,1.52
KACHHI DISTRICT,3 PERSONS,1.69
KACHHI DISTRICT,4 PERSONS,1.82
KACHHI DISTRICT,5 PERSONS,1.98
KACHHI DISTRICT,6 PERSONS,2.11
KACHHI DISTRICT,7 PERSONS,2.26
KACHHI DISTRICT,8 PERSONS,2.41
KACHHI DISTRICT,9 PERSONS,2.59
KACHHI DISTRICT,10 PERSONS AND ABOVE,3.36
KALAT DISTRICT,1 PERSON,2.03
KALAT DISTRICT,2 PERSONS,2.32
KALAT DISTRICT,3 PERSONS,2.64
KALAT DISTRICT,4 PERSONS,2.76
KALAT DISTRICT,5 PERSONS,2.92
KALAT DISTRICT,6 PERSONS,3.12
KALAT DISTRICT,7 PERSONS,3.22
KALAT DISTRICT,8 PERSONS,3.46
KALAT DISTRICT,9 PERSONS,3.64
KALAT DISTRICT,10 PERSONS AND ABOVE,4.36
KAMBAR SHAHDAD KOT DISTRICT,1 PERSON,1.31
KAMBAR SHAHDAD KOT DISTRICT,2 PERSONS,1.3
KAMBAR SHAHDAD KOT DISTRICT,3 PERSONS,1.34
KAMBAR SHAHDAD KOT DISTRICT,4 PERSONS,1.4
KAMBAR SHAHDAD KOT DISTRICT,5 PERSONS,1.45
KAMBAR SHAHDAD KOT DISTRICT,6 PERSONS,1.51
KAMBAR SHAHDAD KOT DISTRICT,7 PERSONS,1.55
KAMBAR SHAHDAD KOT DISTRICT,8 PERSONS,1.62
KAMBAR SHAHDAD KOT DISTRICT,9 PERSONS,1.7
KAMBAR SHAHDAD KOT DISTRICT,10 PERSONS AND ABOVE,2.01
KARACHI CENTRAL DISTRICT,1 PERSON,2.02
KARACHI CENTRAL DISTRICT,2 PERSONS,2.26
KARACHI CENTRAL DISTRICT,3 PERSONS,2.33
KARACHI CENTRAL DISTRICT,4 PERSONS,2.46
KARACHI CENTRAL DISTRICT,5 PERSONS,2.6
KARACHI CENTRAL DISTRICT,6 PERSONS,2.7
KARACHI CENTRAL DISTRICT,7 PERSONS,2.77
KARACHI CENTRAL DISTRICT,8 PERSONS,2.89
KARACHI CENTRAL DISTRICT,9 PERSONS,3.07
KARACHI CENTRAL DISTRICT,10 PERSONS AND ABOVE,3.93
KARACHI EAST DISTRICT,1 PERSON,2.39
KARACHI EAST DISTRICT,2 PERSONS,2.68
KARACHI EAST DISTRICT,3 PERSONS,2.72
KARACHI EAST DISTRICT,4 PERSONS,2.85
KARACHI EAST DISTRICT,5 PERSONS,2.95
KARACHI EAST DISTRICT,6 PERSONS,2.99
KARACHI EAST DISTRICT,7 PERSONS,2.99
KARACHI EAST DISTRICT,8 PERSONS,3
KARACHI EAST DISTRICT,9 PERSONS,3.15
KARACHI EAST DISTRICT,10 PERSONS AND ABOVE,3.75
KARACHI SOUTH DISTRICT,1 PERSON,2.2
KARACHI SOUTH DISTRICT,2 PERSONS,2.25
KARACHI SOUTH DISTRICT,3 PERSONS,2.26
KARACHI SOUTH DISTRICT,4 PERSONS,2.36
KARACHI SOUTH DISTRICT,5 PERSONS,2.48
KARACHI SOUTH DISTRICT,6 PERSONS,2.58
KARACHI SOUTH DISTRICT,7 PERSONS,2.67
KARACHI SOUTH DISTRICT,8 PERSONS,2.81
KARACHI SOUTH DISTRICT,9 PERSONS,2.99
KARACHI SOUTH DISTRICT,10 PERSONS AND ABOVE,3.67
KARACHI WEST DISTRICT,1 PERSON,1.65
KARACHI WEST DISTRICT,2 PERSONS,1.82
KARACHI WEST DISTRICT,3 PERSONS,1.91
KARACHI WEST DISTRICT,4 PERSONS,2.02
KARACHI WEST DISTRICT,5 PERSONS,2.16
KARACHI WEST DISTRICT,6 PERSONS,2.3
KARACHI WEST DISTRICT,7 PERSONS,2.44
KARACHI WEST DISTRICT,8 PERSONS,2.59
KARACHI WEST DISTRICT,9 PERSONS,2.79
KARACHI WEST DISTRICT,10 PERSONS AND ABOVE,3.59
KARAK DISTRICT,1 PERSON,2.18
KARAK DISTRICT,2 PERSONS,2.14
KARAK DISTRICT,3 PERSONS,2.38
KARAK DISTRICT,4 PERSONS,2.55
KARAK DISTRICT,5 PERSONS,2.78
KARAK DISTRICT,6 PERSONS,2.99
KARAK DISTRICT,7 PERSONS,3.23
KARAK DISTRICT,8 PERSONS,3.46
KARAK DISTRICT,9 PERSONS,3.69
KARAK DISTRICT,10 PERSONS AND ABOVE,4.96
KASHMORE DISTRICT,1 PERSON,1.31
KASHMORE DISTRICT,2 PERSONS,1.29
KASHMORE DISTRICT,3 PERSONS,1.33
KASHMORE DISTRICT,4 PERSONS,1.38
KASHMORE DISTRICT,5 PERSONS,1.42
KASHMORE DISTRICT,6 PERSONS,1.44
KASHMORE DISTRICT,7 PERSONS,1.47
KASHMORE DISTRICT,8 PERSONS,1.52
KASHMORE DISTRICT,9 PERSONS,1.6
KASHMORE DISTRICT,10 PERSONS AND ABOVE,1.95
KASUR DISTRICT,1 PERSON,1.56
KASUR DISTRICT,2 PERSONS,1.57
KASUR DISTRICT,3 PERSONS,1.67
KASUR DISTRICT,4 PERSONS,1.8
KASUR DISTRICT,5 PERSONS,1.92
KASUR DISTRICT,6 PERSONS,2.03
KASUR DISTRICT,7 PERSONS,2.16
KASUR DISTRICT,8 PERSONS,2.3
KASUR DISTRICT,9 PERSONS,2.5
KASUR DISTRICT,10 PERSONS AND ABOVE,3.21
KECH DISTRICT,1 PERSON,1.4
KECH DISTRICT,2 PERSONS,1.64
KECH DISTRICT,3 PERSONS,1.78
KECH DISTRICT,4 PERSONS,1.99
KECH DISTRICT,5 PERSONS,2.23
KECH DISTRICT,6 PERSONS,2.49
KECH DISTRICT,7 PERSONS,2.82
KECH DISTRICT,8 PERSONS,3.16
KECH DISTRICT,9 PERSONS,3.38
KECH DISTRICT,10 PERSONS AND ABOVE,3.62
KHAIRPUR DISTRICT,1 PERSON,1.27
KHAIRPUR DISTRICT,2 PERSONS,1.26
KHAIRPUR DISTRICT,3 PERSONS,1.32
KHAIRPUR DISTRICT,4 PERSONS,1.4
KHAIRPUR DISTRICT,5 PERSONS,1.48
KHAIRPUR DISTRICT,6 PERSONS,1.56
KHAIRPUR DISTRICT,7 PERSONS,1.62
KHAIRPUR DISTRICT,8 PERSONS,1.68
KHAIRPUR DISTRICT,9 PERSONS,1.77
KHAIRPUR DISTRICT,10 PERSONS AND ABOVE,2.12
KHANEWAL DISTRICT,1 PERSON,1.81
KHANEWAL DISTRICT,2 PERSONS,1.78
KHANEWAL DISTRICT,3 PERSONS,1.95
KHANEWAL DISTRICT,4 PERSONS,2.09
KHANEWAL DISTRICT,5 PERSONS,2.24
KHANEWAL DISTRICT,6 PERSONS,2.35
KHANEWAL DISTRICT,7 PERSONS,2.48
KHANEWAL DISTRICT,8 PERSONS,2.64
KHANEWAL DISTRICT,9 PERSONS,2.8
KHANEWAL DISTRICT,10 PERSONS AND ABOVE,3.52
KHARAN DISTRICT,1 PERSON,1.43
KHARAN DISTRICT,2 PERSONS,1.51
KHARAN DISTRICT,3 PERSONS,1.61
KHARAN DISTRICT,4 PERSONS,1.68
KHARAN DISTRICT,5 PERSONS,1.85
KHARAN DISTRICT,6 PERSONS,1.98
KHARAN DISTRICT,7 PERSONS,2.1
KHARAN DISTRICT,8 PERSONS,2.27
KHARAN DISTRICT,9 PERSONS,2.49
KHARAN DISTRICT,10 PERSONS AND ABOVE,3.22
KHUSHAB DISTRICT,1 PERSON,2.11
KHUSHAB DISTRICT,2 PERSONS,2.21
KHUSHAB DISTRICT,3 PERSONS,2.38
KHUSHAB DISTRICT,4 PERSONS,2.54
KHUSHAB DISTRICT,5 PERSONS,2.7
KHUSHAB DISTRICT,6 PERSONS,2.87
KHUSHAB DISTRICT,7 PERSONS,3.05
KHUSHAB DISTRICT,8 PERSONS,3.21
KHUSHAB DISTRICT,9 PERSONS,3.41
KHUSHAB DISTRICT,10 PERSONS AND ABOVE,4.15
KHUZDAR DISTRICT,1 PERSON,1.82
KHUZDAR DISTRICT,2 PERSONS,1.97
KHUZDAR DISTRICT,3 PERSONS,2.18
KHUZDAR DISTRICT,4 PERSONS,2.34
KHUZDAR DISTRICT,5 PERSONS,2.51
KHUZDAR DISTRICT,6 PERSONS,2.67
KHUZDAR DISTRICT,7 PERSONS,2.9
KHUZDAR DISTRICT,8 PERSONS,3.1
KHUZDAR DISTRICT,9 PERSONS,3.37
KHUZDAR DISTRICT,10 PERSONS AND ABOVE,4.06
KHYBER AGENCY,1 PERSON,2.17
KHYBER AGENCY,2 PERSONS,1.84
KHYBER AGENCY,3 PERSONS,1.9
KHYBER AGENCY,4 PERSONS,2.04
KHYBER AGENCY,5 PERSONS,2.17
KHYBER AGENCY,6 PERSONS,2.34
KHYBER AGENCY,7 PERSONS,2.5
KHYBER AGENCY,8 PERSONS,2.68
KHYBER AGENCY,9 PERSONS,2.93
KHYBER AGENCY,10 PERSONS AND ABOVE,4.13
KILLA ABDULLAH DISTRICT,1 PERSON,2.47
KILLA ABDULLAH DISTRICT,2 PERSONS,2.34
KILLA ABDULLAH DISTRICT,3 PERSONS,2.59
KILLA ABDULLAH DISTRICT,4 PERSONS,2.76
KILLA ABDULLAH DISTRICT,5 PERSONS,2.95
KILLA ABDULLAH DISTRICT,6 PERSONS,3.11
KILLA ABDULLAH DISTRICT,7 PERSONS,3.31
KILLA ABDULLAH DISTRICT,8 PERSONS,3.49
KILLA ABDULLAH DISTRICT,9 PERSONS,3.78
KILLA ABDULLAH DISTRICT,10 PERSONS AND ABOVE,4.54
KILLA SAIFULLAH DISTRICT,1 PERSON,1.9
KILLA SAIFULLAH DISTRICT,2 PERSONS,2.14
KILLA SAIFULLAH DISTRICT,3 PERSONS,2.28
KILLA SAIFULLAH DISTRICT,4 PERSONS,2.38
KILLA SAIFULLAH DISTRICT,5 PERSONS,2.5
KILLA SAIFULLAH DISTRICT,6 PERSONS,2.68
KILLA SAIFULLAH DISTRICT,7 PERSONS,2.8
KILLA SAIFULLAH DISTRICT,8 PERSONS,2.95
KILLA SAIFULLAH DISTRICT,9 PERSONS,3.14
KILLA SAIFULLAH DISTRICT,10 PERSONS AND ABOVE,3.71
KOHAT DISTRICT,1 PERSON,2.03
KOHAT DISTRICT,2 PERSONS,2.05
KOHAT DISTRICT,3 PERSONS,2.22
KOHAT DISTRICT,4 PERSONS,2.37
KOHAT DISTRICT,5 PERSONS,2.53
KOHAT DISTRICT,6 PERSONS,2.67
KOHAT DISTRICT,7 PERSONS,2.82
KOHAT DISTRICT,8 PERSONS,3.01
KOHAT DISTRICT,9 PERSONS,3.27
KOHAT DISTRICT,10 PERSONS AND ABOVE,4.27
KOHISTAN DISTRICT,1 PERSON,3.2
KOHISTAN DISTRICT,2 PERSONS,1.7
KOHISTAN DISTRICT,3 PERSONS,1.8
KOHISTAN DISTRICT,4 PERSONS,1.8
KOHISTAN DISTRICT,5 PERSONS,2
KOHISTAN DISTRICT,6 PERSONS,2
KOHISTAN DISTRICT,7 PERSONS,2.1
KOHISTAN DISTRICT,8 PERSONS,2.2
KOHISTAN DISTRICT,9 PERSONS,2.5
KOHISTAN DISTRICT,10 PERSONS AND ABOVE,2.9
KOHLU DISTRICT,1 PERSON,2.4
KOHLU DISTRICT,2 PERSONS,1.79
KOHLU DISTRICT,3 PERSONS,1.97
KOHLU DISTRICT,4 PERSONS,2.23
KOHLU DISTRICT,5 PERSONS,2.53
KOHLU DISTRICT,6 PERSONS,2.8
KOHLU DISTRICT,7 PERSONS,3.12
KOHLU DISTRICT,8 PERSONS,3.32
KOHLU DISTRICT,9 PERSONS,3.45
KOHLU DISTRICT,10 PERSONS AND ABOVE,4.33
KORANGI DISTRICT,1 PERSON,1.76
KORANGI DISTRICT,2 PERSONS,1.92
KORANGI DISTRICT,3 PERSONS,2.01
KORANGI DISTRICT,4 PERSONS,2.16
KORANGI DISTRICT,5 PERSONS,2.32
KORANGI DISTRICT,6 PERSONS,2.48
KORANGI DISTRICT,7 PERSONS,2.64
KORANGI DISTRICT,8 PERSONS,2.8
KORANGI DISTRICT,9 PERSONS,3.03
KORANGI DISTRICT,10 PERSONS AND ABOVE,3.87
KURRAM AGENCY,1 PERSON,2.62
KURRAM AGENCY,2 PERSONS,2.33
KURRAM AGENCY,3 PERSONS,2.48
KURRAM AGENCY,4 PERSONS,2.7
KURRAM AGENCY,5 PERSONS,2.84
KURRAM AGENCY,6 PERSONS,3.05
KURRAM AGENCY,7 PERSONS,3.24
KURRAM AGENCY,8 PERSONS,3.4
KURRAM AGENCY,9 PERSONS,3.7
KURRAM AGENCY,10 PERSONS AND ABOVE,4.91
LAHORE DISTRICT,1 PERSON,2.05
LAHORE DISTRICT,2 PERSONS,2.16
LAHORE DISTRICT,3 PERSONS,2.25
LAHORE DISTRICT,4 PERSONS,2.36
LAHORE DISTRICT,5 PERSONS,2.47
LAHORE DISTRICT,6 PERSONS,2.56
LAHORE DISTRICT,7 PERSONS,2.69
LAHORE DISTRICT,8 PERSONS,2.86
LAHORE DISTRICT,9 PERSONS,3.08
LAHORE DISTRICT,10 PERSONS AND ABOVE,3.87
LAKKI MARWAT DISTRICT,1 PERSON,1.94
LAKKI MARWAT DISTRICT,2 PERSONS,1.85
LAKKI MARWAT DISTRICT,3 PERSONS,2.01
LAKKI MARWAT DISTRICT,4 PERSONS,2.18
LAKKI MARWAT DISTRICT,5 PERSONS,2.4
LAKKI MARWAT DISTRICT,6 PERSONS,2.59
LAKKI MARWAT DISTRICT,7 PERSONS,2.8
LAKKI MARWAT DISTRICT,8 PERSONS,3.02
LAKKI MARWAT DISTRICT,9 PERSONS,3.28
LAKKI MARWAT DISTRICT,10 PERSONS AND ABOVE,4.49
LARKANA DISTRICT,1 PERSON,1.49
LARKANA DISTRICT,2 PERSONS,1.48
LARKANA DISTRICT,3 PERSONS,1.56
LARKANA DISTRICT,4 PERSONS,1.64
LARKANA DISTRICT,5 PERSONS,1.74
LARKANA DISTRICT,6 PERSONS,1.79
LARKANA DISTRICT,7 PERSONS,1.85
LARKANA DISTRICT,8 PERSONS,1.91
LARKANA DISTRICT,9 PERSONS,1.99
LARKANA DISTRICT,10 PERSONS AND ABOVE,2.34
LASBELA DISTRICT,1 PERSON,1.26
LASBELA DISTRICT,2 PERSONS,1.22
LASBELA DISTRICT,3 PERSONS,1.29
LASBELA DISTRICT,4 PERSONS,1.37
LASBELA DISTRICT,5 PERSONS,1.5
LASBELA DISTRICT,6 PERSONS,1.55
LASBELA DISTRICT,7 PERSONS,1.63
LASBELA DISTRICT,8 PERSONS,1.74
LASBELA DISTRICT,9 PERSONS,1.89
LASBELA DISTRICT,10 PERSONS AND ABOVE,2.72
LAYYAH DISTRICT,1 PERSON,1.69
LAYYAH DISTRICT,2 PERSONS,1.6
LAYYAH DISTRICT,3 PERSONS,1.74
LAYYAH DISTRICT,4 PERSONS,1.9
LAYYAH DISTRICT,5 PERSONS,2.06
LAYYAH DISTRICT,6 PERSONS,2.18
LAYYAH DISTRICT,7 PERSONS,2.3
LAYYAH DISTRICT,8 PERSONS,2.45
LAYYAH DISTRICT,9 PERSONS,2.66
LAYYAH DISTRICT,10 PERSONS AND ABOVE,3.52
LODHRAN DISTRICT,1 PERSON,1.79
LODHRAN DISTRICT,2 PERSONS,1.75
LODHRAN DISTRICT,3 PERSONS,1.91
LODHRAN DISTRICT,4 PERSONS,2.05
LODHRAN DISTRICT,5 PERSONS,2.18
LODHRAN DISTRICT,6 PERSONS,2.32
LODHRAN DISTRICT,7 PERSONS,2.45
LODHRAN DISTRICT,8 PERSONS,2.61
LODHRAN DISTRICT,9 PERSONS,2.82
LODHRAN DISTRICT,10 PERSONS AND ABOVE,3.61
LORALAI DISTRICT,1 PERSON,1.8
LORALAI DISTRICT,2 PERSONS,1.98
LORALAI DISTRICT,3 PERSONS,2.21
LORALAI DISTRICT,4 PERSONS,2.37
LORALAI DISTRICT,5 PERSONS,2.56
LORALAI DISTRICT,6 PERSONS,2.7
LORALAI DISTRICT,7 PERSONS,2.88
LORALAI DISTRICT,8 PERSONS,3.04
LORALAI DISTRICT,9 PERSONS,3.21
LORALAI DISTRICT,10 PERSONS AND ABOVE,3.98
LOWER DIR DISTRICT,1 PERSON,2.34
LOWER DIR DISTRICT,2 PERSONS,2.12
LOWER DIR DISTRICT,3 PERSONS,2.33
LOWER DIR DISTRICT,4 PERSONS,2.48
LOWER DIR DISTRICT,5 PERSONS,2.69
LOWER DIR DISTRICT,6 PERSONS,2.94
LOWER DIR DISTRICT,7 PERSONS,3.14
LOWER DIR DISTRICT,8 PERSONS,3.33
LOWER DIR DISTRICT,9 PERSONS,3.52
LOWER DIR DISTRICT,10 PERSONS AND ABOVE,4.72
MALAKAND PROTECTED AREA,1 PERSON,2.22
MALAKAND PROTECTED AREA,2 PERSONS,2.29
MALAKAND PROTECTED AREA,3 PERSONS,2.4
MALAKAND PROTECTED AREA,4 PERSONS,2.53
MALAKAND PROTECTED AREA,5 PERSONS,2.62
MALAKAND PROTECTED AREA,6 PERSONS,2.8
MALAKAND PROTECTED AREA,7 PERSONS,2.94
MALAKAND PROTECTED AREA,8 PERSONS,3.14
MALAKAND PROTECTED AREA,9 PERSONS,3.33
MALAKAND PROTECTED AREA,10 PERSONS AND ABOVE,4.4
MALIR DISTRICT,1 PERSON,1.51
MALIR DISTRICT,2 PERSONS,1.6
MALIR DISTRICT,3 PERSONS,1.74
MALIR DISTRICT,4 PERSONS,1.9
MALIR DISTRICT,5 PERSONS,2.05
MALIR DISTRICT,6 PERSONS,2.17
MALIR DISTRICT,7 PERSONS,2.26
MALIR DISTRICT,8 PERSONS,2.4
MALIR DISTRICT,9 PERSONS,2.57
MALIR DISTRICT,10 PERSONS AND ABOVE,3.27
MANDI BAHAUDDIN DISTRICT,1 PERSON,2.35
MANDI BAHAUDDIN DISTRICT,2 PERSONS,2.34
MANDI BAHAUDDIN DISTRICT,3 PERSONS,2.48
MANDI BAHAUDDIN DISTRICT,4 PERSONS,2.58
MANDI BAHAUDDIN DISTRICT,5 PERSONS,2.7
MANDI BAHAUDDIN DISTRICT,6 PERSONS,2.79
MANDI BAHAUDDIN DISTRICT,7 PERSONS,2.92
MANDI BAHAUDDIN DISTRICT,8 PERSONS,3.1
MANDI BAHAUDDIN DISTRICT,9 PERSONS,3.3
MANDI BAHAUDDIN DISTRICT,10 PERSONS AND ABOVE,4.12
MARDAN DISTRICT,1 PERSON,1.98
MARDAN DISTRICT,2 PERSONS,1.94
MARDAN DISTRICT,3 PERSONS,2.05
MARDAN DISTRICT,4 PERSONS,2.15
MARDAN DISTRICT,5 PERSONS,2.3
MARDAN DISTRICT,6 PERSONS,2.42
MARDAN DISTRICT,7 PERSONS,2.54
MARDAN DISTRICT,8 PERSONS,2.71
MARDAN DISTRICT,9 PERSONS,2.91
MARDAN DISTRICT,10 PERSONS AND ABOVE,3.92
MASNSEHRA DISTRICT,1 PERSON,1.82
MASNSEHRA DISTRICT,2 PERSONS,1.89
MASNSEHRA DISTRICT,3 PERSONS,2.05
MASNSEHRA DISTRICT,4 PERSONS,2.22
MASNSEHRA DISTRICT,5 PERSONS,2.38
MASNSEHRA DISTRICT,6 PERSONS,2.52
MASNSEHRA DISTRICT,7 PERSONS,2.65
MASNSEHRA DISTRICT,8 PERSONS,2.78
MASNSEHRA DISTRICT,9 PERSONS,2.98
MASNSEHRA DISTRICT,10 PERSONS AND ABOVE,3.73
MASTUNG DISTRICT,1 PERSON,2.14
MASTUNG DISTRICT,2 PERSONS,2.46
MASTUNG DISTRICT,3 PERSONS,2.65
MASTUNG DISTRICT,4 PERSONS,2.84
MASTUNG DISTRICT,5 PERSONS,3.07
MASTUNG DISTRICT,6 PERSONS,3.27
MASTUNG DISTRICT,7 PERSONS,3.42
MASTUNG DISTRICT,8 PERSONS,3.67
MASTUNG DISTRICT,9 PERSONS,3.92
MASTUNG DISTRICT,10 PERSONS AND ABOVE,4.59
MATIARI DISTRICT,1 PERSON,1.27
MATIARI DISTRICT,2 PERSONS,1.23
MATIARI DISTRICT,3 PERSONS,1.28
MATIARI DISTRICT,4 PERSONS,1.34
MATIARI DISTRICT,5 PERSONS,1.38
MATIARI DISTRICT,6 PERSONS,1.45
MATIARI DISTRICT,7 PERSONS,1.48
MATIARI DISTRICT,8 PERSONS,1.56
MATIARI DISTRICT,9 PERSONS,1.63
MATIARI DISTRICT,10 PERSONS AND ABOVE,2
MIANWALI DISTRICT,1 PERSON,1.97
MIANWALI DISTRICT,2 PERSONS,2
MIANWALI DISTRICT,3 PERSONS,2.14
MIANWALI DISTRICT,4 PERSONS,2.32
MIANWALI DISTRICT,5 PERSONS,2.52
MIANWALI DISTRICT,6 PERSONS,2.69
MIANWALI DISTRICT,7 PERSONS,2.88
MIANWALI DISTRICT,8 PERSONS,3.08
MIANWALI DISTRICT,9 PERSONS,3.3
MIANWALI DISTRICT,10 PERSONS AND ABOVE,4.15
MIRPUR KHAS DISTRICT,1 PERSON,1.3
MIRPUR KHAS DISTRICT,2 PERSONS,1.25
MIRPUR KHAS DISTRICT,3 PERSONS,1.32
MIRPUR KHAS DISTRICT,4 PERSONS,1.41
MIRPUR KHAS DISTRICT,5 PERSONS,1.49
MIRPUR KHAS DISTRICT,6 PERSONS,1.55
MIRPUR KHAS DISTRICT,7 PERSONS,1.6
MIRPUR KHAS DISTRICT,8 PERSONS,1.68
MIRPUR KHAS DISTRICT,9 PERSONS,1.76
MIRPUR KHAS DISTRICT,10 PERSONS AND ABOVE,2.33
MOHMAND AGENCY,1 PERSON,2.71
MOHMAND AGENCY,2 PERSONS,1.98
MOHMAND AGENCY,3 PERSONS,2
MOHMAND AGENCY,4 PERSONS,2.13
MOHMAND AGENCY,5 PERSONS,2.29
MOHMAND AGENCY,6 PERSONS,2.48
MOHMAND AGENCY,7 PERSONS,2.65
MOHMAND AGENCY,8 PERSONS,2.83
MOHMAND AGENCY,9 PERSONS,3.05
MOHMAND AGENCY,10 PERSONS AND ABOVE,4.18
MULTAN DISTRICT,1 PERSON,1.75
MULTAN DISTRICT,2 PERSONS,1.7
MULTAN DISTRICT,3 PERSONS,1.85
MULTAN DISTRICT,4 PERSONS,1.99
MULTAN DISTRICT,5 PERSONS,2.12
MULTAN DISTRICT,6 PERSONS,2.21
MULTAN DISTRICT,7 PERSONS,2.31
MULTAN DISTRICT,8 PERSONS,2.44
MULTAN DISTRICT,9 PERSONS,2.63
MULTAN DISTRICT,10 PERSONS AND ABOVE,3.35
MUSAKHEL DISTRICT,1 PERSON,2.21
MUSAKHEL DISTRICT,2 PERSONS,2.11
MUSAKHEL DISTRICT,3 PERSONS,2.32
MUSAKHEL DISTRICT,4 PERSONS,2.45
MUSAKHEL DISTRICT,5 PERSONS,2.6
MUSAKHEL DISTRICT,6 PERSONS,2.67
MUSAKHEL DISTRICT,7 PERSONS,2.83
MUSAKHEL DISTRICT,8 PERSONS,3.07
MUSAKHEL DISTRICT,9 PERSONS,3.26
MUSAKHEL DISTRICT,10 PERSONS AND ABOVE,3.67
MUZAFFARGARH DISTRICT,1 PERSON,1.47
MUZAFFARGARH DISTRICT,2 PERSONS,1.4
MUZAFFARGARH DISTRICT,3 PERSONS,1.52
MUZAFFARGARH DISTRICT,4 PERSONS,1.64
MUZAFFARGARH DISTRICT,5 PERSONS,1.79
MUZAFFARGARH DISTRICT,6 PERSONS,1.9
MUZAFFARGARH DISTRICT,7 PERSONS,2
MUZAFFARGARH DISTRICT,8 PERSONS,2.13
MUZAFFARGARH DISTRICT,9 PERSONS,2.29
MUZAFFARGARH DISTRICT,10 PERSONS AND ABOVE,3.01
NANKANA SAHIB DISTRICT,1 PERSON,1.89
NANKANA SAHIB DISTRICT,2 PERSONS,1.85
NANKANA SAHIB DISTRICT,3 PERSONS,2
NANKANA SAHIB DISTRICT,4 PERSONS,2.12
NANKANA SAHIB DISTRICT,5 PERSONS,2.27
NANKANA SAHIB DISTRICT,6 PERSONS,2.36
NANKANA SAHIB DISTRICT,7 PERSONS,2.49
NANKANA SAHIB DISTRICT,8 PERSONS,2.63
NANKANA SAHIB DISTRICT,9 PERSONS,2.82
NANKANA SAHIB DISTRICT,10 PERSONS AND ABOVE,3.5
NAROWAL DISTRICT,1 PERSON,2.26
NAROWAL DISTRICT,2 PERSONS,2.48
NAROWAL DISTRICT,3 PERSONS,2.57
NAROWAL DISTRICT,4 PERSONS,2.68
NAROWAL DISTRICT,5 PERSONS,2.8
NAROWAL DISTRICT,6 PERSONS,2.89
NAROWAL DISTRICT,7 PERSONS,3.01
NAROWAL DISTRICT,8 PERSONS,3.16
NAROWAL DISTRICT,9 PERSONS,3.35
NAROWAL DISTRICT,10 PERSONS AND ABOVE,4.1
NASIRABAD DISTRICT,1 PERSON,1.38
NASIRABAD DISTRICT,2 PERSONS,1.3
NASIRABAD DISTRICT,3 PERSONS,1.39
NASIRABAD DISTRICT,4 PERSONS,1.45
NASIRABAD DISTRICT,5 PERSONS,1.5
NASIRABAD DISTRICT,6 PERSONS,1.62
NASIRABAD DISTRICT,7 PERSONS,1.69
NASIRABAD DISTRICT,8 PERSONS,1.78
NASIRABAD DISTRICT,9 PERSONS,1.86
NASIRABAD DISTRICT,10 PERSONS AND ABOVE,2.33
NAUSHAHRO FEROZE DISTRICT,1 PERSON,1.31
NAUSHAHRO FEROZE DISTRICT,2 PERSONS,1.3
NAUSHAHRO FEROZE DISTRICT,3 PERSONS,1.36
NAUSHAHRO FEROZE DISTRICT,4 PERSONS,1.43
NAUSHAHRO FEROZE DISTRICT,5 PERSONS,1.52
NAUSHAHRO FEROZE DISTRICT,6 PERSONS,1.6
NAUSHAHRO FEROZE DISTRICT,7 PERSONS,1.66
NAUSHAHRO FEROZE DISTRICT,8 PERSONS,1.74
NAUSHAHRO FEROZE DISTRICT,9 PERSONS,1.86
NAUSHAHRO FEROZE DISTRICT,10 PERSONS AND ABOVE,2.28
NORTH WAZIRISTAN AGENCY,1 PERSON,2.7
NORTH WAZIRISTAN AGENCY,2 PERSONS,1.93
NORTH WAZIRISTAN AGENCY,3 PERSONS,2.12
NORTH WAZIRISTAN AGENCY,4 PERSONS,2.25
NORTH WAZIRISTAN AGENCY,5 PERSONS,2.46
NORTH WAZIRISTAN AGENCY,6 PERSONS,2.63
NORTH WAZIRISTAN AGENCY,7 PERSONS,2.79
NORTH WAZIRISTAN AGENCY,8 PERSONS,2.99
NORTH WAZIRISTAN AGENCY,9 PERSONS,3.27
NORTH WAZIRISTAN AGENCY,10 PERSONS AND ABOVE,4.52
NOWSHERA DISTRICT,1 PERSON,1.97
NOWSHERA DISTRICT,2 PERSONS,1.9
NOWSHERA DISTRICT,3 PERSONS,1.97
NOWSHERA DISTRICT,4 PERSONS,2.09
NOWSHERA DISTRICT,5 PERSONS,2.19
NOWSHERA DISTRICT,6 PERSONS,2.32
NOWSHERA DISTRICT,7 PERSONS,2.47
NOWSHERA DISTRICT,8 PERSONS,2.65
NOWSHERA DISTRICT,9 PERSONS,2.88
NOWSHERA DISTRICT,10 PERSONS AND ABOVE,3.93
NUSHKI DISTRICT,1 PERSON,2.02
NUSHKI DISTRICT,2 PERSONS,2.04
NUSHKI DISTRICT,3 PERSONS,2.26
NUSHKI DISTRICT,4 PERSONS,2.43
NUSHKI DISTRICT,5 PERSONS,2.57
NUSHKI DISTRICT,6 PERSONS,2.78
NUSHKI DISTRICT,7 PERSONS,2.9
NUSHKI DISTRICT,8 PERSONS,3.13
NUSHKI DISTRICT,9 PERSONS,3.34
NUSHKI DISTRICT,10 PERSONS AND ABOVE,4.15
OKARA DISTRICT,1 PERSON,1.65
OKARA DISTRICT,2 PERSONS,1.69
OKARA DISTRICT,3 PERSONS,1.82
OKARA DISTRICT,4 PERSONS,1.95
OKARA DISTRICT,5 PERSONS,2.07
OKARA DISTRICT,6 PERSONS,2.18
OKARA DISTRICT,7 PERSONS,2.27
OKARA DISTRICT,8 PERSONS,2.4
OKARA DISTRICT,9 PERSONS,2.57
OKARA DISTRICT,10 PERSONS AND ABOVE,3.19
ORAKZAI AGENCY,1 PERSON,2.58
ORAKZAI AGENCY,2 PERSONS,2.31
ORAKZAI AGENCY,3 PERSONS,2.68
ORAKZAI AGENCY,4 PERSONS,2.84
ORAKZAI AGENCY,5 PERSONS,3.01
ORAKZAI AGENCY,6 PERSONS,3.29
ORAKZAI AGENCY,7 PERSONS,3.51
ORAKZAI AGENCY,8 PERSONS,3.75
ORAKZAI AGENCY,9 PERSONS,3.96
ORAKZAI AGENCY,10 PERSONS AND ABOVE,4.98
PAKPATTAN DISTRICT,1 PERSON,1.65
PAKPATTAN DISTRICT,2 PERSONS,1.65
PAKPATTAN DISTRICT,3 PERSONS,1.77
PAKPATTAN DISTRICT,4 PERSONS,1.9
PAKPATTAN DISTRICT,5 PERSONS,2.02
PAKPATTAN DISTRICT,6 PERSONS,2.13
PAKPATTAN DISTRICT,7 PERSONS,2.25
PAKPATTAN DISTRICT,8 PERSONS,2.4
PAKPATTAN DISTRICT,9 PERSONS,2.59
PAKPATTAN DISTRICT,10 PERSONS AND ABOVE,3.29
PANJGUR DISTRICT,1 PERSON,1.76
PANJGUR DISTRICT,2 PERSONS,2.11
PANJGUR DISTRICT,3 PERSONS,2.47
PANJGUR DISTRICT,4 PERSONS,2.73
PANJGUR DISTRICT,5 PERSONS,3.1
PANJGUR DISTRICT,6 PERSONS,3.39
PANJGUR DISTRICT,7 PERSONS,3.67
PANJGUR DISTRICT,8 PERSONS,4
PANJGUR DISTRICT,9 PERSONS,4.33
PANJGUR DISTRICT,10 PERSONS AND ABOVE,4.86
PESHAWAR DISTRICT,1 PERSON,2.51
PESHAWAR DISTRICT,2 PERSONS,2.38
PESHAWAR DISTRICT,3 PERSONS,2.47
PESHAWAR DISTRICT,4 PERSONS,2.6
PESHAWAR DISTRICT,5 PERSONS,2.72
PESHAWAR DISTRICT,6 PERSONS,2.79
PESHAWAR DISTRICT,7 PERSONS,2.89
PESHAWAR DISTRICT,8 PERSONS,3.01
PESHAWAR DISTRICT,9 PERSONS,3.21
PESHAWAR DISTRICT,10 PERSONS AND ABOVE,4.3
PISHIN DISTRICT,1 PERSON,1.7
PISHIN DISTRICT,2 PERSONS,1.92
PISHIN DISTRICT,3 PERSONS,2.17
PISHIN DISTRICT,4 PERSONS,2.38
PISHIN DISTRICT,5 PERSONS,2.53
PISHIN DISTRICT,6 PERSONS,2.71
PISHIN DISTRICT,7 PERSONS,2.83
PISHIN DISTRICT,8 PERSONS,3.03
PISHIN DISTRICT,9 PERSONS,3.24
PISHIN DISTRICT,10 PERSONS AND ABOVE,3.65
QUETTA DISTRICT,1 PERSON,2.45
QUETTA DISTRICT,2 PERSONS,2.4
QUETTA DISTRICT,3 PERSONS,2.54
QUETTA DISTRICT,4 PERSONS,2.69
QUETTA DISTRICT,5 PERSONS,2.84
QUETTA DISTRICT,6 PERSONS,3
QUETTA DISTRICT,7 PERSONS,3.15
QUETTA DISTRICT,8 PERSONS,3.29
QUETTA DISTRICT,9 PERSONS,3.48
QUETTA DISTRICT,10 PERSONS AND ABOVE,4.44
RAHIM YAR KHAN DISTRICT,1 PERSON,1.81
RAHIM YAR KHAN DISTRICT,2 PERSONS,1.71
RAHIM YAR KHAN DISTRICT,3 PERSONS,1.84
RAHIM YAR KHAN DISTRICT,4 PERSONS,1.98
RAHIM YAR KHAN DISTRICT,5 PERSONS,2.14
RAHIM YAR KHAN DISTRICT,6 PERSONS,2.25
RAHIM YAR KHAN DISTRICT,7 PERSONS,2.32
RAHIM YAR KHAN DISTRICT,8 PERSONS,2.39
RAHIM YAR KHAN DISTRICT,9 PERSONS,2.51
RAHIM YAR KHAN DISTRICT,10 PERSONS AND ABOVE,3.16
RAJANPUR DISTRICT,1 PERSON,1.53
RAJANPUR DISTRICT,2 PERSONS,1.35
RAJANPUR DISTRICT,3 PERSONS,1.45
RAJANPUR DISTRICT,4 PERSONS,1.55
RAJANPUR DISTRICT,5 PERSONS,1.65
RAJANPUR DISTRICT,6 PERSONS,1.76
RAJANPUR DISTRICT,7 PERSONS,1.84
RAJANPUR DISTRICT,8 PERSONS,1.94
RAJANPUR DISTRICT,9 PERSONS,2.06
RAJANPUR DISTRICT,10 PERSONS AND ABOVE,2.83
RAWALPINDI DISTRICT,1 PERSON,2.41
RAWALPINDI DISTRICT,2 PERSONS,2.66
RAWALPINDI DISTRICT,3 PERSONS,2.79
RAWALPINDI DISTRICT,4 PERSONS,2.9
RAWALPINDI DISTRICT,5 PERSONS,3.03
RAWALPINDI DISTRICT,6 PERSONS,3.16
RAWALPINDI DISTRICT,7 PERSONS,3.33
RAWALPINDI DISTRICT,8 PERSONS,3.53
RAWALPINDI DISTRICT,9 PERSONS,3.76
RAWALPINDI DISTRICT,10 PERSONS AND ABOVE,4.49
SAHIWAL DISTRICT,1 PERSON,2
SAHIWAL DISTRICT,2 PERSONS,2.01
SAHIWAL DISTRICT,3 PERSONS,2.16
SAHIWAL DISTRICT,4 PERSONS,2.31
SAHIWAL DISTRICT,5 PERSONS,2.43
SAHIWAL DISTRICT,6 PERSONS,2.52
SAHIWAL DISTRICT,7 PERSONS,2.64
SAHIWAL DISTRICT,8 PERSONS,2.78
SAHIWAL DISTRICT,9 PERSONS,2.95
SAHIWAL DISTRICT,10 PERSONS AND ABOVE,3.69
SANGHAR DISTRICT,1 PERSON,1.31
SANGHAR DISTRICT,2 PERSONS,1.3
SANGHAR DISTRICT,3 PERSONS,1.35
SANGHAR DISTRICT,4 PERSONS,1.42
SANGHAR DISTRICT,5 PERSONS,1.49
SANGHAR DISTRICT,6 PERSONS,1.55
SANGHAR DISTRICT,7 PERSONS,1.61
SANGHAR DISTRICT,8 PERSONS,1.66
SANGHAR DISTRICT,9 PERSONS,1.73
SANGHAR DISTRICT,10 PERSONS AND ABOVE,2.12
SARGODHA DISTRICT,1 PERSON,1.94
SARGODHA DISTRICT,2 PERSONS,2
SARGODHA DISTRICT,3 PERSONS,2.14
SARGODHA DISTRICT,4 PERSONS,2.27
SARGODHA DISTRICT,5 PERSONS,2.4
SARGODHA DISTRICT,6 PERSONS,2.49
SARGODHA DISTRICT,7 PERSONS,2.62
SARGODHA DISTRICT,8 PERSONS,2.76
SARGODHA DISTRICT,9 PERSONS,2.98
SARGODHA DISTRICT,10 PERSONS AND ABOVE,3.64
SHAHEED BENAZIRABAD DISTRICT,1 PERSON,1.28
SHAHEED BENAZIRABAD DISTRICT,2 PERSONS,1.28
SHAHEED BENAZIRABAD DISTRICT,3 PERSONS,1.34
SHAHEED BENAZIRABAD DISTRICT,4 PERSONS,1.41
SHAHEED BENAZIRABAD DISTRICT,5 PERSONS,1.49
SHAHEED BENAZIRABAD DISTRICT,6 PERSONS,1.54
SHAHEED BENAZIRABAD DISTRICT,7 PERSONS,1.59
SHAHEED BENAZIRABAD DISTRICT,8 PERSONS,1.65
SHAHEED BENAZIRABAD DISTRICT,9 PERSONS,1.73
SHAHEED BENAZIRABAD DISTRICT,10 PERSONS AND ABOVE,2.11
SHANGLA DISTRICT,1 PERSON,1.76
SHANGLA DISTRICT,2 PERSONS,1.84
SHANGLA DISTRICT,3 PERSONS,2
SHANGLA DISTRICT,4 PERSONS,2.1
SHANGLA DISTRICT,5 PERSONS,2.25
SHANGLA DISTRICT,6 PERSONS,2.37
SHANGLA DISTRICT,7 PERSONS,2.51
SHANGLA DISTRICT,8 PERSONS,2.66
SHANGLA DISTRICT,9 PERSONS,2.82
SHANGLA DISTRICT,10 PERSONS AND ABOVE,3.62
SHEIKHUPURA DISTRICT,1 PERSON,1.89
SHEIKHUPURA DISTRICT,2 PERSONS,1.9
SHEIKHUPURA DISTRICT,3 PERSONS,2.03
SHEIKHUPURA DISTRICT,4 PERSONS,2.17
SHEIKHUPURA DISTRICT,5 PERSONS,2.32
SHEIKHUPURA DISTRICT,6 PERSONS,2.43
SHEIKHUPURA DISTRICT,7 PERSONS,2.55
SHEIKHUPURA DISTRICT,8 PERSONS,2.69
SHEIKHUPURA DISTRICT,9 PERSONS,2.91
SHEIKHUPURA DISTRICT,10 PERSONS AND ABOVE,3.63
SHERANI DISTRICT,1 PERSON,1.98
SHERANI DISTRICT,2 PERSONS,2.08
SHERANI DISTRICT,3 PERSONS,2.15
SHERANI DISTRICT,4 PERSONS,2.41
SHERANI DISTRICT,5 PERSONS,2.54
SHERANI DISTRICT,6 PERSONS,2.75
SHERANI DISTRICT,7 PERSONS,2.97
SHERANI DISTRICT,8 PERSONS,3.26
SHERANI DISTRICT,9 PERSONS,3.23
SHERANI DISTRICT,10 PERSONS AND ABOVE,4.07
SHIKARPUR DISTRICT,1 PERSON,1.27
SHIKARPUR DISTRICT,2 PERSONS,1.25
SHIKARPUR DISTRICT,3 PERSONS,1.31
SHIKARPUR DISTRICT,4 PERSONS,1.37
SHIKARPUR DISTRICT,5 PERSONS,1.43
SHIKARPUR DISTRICT,6 PERSONS,1.47
SHIKARPUR DISTRICT,7 PERSONS,1.51
SHIKARPUR DISTRICT,8 PERSONS,1.57
SHIKARPUR DISTRICT,9 PERSONS,1.66
SHIKARPUR DISTRICT,10 PERSONS AND ABOVE,1.96
SIALKOT DISTRICT,1 PERSON,2.44
SIALKOT DISTRICT,2 PERSONS,2.57
SIALKOT DISTRICT,3 PERSONS,2.71
SIALKOT DISTRICT,4 PERSONS,2.84
SIALKOT DISTRICT,5 PERSONS,2.95
SIALKOT DISTRICT,6 PERSONS,3.05
SIALKOT DISTRICT,7 PERSONS,3.17
SIALKOT DISTRICT,8 PERSONS,3.32
SIALKOT DISTRICT,9 PERSONS,3.57
SIALKOT DISTRICT,10 PERSONS AND ABOVE,4.4
SIBI DISTRICT,1 PERSON,1.71
SIBI DISTRICT,2 PERSONS,1.53
SIBI DISTRICT,3 PERSONS,1.67
SIBI DISTRICT,4 PERSONS,1.79
SIBI DISTRICT,5 PERSONS,1.95
SIBI DISTRICT,6 PERSONS,2.06
SIBI DISTRICT,7 PERSONS,2.14
SIBI DISTRICT,8 PERSONS,2.32
SIBI DISTRICT,9 PERSONS,2.44
SIBI DISTRICT,10 PERSONS AND ABOVE,3.16
SOHBATPUR DISTRICT,1 PERSON,1.22
SOHBATPUR DISTRICT,2 PERSONS,1.22
SOHBATPUR DISTRICT,3 PERSONS,1.24
SOHBATPUR DISTRICT,4 PERSONS,1.29
SOHBATPUR DISTRICT,5 PERSONS,1.31
SOHBATPUR DISTRICT,6 PERSONS,1.39
SOHBATPUR DISTRICT,7 PERSONS,1.41
SOHBATPUR DISTRICT,8 PERSONS,1.5
SOHBATPUR DISTRICT,9 PERSONS,1.55
SOHBATPUR DISTRICT,10 PERSONS AND ABOVE,1.81
SOUTH WAZIRISTAN AGENCY,1 PERSON,2.5
SOUTH WAZIRISTAN AGENCY,2 PERSONS,2.37
SOUTH WAZIRISTAN AGENCY,3 PERSONS,2.57
SOUTH WAZIRISTAN AGENCY,4 PERSONS,2.75
SOUTH WAZIRISTAN AGENCY,5 PERSONS,2.99
SOUTH WAZIRISTAN AGENCY,6 PERSONS,3.16
SOUTH WAZIRISTAN AGENCY,7 PERSONS,3.39
SOUTH WAZIRISTAN AGENCY,8 PERSONS,3.59
SOUTH WAZIRISTAN AGENCY,9 PERSONS,3.83
SOUTH WAZIRISTAN AGENCY,10 PERSONS AND ABOVE,4.85
SUJAWAL DISTRICT,1 PERSON,1.11
SUJAWAL DISTRICT,2 PERSONS,1.12
SUJAWAL DISTRICT,3 PERSONS,1.15
SUJAWAL DISTRICT,4 PERSONS,1.18
SUJAWAL DISTRICT,5 PERSONS,1.21
SUJAWAL DISTRICT,6 PERSONS,1.22
SUJAWAL DISTRICT,7 PERSONS,1.26
SUJAWAL DISTRICT,8 PERSONS,1.3
SUJAWAL DISTRICT,9 PERSONS,1.35
SUJAWAL DISTRICT,10 PERSONS AND ABOVE,1.56
SUKKUR DISTRICT,1 PERSON,1.37
SUKKUR DISTRICT,2 PERSONS,1.35
SUKKUR DISTRICT,3 PERSONS,1.43
SUKKUR DISTRICT,4 PERSONS,1.53
SUKKUR DISTRICT,5 PERSONS,1.61
SUKKUR DISTRICT,6 PERSONS,1.67
SUKKUR DISTRICT,7 PERSONS,1.71
SUKKUR DISTRICT,8 PERSONS,1.74
SUKKUR DISTRICT,9 PERSONS,1.8
SUKKUR DISTRICT,10 PERSONS AND ABOVE,2.14
SWABI DISTRICT,1 PERSON,1.8
SWABI DISTRICT,2 PERSONS,1.85
SWABI DISTRICT,3 PERSONS,1.95
SWABI DISTRICT,4 PERSONS,2.08
SWABI DISTRICT,5 PERSONS,2.2
SWABI DISTRICT,6 PERSONS,2.33
SWABI DISTRICT,7 PERSONS,2.46
SWABI DISTRICT,8 PERSONS,2.61
SWABI DISTRICT,9 PERSONS,2.83
SWABI DISTRICT,10 PERSONS AND ABOVE,3.81
SWAT DISTRICT,1 PERSON,2.2
SWAT DISTRICT,2 PERSONS,2.13
SWAT DISTRICT,3 PERSONS,2.27
SWAT DISTRICT,4 PERSONS,2.4
SWAT DISTRICT,5 PERSONS,2.57
SWAT DISTRICT,6 PERSONS,2.71
SWAT DISTRICT,7 PERSONS,2.84
SWAT DISTRICT,8 PERSONS,3
SWAT DISTRICT,9 PERSONS,3.18
SWAT DISTRICT,10 PERSONS AND ABOVE,4.14
TANDO ALLAHYAR DISTRICT,1 PERSON,1.23
TANDO ALLAHYAR DISTRICT,2 PERSONS,1.22
TANDO ALLAHYAR DISTRICT,3 PERSONS,1.27
TANDO ALLAHYAR DISTRICT,4 PERSONS,1.32
TANDO ALLAHYAR DISTRICT,5 PERSONS,1.37
TANDO ALLAHYAR DISTRICT,6 PERSONS,1.4
TANDO ALLAHYAR DISTRICT,7 PERSONS,1.42
TANDO ALLAHYAR DISTRICT,8 PERSONS,1.49
TANDO ALLAHYAR DISTRICT,9 PERSONS,1.56
TANDO ALLAHYAR DISTRICT,10 PERSONS AND ABOVE,1.86
TANDO MUHAMMAD KHAN DISTRICT,1 PERSON,1.2
TANDO MUHAMMAD KHAN DISTRICT,2 PERSONS,1.19
TANDO MUHAMMAD KHAN DISTRICT,3 PERSONS,1.21
TANDO MUHAMMAD KHAN DISTRICT,4 PERSONS,1.26
TANDO MUHAMMAD KHAN DISTRICT,5 PERSONS,1.29
TANDO MUHAMMAD KHAN DISTRICT,6 PERSONS,1.32
TANDO MUHAMMAD KHAN DISTRICT,7 PERSONS,1.35
TANDO MUHAMMAD KHAN DISTRICT,8 PERSONS,1.39
TANDO MUHAMMAD KHAN DISTRICT,9 PERSONS,1.49
TANDO MUHAMMAD KHAN DISTRICT,10 PERSONS AND ABOVE,1.73
TANK DISTRICT,1 PERSON,2
TANK DISTRICT,2 PERSONS,1.91
TANK DISTRICT,3 PERSONS,2.1
TANK DISTRICT,4 PERSONS,2.26
TANK DISTRICT,5 PERSONS,2.34
TANK DISTRICT,6 PERSONS,2.57
TANK DISTRICT,7 PERSONS,2.76
TANK DISTRICT,8 PERSONS,2.93
TANK DISTRICT,9 PERSONS,3.14
TANK DISTRICT,10 PERSONS AND ABOVE,4.3
THARPARKAR DISTRICT,1 PERSON,1.46
THARPARKAR DISTRICT,2 PERSONS,1.64
THARPARKAR DISTRICT,3 PERSONS,1.83
THARPARKAR DISTRICT,4 PERSONS,2
THARPARKAR DISTRICT,5 PERSONS,2.16
THARPARKAR DISTRICT,6 PERSONS,2.28
THARPARKAR DISTRICT,7 PERSONS,2.41
THARPARKAR DISTRICT,8 PERSONS,2.57
THARPARKAR DISTRICT,9 PERSONS,2.74
THARPARKAR DISTRICT,10 PERSONS AND ABOVE,3.1
THATTA DISTRICT,1 PERSON,1.21
THATTA DISTRICT,2 PERSONS,1.18
THATTA DISTRICT,3 PERSONS,1.21
THATTA DISTRICT,4 PERSONS,1.25
THATTA DISTRICT,5 PERSONS,1.31
THATTA DISTRICT,6 PERSONS,1.35
THATTA DISTRICT,7 PERSONS,1.37
THATTA DISTRICT,8 PERSONS,1.39
THATTA DISTRICT,9 PERSONS,1.46
THATTA DISTRICT,10 PERSONS AND ABOVE,1.73
TOBA TEK SINGH DISTRICT,1 PERSON,2.17
TOBA TEK SINGH DISTRICT,2 PERSONS,2.25
TOBA TEK SINGH DISTRICT,3 PERSONS,2.4
TOBA TEK SINGH DISTRICT,4 PERSONS,2.56
TOBA TEK SINGH DISTRICT,5 PERSONS,2.66
TOBA TEK SINGH DISTRICT,6 PERSONS,2.76
TOBA TEK SINGH DISTRICT,7 PERSONS,2.9
TOBA TEK SINGH DISTRICT,8 PERSONS,3.06
TOBA TEK SINGH DISTRICT,9 PERSONS,3.27
TOBA TEK SINGH DISTRICT,10 PERSONS AND ABOVE,4.06
TORGHAR DISTRICT,1 PERSON,1.58
TORGHAR DISTRICT,2 PERSONS,1.64
TORGHAR DISTRICT,3 PERSONS,1.81
TORGHAR DISTRICT,4 PERSONS,1.91
TORGHAR DISTRICT,5 PERSONS,2
TORGHAR DISTRICT,6 PERSONS,2.14
TORGHAR DISTRICT,7 PERSONS,2.28
TORGHAR DISTRICT,8 PERSONS,2.4
TORGHAR DISTRICT,9 PERSONS,2.55
TORGHAR DISTRICT,10 PERSONS AND ABOVE,3.11
UMER KOT DISTRICT,1 PERSON,1.28
UMER KOT DISTRICT,2 PERSONS,1.34
UMER KOT DISTRICT,3 PERSONS,1.39
UMER KOT DISTRICT,4 PERSONS,1.47
UMER KOT DISTRICT,5 PERSONS,1.54
UMER KOT DISTRICT,6 PERSONS,1.61
UMER KOT DISTRICT,7 PERSONS,1.68
UMER KOT DISTRICT,8 PERSONS,1.79
UMER KOT DISTRICT,9 PERSONS,1.95
UMER KOT DISTRICT,10 PERSONS AND ABOVE,2.32
UPPER DIR DISTRICT,1 PERSON,1.86
UPPER DIR DISTRICT,2 PERSONS,1.77
UPPER DIR DISTRICT,3 PERSONS,1.89
UPPER DIR DISTRICT,4 PERSONS,2.05
UPPER DIR DISTRICT,5 PERSONS,2.25
UPPER DIR DISTRICT,6 PERSONS,2.45
UPPER DIR DISTRICT,7 PERSONS,2.66
UPPER DIR DISTRICT,8 PERSONS,2.84
UPPER DIR DISTRICT,9 PERSONS,3.06
UPPER DIR DISTRICT,10 PERSONS AND ABOVE,3.98
VEHARI DISTRICT,1 PERSON,1.87
VEHARI DISTRICT,2 PERSONS,1.89
VEHARI DISTRICT,3 PERSONS,2.04
VEHARI DISTRICT,4 PERSONS,2.17
VEHARI DISTRICT,5 PERSONS,2.32
VEHARI DISTRICT,6 PERSONS,2.43
VEHARI DISTRICT,7 PERSONS,2.56
VEHARI DISTRICT,8 PERSONS,2.74
VEHARI DISTRICT,9 PERSONS,2.94
VEHARI DISTRICT,10 PERSONS AND ABOVE,3.78
WASHUK DISTRICT,1 PERSON,1.37
WASHUK DISTRICT,2 PERSONS,1.52
WASHUK DISTRICT,3 PERSONS,1.6
WASHUK DISTRICT,4 PERSONS,1.81
WASHUK DISTRICT,5 PERSONS,2.01
WASHUK DISTRICT,6 PERSONS,2.18
WASHUK DISTRICT,7 PERSONS,2.31
WASHUK DISTRICT,8 PERSONS,2.39
WASHUK DISTRICT,9 PERSONS,2.48
WASHUK DISTRICT,10 PERSONS AND ABOVE,3
ZHOB DISTRICT,1 PERSON,2.59
ZHOB DISTRICT,2 PERSONS,2.42
ZHOB DISTRICT,3 PERSONS,2.62
ZHOB DISTRICT,4 PERSONS,2.67
ZHOB DISTRICT,5 PERSONS,2.79
ZHOB DISTRICT,6 PERSONS,2.95
ZHOB DISTRICT,7 PERSONS,3.08
ZHOB DISTRICT,8 PERSONS,3.23
ZHOB DISTRICT,9 PERSONS,3.39
ZHOB DISTRICT,10 PERSONS AND ABOVE,3.96
ZIARAT DISTRICT,1 PERSON,1.51
ZIARAT DISTRICT,2 PERSONS,1.72
ZIARAT DISTRICT,3 PERSONS,1.94
ZIARAT DISTRICT,4 PERSONS,2.09
ZIARAT DISTRICT,5 PERSONS,2.22
ZIARAT DISTRICT,6 PERSONS,2.35
ZIARAT DISTRICT,7 PERSONS,2.47
ZIARAT DISTRICT,8 PERSONS,2.76
ZIARAT DISTRICT,9 PERSONS,2.98
ZIARAT DISTRICT,10 PERSONS AND ABOVE,3.41
ISLAMABAD DISTRICT,1 PERSON,2.53
ISLAMABAD DISTRICT,2 PERSONS,2.69
ISLAMABAD DISTRICT,3 PERSONS,2.84
ISLAMABAD DISTRICT,4 PERSONS,2.99
ISLAMABAD DISTRICT,5 PERSONS,3.13
ISLAMABAD DISTRICT,6 PERSONS,3.23
ISLAMABAD DISTRICT,7 PERSONS,3.37
ISLAMABAD DISTRICT,8 PERSONS,3.55
ISLAMABAD DISTRICT,9 PERSONS,3.74
ISLAMABAD DISTRICT,10 PERSONS AND ABOVE,4.38
