district,population_range,urbanlocalities,tehsil,all_sex,male,female,transgender,population1998,avg_growth_1998_2017,avg_hh_size
ABBOTTABAD DISTRICT,"BELOW 5,000",MURREE GALLIES CANTONMENT,ABBOTTABAD TEHSIL,613,471,142,,307,3.7,4
ABBOTTABAD DISTRICT,"10,000 - 24,999",HAVELIAN MC,HAVELIAN TEHSIL,16770,8532,8238,,12016,1.77,6.3
ABBOTTABAD DISTRICT,"25,000 - 49,999",HAVELIAN CANTONMENT,HAVELIAN TEHSIL,31545,16084,15461,,19609,2.53,6.78
ABBOTTABAD DISTRICT,"25,000 - 49,999",NAWAN SHEHR TC,ABBOTTABAD TEHSIL,37068,18532,18536,,19871,3.33,6.41
ABBOTTABAD DISTRICT,"50,000 - 99,999",ABBOTTABAD MC,ABBOTTABAD TEHSIL,70227,35832,34378,17,47609,2.06,6.19
ABBOTTABAD DISTRICT,"100,000 - 199,999",ABBOTTABAD CANTONMENT,ABBOTTABAD TEHSIL,137762,75814,61947,1,58492,4.6,6.01
ATTOCK DISTRICT,"10,000 - 24,999",SANJWAL CANTONMENT,ATTOCK TEHSIL,10863,5728,5135,0,9106,.93,5.61
ATTOCK DISTRICT,"10,000 - 24,999",GHUR GHUSHTI MC,HAZRO TEHSIL,15752,7784,7967,1,14730,.35,5.81
ATTOCK DISTRICT,"25,000 - 49,999",ATTOCK CANTONMENT,ATTOCK TEHSIL,25729,15668,10061,0,17590,2.02,5.77
ATTOCK DISTRICT,"25,000 - 49,999",HAZRO MC,HAZRO TEHSIL,39556,19785,19769,2,27426,1.94,6.71
ATTOCK DISTRICT,"25,000 - 49,999",PINDI GHEB MC,PINDI GHEB TEHSIL,45195,22205,22986,4,29850,2.2,5.91
ATTOCK DISTRICT,"25,000 - 49,999",JAND MC,JAND TEHSIL,48194,23084,25104,6,17284,5.53,5.87
ATTOCK DISTRICT,"50,000 - 99,999",KAMRA CANTONMENT,ATTOCK TEHSIL,54847,30250,24593,4,39005,1.81,5.46
ATTOCK DISTRICT,"50,000 - 99,999",HASAN ABDAL MC,HASAN ABDAL TEHSIL,63218,32039,31174,5,37976,2.71,6.65
ATTOCK DISTRICT,"50,000 - 99,999",FATEH JANG MC,FATEH JANG TEHSIL,66500,33250,33241,9,25986,5.06,6.51
ATTOCK DISTRICT,"100,000 - 199,999",ATTOCK MC,ATTOCK TEHSIL,121054,60780,60252,22,52139,4.52,6.17
AWARAN DISTRICT,"10,000 - 24,999",GUJAR MASHKAI MC,MASHKAI TEHSIL,12476,6639,5837,,,,7.82
AWARAN DISTRICT,"10,000 - 24,999",AWARAN MC,AWARAN TEHSIL,21761,10986,10774,1,,,7.81
BADIN DISTRICT,"5,000 - 9,999",NINDO TC,BADIN TALUKA,8381,4213,4162,6,,,5.27
BADIN DISTRICT,"10,000 - 24,999",KADHAN TC,BADIN TALUKA,10845,5556,5288,1,5818,3.33,4.86
BADIN DISTRICT,"10,000 - 24,999",PANGRIO TC,TANDO BAGO TALUKA,13443,6956,6487,,,,4.56
BADIN DISTRICT,"10,000 - 24,999",TANDO BAGO MC,TANDO BAGO TALUKA,17546,8972,8568,6,11939,2.04,4.79
BADIN DISTRICT,"10,000 - 24,999",KARIO GHANWAR TC,GOLARCHI (S.F.RAHU) TALUKA,19487,10245,9233,9,4801,7.64,4.98
BADIN DISTRICT,"10,000 - 24,999",RAJO KHANANI TC,TALHAR TALUKA,21018,10801,10216,1,6581,6.29,4.83
BADIN DISTRICT,"25,000 - 49,999",KHOSKI TC,TANDO BAGO TALUKA,27411,14262,13144,5,6875,7.54,4.81
BADIN DISTRICT,"25,000 - 49,999",TALHAR TC,TALHAR TALUKA,27667,14057,13603,7,16438,2.77,4.82
BADIN DISTRICT,"25,000 - 49,999",SHAHEED FAZAL RAHU TC,GOLARCHI (S.F.RAHU) TALUKA,33866,17380,16478,8,14226,4.66,5.43
BADIN DISTRICT,"25,000 - 49,999",TANDO GHULAM ALI TC,MATLI TALUKA,35724,18404,17315,5,14058,5.02,5.17
BADIN DISTRICT,"50,000 - 99,999",MATLI MC,MATLI TALUKA,62563,32034,30508,21,42909,2,5.54
BADIN DISTRICT,"100,000 - 199,999",BADIN MC,BADIN TALUKA,112393,57903,54474,16,62843,3.1,4.99
BAHAWALNAGAR DISTRICT,"10,000 - 24,999",MANDI SADIQ GANJ TC,MINCHINABAD TEHSIL,15731,8042,7687,2,12188,1.35,6.97
BAHAWALNAGAR DISTRICT,"25,000 - 49,999",DONGA BONGA MC,BAHAWALNAGAR TEHSIL,32957,16735,16208,14,22472,2.03,6.68
BAHAWALNAGAR DISTRICT,"25,000 - 49,999",FAQIRWALI TC,HAROONABAD TEHSIL,34920,17682,17234,4,21546,2.57,6.02
BAHAWALNAGAR DISTRICT,"50,000 - 99,999",MINCHINABAD MC,MINCHINABAD TEHSIL,56563,28652,27903,8,25480,4.28,6.18
BAHAWALNAGAR DISTRICT,"50,000 - 99,999",FORT ABBAS MC,FORT ABBAS TEHSIL,61528,31360,30150,18,34637,3.06,6
BAHAWALNAGAR DISTRICT,"100,000 - 199,999",HAROONABAD MC,HAROONABAD TEHSIL,107680,53663,54002,15,62878,2.87,6.02
BAHAWALNAGAR DISTRICT,"100,000 - 199,999",CHISHTIAN MC,CHISHTIAN TEHSIL,149424,75546,73851,27,102287,2.01,6.01
BAHAWALNAGAR DISTRICT,"100,000 - 199,999",BAHAWALNAGAR MC,BAHAWALNAGAR TEHSIL,160883,81656,79194,33,111313,1.95,5.9
BAHAWALPUR DISTRICT,"25,000 - 49,999",SAMASATTA TC,BAHAWALPUR SADDAR TEHSIL,27290,13898,13387,5,20841,1.43,6.01
BAHAWALPUR DISTRICT,"25,000 - 49,999",KHAIRPUR TAMEWALI MC,KHAIRPUR TAMEWALI TEHSIL,41492,20981,20507,4,26854,2.31,5.75
BAHAWALPUR DISTRICT,"25,000 - 49,999",UCH SHARIF MC,AHMADPUR EAST TEHSIL,42684,21846,20829,9,20476,3.93,6.53
BAHAWALPUR DISTRICT,"25,000 - 49,999",YAZMAN MC,YAZMAN TEHSIL,48883,24884,23995,4,21028,4.53,6.18
BAHAWALPUR DISTRICT,"50,000 - 99,999",BAHAWALPUR CANTONMENT,BAHAWALPUR SADDAR TEHSIL,80658,48111,32540,7,51769,2.36,5.97
BAHAWALPUR DISTRICT,"100,000 - 199,999",HASILPUR MC,HASILPUR TEHSIL,115613,57743,57853,17,71295,2.57,6.09
BAHAWALPUR DISTRICT,"100,000 - 199,999",AHMADPUR EAST MC,AHMADPUR EAST TEHSIL,133426,68157,65252,17,96415,1.72,6.2
BAHAWALPUR DISTRICT,"500,000 AND ABOVE",BAHAWALPUR MUNICIPAL CORPORATION,BAHAWALPUR CITY TEHSIL,682116,350186,331842,88,356626,3.47,5.91
BANNU DISTRICT,"5,000 - 9,999",BANNU CANTONMENT,BANNU TEHSIL,8316,5313,3003,,9482,-.6899999999999999,6.11
BANNU DISTRICT,"25,000 - 49,999",BANNU MC,BANNU TEHSIL,41632,22315,19316,1,38194,.45,7.68
BARKHAN DISTRICT,"10,000 - 24,999",BARKHAN MC,BARKHAN TEHSIL,12201,6335,5863,3,7670,2.47,7.4
BHAKKAR DISTRICT,"10,000 - 24,999",MANKERA MC,MANKERA TEHSIL,14145,7180,6962,3,9218,2.28,5.79
BHAKKAR DISTRICT,"10,000 - 24,999",DULLEWALA MC,DARYA KHAN TEHSIL,19565,10175,9387,3,12850,2.23,5.94
BHAKKAR DISTRICT,"10,000 - 24,999",JANDANWALA MC,KALUR KOT TEHSIL,22913,11642,11270,1,14155,2.56,6.37
BHAKKAR DISTRICT,"25,000 - 49,999",KALUR KOT MC,KALUR KOT TEHSIL,29368,14942,14424,2,21770,1.59,6.76
BHAKKAR DISTRICT,"50,000 - 99,999",DARYA KHAN MC,DARYA KHAN TEHSIL,60856,31171,29673,12,41785,1.99,5.57
BHAKKAR DISTRICT,"100,000 - 199,999",BHAKKAR MC,BHAKKAR TEHSIL,112807,58034,54760,13,68896,2.62,6.32
CHAGHI DISTRICT,"10,000 - 24,999",DALBANDIN MC,DALBANDIN TEHSIL,16265,8299,7966,,11948,1.63,8.19
CHAKWAL DISTRICT,"10,000 - 24,999",LAWA MC,LAWA TEHSIL,15595,7447,8146,2,,,5.35
CHAKWAL DISTRICT,"10,000 - 24,999",BHAUN MC,KALLAR KAHAR TEHSIL,18859,9582,9277,0,,,5.3
CHAKWAL DISTRICT,"10,000 - 24,999",CHOA SAIDAN SHAH MC,CHOA SAIDAN SHAH TEHSIL,22574,11431,11137,6,13418,2.77,5.85
CHAKWAL DISTRICT,"10,000 - 24,999",KALLAR KAHAR MC,KALLAR KAHAR TEHSIL,24283,12738,11541,4,,,5.59
CHAKWAL DISTRICT,"50,000 - 99,999",TALA GANG MC,TALA GANG TEHSIL,64083,31589,32484,10,37766,2.82,5.69
CHAKWAL DISTRICT,"100,000 - 199,999",CHAKWAL MC,CHAKWAL TEHSIL,138214,68508,69677,29,80508,2.88,5.88
CHARSADDA DISTRICT,"25,000 - 49,999",UTMANZAI MC,CHARSADDA TEHSIL,31243,15855,15388,,24848,1.21,6.77
CHARSADDA DISTRICT,"25,000 - 49,999",TANGI MC,TANGI TEHSIL,32913,16741,16172,,25346,1.38,6.78
CHARSADDA DISTRICT,"50,000 - 99,999",SHABQADAR MC,SHABQADAR TEHSIL,91490,47300,44189,1,55439,2.67,7.55
CHARSADDA DISTRICT,"100,000 - 199,999",CHARSADDA MC,CHARSADDA TEHSIL,114558,59042,55513,3,87218,1.44,7.08
CHINIOT DISTRICT,"25,000 - 49,999",BHAWANA MC,BHAWANA TEHSIL,34087,17264,16819,4,13997,4.79,6.35
CHINIOT DISTRICT,"25,000 - 49,999",LALIAN MC,LALIAN TEHSIL,45411,22890,22501,20,28794,2.42,5.41
CHINIOT DISTRICT,"50,000 - 99,999",CHENAB NAGAR MC,LALIAN TEHSIL,64204,32045,32156,3,43870,2.02,5.26
CHINIOT DISTRICT,"200,000 - 499,999",CHINIOT MC,CHINIOT TEHSIL,278528,143956,134539,33,172522,2.55,6.52
CHITRAL DISTRICT,"25,000 - 49,999",CHITRAL MC,CHITRAL SUB-DIVISION,49780,26320,23456,4,30622,2.59,6.95
DADU DISTRICT,"10,000 - 24,999",PHULJI TC,DADU TALUKA,11261,5750,5510,1,6907,2.6,5.2
DADU DISTRICT,"10,000 - 24,999",THARI MOHABAT TC,MEHAR TALUKA,14282,7416,6861,5,10240,1.76,5.52
DADU DISTRICT,"25,000 - 49,999",RADHAN TC,MEHAR TALUKA,28900,14893,14004,3,14406,3.73,5.35
DADU DISTRICT,"25,000 - 49,999",JOHI TC,JOHI TALUKA,29031,14693,14330,8,17997,2.54,5.19
DADU DISTRICT,"25,000 - 49,999",SITA ROAD TC,KHAIRPUR NATHAN SHAH TALUKA,31093,16169,14922,2,23980,1.37,5.46
DADU DISTRICT,"25,000 - 49,999",KHAIR PUR NATHAN SHAH MC  ,KHAIRPUR NATHAN SHAH TALUKA,41320,21187,20132,1,26012,2.46,5.29
DADU DISTRICT,"50,000 - 99,999",MEHAR MC,MEHAR TALUKA,56200,28493,27695,12,27042,3.92,5.89
DADU DISTRICT,"100,000 - 199,999",DADU MC,DADU TALUKA,171319,87979,83321,19,102550,2.73,5.5
DERA BUGTI DISTRICT,"25,000 - 49,999",DERA BUGTI MC,DERA BUGTI TEHSIL,27625,14490,13135,,15495,3.08,6.79
DERA BUGTI DISTRICT,"50,000 - 99,999",SUI MC,SUI TEHSIL,72740,37534,35206,,,,6.94
DERA GHAZI KHAN DISTRICT,"50,000 - 99,999",KOT CHHUTTA MC,KOT CHHUTTA TEHSIL,51666,25837,25820,9,,,9.1
DERA GHAZI KHAN DISTRICT,"50,000 - 99,999",TAUNSA MC,TAUNSA TEHSIL,97193,50363,46828,2,38297,5.01,6.89
DERA GHAZI KHAN DISTRICT,"200,000 - 499,999",DERA GHAZI KHAN MUNICIPAL CORPORATION,DERA GHAZI KHAN TEHSIL,397362,201554,195775,33,190542,3.94,7.29
DERA ISMAIL KHAN DISTRICT,"5,000 - 9,999",DERA ISMAIL KHAN CANTONMENT,DERA ISMAIL KHAN TEHSIL,5694,3519,2175,,5145,.53,5.2
DERA ISMAIL KHAN DISTRICT,"10,000 - 24,999",PANYALA TC,PAHARPUR TEHSIL,10821,5717,5103,1,,,6.76
DERA ISMAIL KHAN DISTRICT,"10,000 - 24,999",KULACHI MC,KULACHI TEHSIL,24753,12750,12003,,19113,1.37,6.91
DERA ISMAIL KHAN DISTRICT,"25,000 - 49,999",PROA MC,PAROA TEHSIL,39881,20887,18993,1,,,7.75
DERA ISMAIL KHAN DISTRICT,"50,000 - 99,999",PAHARPUR MC,PAHARPUR TEHSIL,66745,34323,32418,4,14580,8.32,8.59
DERA ISMAIL KHAN DISTRICT,"200,000 - 499,999",DERA ISMAIL KHAN MC,DERA ISMAIL KHAN TEHSIL,212324,110597,101690,37,86969,4.8,6.58
FAISALABAD DISTRICT,"25,000 - 49,999",MAMU KANJAN MC,TANDLIAN WALA TEHSIL,37043,18788,18240,15,27846,1.51,6.3
FAISALABAD DISTRICT,"25,000 - 49,999",DIJKOT MC,FAISALABAD SADAR TEHSI,39873,20160,19713,0,23126,2.9,6.56
FAISALABAD DISTRICT,"25,000 - 49,999",TANDLIANWALA MC,TANDLIAN WALA TEHSIL,47452,24127,23314,11,34584,1.68,6.37
FAISALABAD DISTRICT,"25,000 - 49,999",CHAK JHUMRA MC,CHAK JHUMRA TEHSIL,48796,24664,24123,9,32111,2.22,6.12
FAISALABAD DISTRICT,"50,000 - 99,999",KHURIANWALA MC,JARANWALA TEHSIL,75907,40197,35699,11,30012,5,6.58
FAISALABAD DISTRICT,"100,000 - 199,999",JARANWALA MC,JARANWALA TEHSIL,150699,76561,74111,27,106985,1.82,6.38
FAISALABAD DISTRICT,"100,000 - 199,999",SAMMUNDRI MC,SAMMUNDRI TEHSIL,156938,78834,78084,20,54908,5.67,6.39
FAISALABAD DISTRICT,"500,000 AND ABOVE",FAISALABAD MUNICIPAL,FAISALABAD CITY TEHSIL,3210158,1651684,1558106,368,2008861,2.49,6.3
GHOTKI DISTRICT,"10,000 - 24,999",ADALPUR TC,GHOTKI TALUKA,12948,6725,6222,1,7343,3.02,5.28
GHOTKI DISTRICT,"25,000 - 49,999",KHANGARH TC,KHANGARH TALUKA,30423,15564,14854,5,,,5.24
GHOTKI DISTRICT,"25,000 - 49,999",UBAURO TC,UBAURO TALUKA,44496,22963,21528,5,21299,3.95,6.1
GHOTKI DISTRICT,"50,000 - 99,999",MIRPUR MATHELO MC,MIRPUR MATHELO TALUKA,75270,39014,36246,10,42421,3.06,5.31
GHOTKI DISTRICT,"50,000 - 99,999",DAHARKI TC,DAHARKI TALUKA,86286,44846,41431,9,34615,4.92,5.86
GHOTKI DISTRICT,"100,000 - 199,999",GHOTKI MC,GHOTKI TALUKA,111398,57444,53928,26,52823,4,5.48
GUJRANWALA DISTRICT,"10,000 - 24,999",DHONKAL MC,WAZIRABAD TEHSIL,13302,6254,7048,,10426,1.29,5.79
GUJRANWALA DISTRICT,"10,000 - 24,999",RASULNAGHAR TC,WAZIRABAD TEHSIL,14519,7031,7486,2,12373,.84,6.07
GUJRANWALA DISTRICT,"10,000 - 24,999",SODHRA TC,WAZIRABAD TEHSIL,17296,8417,8877,2,13948,1.14,6.16
GUJRANWALA DISTRICT,"25,000 - 49,999",EMINABAD TC,GUJRANWALA CITY TEHSIL,27363,13833,13524,6,19136,1.9,6.47
GUJRANWALA DISTRICT,"25,000 - 49,999",NOWSHERA VIRKAN MC,NOWSHERA VIRKAN TEHSIL,49377,24712,24657,8,33940,1.99,7.1
GUJRANWALA DISTRICT,"50,000 - 99,999",ALIPUR CHATTA MC,WAZIRABAD TEHSIL,60983,30482,30488,13,39547,2.3,6.49
GUJRANWALA DISTRICT,"50,000 - 99,999",GHAKKHAR MC,WAZIRABAD TEHSIL,65517,32321,33191,5,46249,1.85,6.27
GUJRANWALA DISTRICT,"50,000 - 99,999",QILA DIDAR SINGH MC,GUJRANWALA CITY TEHSIL,66491,32779,33707,5,41404,2.52,6.56
GUJRANWALA DISTRICT,"50,000 - 99,999",LUDHEWALA WARAICH MC,GUJRANWALA CITY TEHSIL,92020,46858,45157,5,33928,5.38,6.98
GUJRANWALA DISTRICT,"100,000 - 199,999",WAZIRABAD MC,WAZIRABAD TEHSIL,128096,62969,65101,26,90197,1.86,5.95
GUJRANWALA DISTRICT,"100,000 - 199,999",GUJRANWALA CANTONMENT,GUJRANWALA SADDAR TEHSIL,136919,76544,60367,8,93093,2.05,5.81
GUJRANWALA DISTRICT,"200,000 - 499,999",KAMOKE MC,KAMOKE TEHSIL,248814,126412,122342,60,152288,2.61,6.68
GUJRANWALA DISTRICT,"500,000 AND ABOVE",GUJRANWALA MUNICIPAL CORPORATI,GUJRANWALA SADDAR TEHSIL,2028421,1028354,999797,270,1132509,3.11,6.57
GUJRAT DISTRICT,"10,000 - 24,999",SHADIWAL TC,GUJRAT TEHSIL,23152,11355,11796,1,17678,1.43,6.08
GUJRAT DISTRICT,"25,000 - 49,999",KUNJAH MC,GUJRAT TEHSIL,32588,15976,16609,3,24338,1.55,6.09
GUJRAT DISTRICT,"25,000 - 49,999",KHARIAN MC,KHARIAN TEHSIL,39423,19479,19943,1,23713,2.71,6.03
GUJRAT DISTRICT,"25,000 - 49,999",KHARIAN CANTONMENT,KHARIAN TEHSIL,48146,33103,15043,0,49914,-.19,5.12
GUJRAT DISTRICT,"50,000 - 99,999",DINGA MC,KHARIAN TEHSIL,50793,24560,26231,2,34180,2.1,6.45
GUJRAT DISTRICT,"50,000 - 99,999",SARAI ALAMGIR MC,SARAI ALAMGIR TEHSIL,54864,26612,28249,3,37166,2.07,5.81
GUJRAT DISTRICT,"50,000 - 99,999",LALA MUSA MC,KHARIAN TEHSIL,91566,44836,46728,2,59996,2.25,6.27
GUJRAT DISTRICT,"50,000 - 99,999",JALALPUR JATTAN MC,GUJRAT TEHSIL,96210,46980,49220,10,69395,1.73,6.1
GUJRAT DISTRICT,"200,000 - 499,999",GUJRAT MUNICIPAL CORPORATION,GUJRAT TEHSIL,390758,193528,197179,51,251792,2.34,6.11
GWADAR DISTRICT,"BELOW 5,000",ORMARA CANTONMENT,ORMARA TEHSIL,2122,1840,282,,,,4.11
GWADAR DISTRICT,"10,000 - 24,999",ORMARA MC,ORMARA TEHSIL,15631,8161,7470,,11521,1.62,5.46
GWADAR DISTRICT,"10,000 - 24,999",JIWANI MC,JIWANI TEHSIL,18268,9511,8753,4,14072,1.38,6.1
GWADAR DISTRICT,"25,000 - 49,999",PASNI MC,PASNI TEHSIL,34557,18404,16149,4,29538,.83,8.15
GWADAR DISTRICT,"50,000 - 99,999",GWADAR MC,GWADAR TEHSIL,90201,49901,40293,7,45021,3.72,6.86
HAFIZABAD DISTRICT,"10,000 - 24,999",KALEKEY TC,HAFIZABAD TEHSIL,18116,8981,9133,2,14027,1.35,6.81
HAFIZABAD DISTRICT,"25,000 - 49,999",JALALPUR BHATTIAN MC,PINDI BHATTIAN TEHSIL,40897,21015,19870,12,21248,3.5,6.48
HAFIZABAD DISTRICT,"25,000 - 49,999",SUKHEKE MC,PINDI BHATTIAN TEHSIL,42609,21312,21292,5,28245,2.18,6.47
HAFIZABAD DISTRICT,"50,000 - 99,999",PINDI BHATTIAN MC,PINDI BHATTIAN TEHSIL,55356,28153,27192,11,29917,3.29,6.56
HAFIZABAD DISTRICT,"200,000 - 499,999",HAFIZABAD MC,HAFIZABAD TEHSIL,245751,123900,121824,27,133678,3.25,6.55
HANGU DISTRICT,"10,000 - 24,999",DOABA TC,TALL TEHSIL,21319,10567,10751,1,7840,5.4,10.41
HANGU DISTRICT,"25,000 - 49,999",TALL MC,TALL TEHSIL,32382,16125,16254,3,25355,1.29,9.84
HANGU DISTRICT,"25,000 - 49,999",HANGU MC,HANGU TEHSIL,48801,23736,25063,2,31022,2.41,9.4
HARIPUR DISTRICT,"25,000 - 49,999",KHALABAT MC,HARIPUR TEHSIL,47185,22730,24455,,34426,1.67,6.08
HARIPUR DISTRICT,"50,000 - 99,999",HARIPUR MC,HARIPUR TEHSIL,85915,45065,40820,30,48309,3.07,6.11
HARNAI DISTRICT,"10,000 - 24,999",SHAHRIG MC,SHAHRIG TEHSIL,11259,6891,4366,2,,,5.35
HARNAI DISTRICT,"10,000 - 24,999",HARNAI MC,HARNAI TEHSIL,13303,6950,6349,4,9359,1.86,6.02
HYDERABAD DISTRICT,"5,000 - 9,999",HYDERABAD CANTONMENT (Part of Qasimabad Taluka),QASIMABAD TALUKA,5319,3092,2226,1,5528,-.2,5.91
HYDERABAD DISTRICT,"10,000 - 24,999",HUSRI TC,HYDERABAD TALUKA,21136,10843,10289,4,,,4.94
HYDERABAD DISTRICT,"25,000 - 49,999",HYDERABAD CANTONMENT (Part of Latifabad Taluka),LATIFABAD TALUKA,42386,23435,18937,14,42123,.03,6.69
HYDERABAD DISTRICT,"50,000 - 99,999",HYDERABAD CANTONMENT (Part of Hyderabad City Taluka),HYDERABAD CITY TALUKA,52062,28613,23443,6,33730,2.31,5.67
HYDERABAD DISTRICT,"50,000 - 99,999",TANDO JAM MC,HYDERABAD TALUKA,71760,37760,33994,6,26446,5.38,5.2
HYDERABAD DISTRICT,"200,000 - 499,999",QASIMABAD MC,QASIMABAD TALUKA,299460,157340,142100,20,97719,6.06,5.02
HYDERABAD DISTRICT,"500,000 AND ABOVE",HYDERABAD MUNICIPAL CORPORATION (Part of Latifabad Taluka),LATIFABAD TALUKA,661304,342098,319074,132,503921,1.44,4.84
ISLAMABAD DISTRICT,"500,000 AND ABOVE",ISLAMABAD METROPOLITAN CORPORATION NAURANG TC,ISLAMABAD TEHSIL,1009003,535605,473242,156,529180,3.45,5.78
JACOBABAD DISTRICT,"10,000 - 24,999",MIRPUR BURRIRO TC,THUL TALUKA,10731,5548,5181,2,,,4.81
JACOBABAD DISTRICT,"10,000 - 24,999",SOHRAB KHAN SARKI TC,THUL TALUKA,12525,6329,6195,1,,,5.61
JACOBABAD DISTRICT,"10,000 - 24,999",GARHI KHAIRO TC,GARHI KHAIRO TALUKA,12619,6320,6299,,11565,.46,5.24
JACOBABAD DISTRICT,"50,000 - 99,999",THUL MC,THUL TALUKA,70245,35971,34257,17,29125,4.73,5.57
JACOBABAD DISTRICT,"100,000 - 199,999",JACOBABAD MC,JACOBABAD TALUKA,191098,97597,93437,64,138780,1.69,5.72
JAFFARABAD DISTRICT,"50,000 - 99,999",USTA MUHAMMAD MC,USTA MUHAMMAD TEHSIL,76753,38872,37881,,38946,3.63,6.69
JAFFARABAD DISTRICT,"50,000 - 99,999",DERA ALLAH YAR MC,JHAT PAT TEHSIL,80958,41622,39328,8,38371,4,6.75
JAMSHORO DISTRICT,"5,000 - 9,999",MANJHAND TC,MANJHAND TALUKA,8466,4346,4120,,,,4.93
JAMSHORO DISTRICT,"10,000 - 24,999",SANN TC,MANJHAND TALUKA,12730,6536,6194,,7679,2.69,5.17
JAMSHORO DISTRICT,"10,000 - 24,999",THANO BULA KHAN TC,THANO BULA KHAN TALUKA,14944,7747,7190,7,12700,.86,5.85
JAMSHORO DISTRICT,"25,000 - 49,999",JAMSHORO TC,KOTRI TALUKA,32768,16989,15772,7,,,6.38
JAMSHORO DISTRICT,"25,000 - 49,999",BHAN TC,SEHWAN TALUKA,37452,19372,18070,10,14241,5.21,4.81
JAMSHORO DISTRICT,"50,000 - 99,999",SEHWAN TC,SEHWAN TALUKA,66898,34744,32137,17,34923,3.47,5.22
JAMSHORO DISTRICT,"100,000 - 199,999",KOTRI MC,KOTRI TALUKA,101124,52544,48553,27,62085,2.6,5.35
JAMSHORO DISTRICT,"100,000 - 199,999",BOLHARI MC,KOTRI TALUKA,158239,83661,74553,25,,,5.92
JHAL MAGSI DISTRICT,"5,000 - 9,999",GANDAWA MC,GANDAWA TEHSIL,7815,3958,3856,1,8097,-.19,6.26
JHANG DISTRICT,"10,000 - 24,999",BAGH TC,JHANG TEHSIL,15132,7716,7412,4,11307,1.54,6.5
JHANG DISTRICT,"25,000 - 49,999",18-HAZARI MC,18-HAZARI TEHSIL,27554,14039,13513,2,,,6.27
JHANG DISTRICT,"25,000 - 49,999",SHORKOT CANTONMENT,SHORKOT TEHSIL,30784,15890,14890,4,25510,.99,5.41
JHANG DISTRICT,"25,000 - 49,999",AHMADPUR SIAL MC,AHMADPUR SIAL TEHSIL,31227,15494,15729,4,21254,2.04,6.36
JHANG DISTRICT,"25,000 - 49,999",GARH MAHARAJA MC,AHMADPUR SIAL TEHSIL,36407,18572,17832,3,25094,1.97,6.66
JHANG DISTRICT,"25,000 - 49,999",SHORKOT MC,SHORKOT TEHSIL,43019,21297,21716,6,27276,2.42,6.2
JHANG DISTRICT,"200,000 - 499,999",JHANG MC,JHANG TEHSIL,414309,211436,202797,76,293366,1.83,6.18
JHELUM DISTRICT,"10,000 - 24,999",JHELUM CANTONMENT,JHELUM TEHSIL,16275,11005,5270,,17950,-.51,4.86
JHELUM DISTRICT,"10,000 - 24,999",MANGLA CANTONMENT,DINA TEHSIL,16294,10770,5522,2,13848,.86,5.04
JHELUM DISTRICT,"25,000 - 49,999",SOHAWA MC,SOHAWA TEHSIL,26185,12776,13406,3,12708,3.87,6
JHELUM DISTRICT,"25,000 - 49,999",PIND DADAN KHAN MC,PIND DADAN KHAN TEHSIL,29935,14951,14984,,18766,2.48,5.82
JHELUM DISTRICT,"25,000 - 49,999",KHEWRA MC,PIND DADAN KHAN TEHSIL,34463,17519,16941,3,27826,1.13,5.75
JHELUM DISTRICT,"50,000 - 99,999",DINA MC,DINA TEHSIL,56949,28329,28606,14,38790,2.04,6.14
JHELUM DISTRICT,"100,000 - 199,999",JHELUM MC,JHELUM TEHSIL,174196,86581,87583,32,129442,1.57,5.78
KACHHI DISTRICT,"10,000 - 24,999",DHADAR MC,DHADAR TEHSIL,15240,7938,7302,0,12818,.91,8.1
KACHHI DISTRICT,"10,000 - 24,999",BHAG MC,BHAG TEHSIL,16600,8529,8068,3,12181,1.64,6.53
KACHHI DISTRICT,"10,000 - 24,999",MACH MC,MACH SUB-TEHSIL,19140,10363,8777,0,14488,1.47,7.6
KALAT DISTRICT,"25,000 - 49,999",SURAB MC,SURAB TEHSIL,35597,17635,17962,0,11148,6.29,8.529999999999999
KALAT DISTRICT,"25,000 - 49,999",KALAT MC,KALAT TEHSIL,36796,18649,18147,0,22646,2.58,6.4
KAMBAR SHAHDAD KOT DISTRICT,"10,000 - 24,999",GAJI KHUHAWAR TC,WARAH TALUKA,15455,7876,7579,,,,5.31
KAMBAR SHAHDAD KOT DISTRICT,"10,000 - 24,999",WAGAN TC,WARAH TALUKA,15763,8084,7678,1,,,5.6
KAMBAR SHAHDAD KOT DISTRICT,"10,000 - 24,999",BEHRAM TC,MIRO KHAN TALUKA,21042,10758,10279,5,,,6.15
KAMBAR SHAHDAD KOT DISTRICT,"10,000 - 24,999",MIRO KHAN TC,MIRO KHAN TALUKA,21270,10904,10365,1,8891,4.69,5.83
KAMBAR SHAHDAD KOT DISTRICT,"25,000 - 49,999",QUBO SAEED KHAN TC,QUBO SAEED KHAN TALUKA,27623,14028,13592,3,,,5.76
KAMBAR SHAHDAD KOT DISTRICT,"25,000 - 49,999",NASIRABAD TC,NASIRABAD TALUKA,37819,19209,18608,2,23477,2.54,5.89
KAMBAR SHAHDAD KOT DISTRICT,"25,000 - 49,999",WARAH TC,WARAH TALUKA,37926,19087,18833,6,15776,4.72,5.43
KAMBAR SHAHDAD KOT DISTRICT,"100,000 - 199,999",KAMBAR MC,KAMBAR ALI KHAN TALUKA,100970,51678,49270,22,58369,2.92,5.96
KAMBAR SHAHDAD KOT DISTRICT,"100,000 - 199,999",SHAHDAD KOT MC,SHAHDAD KOT TALUKA,118935,60367,58552,16,60436,3.62,6.02
KARACHI CENTRAL DISTRICT,"200,000 - 499,999",DISTRICT MUNICIPAL CORPORATION  ,NAZIMABAD SUB-DIVISION,446347,233024,213259,64,363193,1.09,5.43
KARACHI CENTRAL DISTRICT,"200,000 - 499,999",DISTRICT MUNICIPAL CORPORATION  ,LIAQUATABAD SUB-DIVISION,449098,233469,215513,116,379058,.89,5.28
KARACHI CENTRAL DISTRICT,"200,000 - 499,999",DISTRICT MUNICIPAL CORPORATION  ,GULBERG SUB-DIVISION,496094,257941,238090,63,424620,.82,5.12
KARACHI CENTRAL DISTRICT,"500,000 AND ABOVE",DISTRICT MUNICIPAL CORPORATION  ,NORTH NAZIMABAD SUB-DIVISION,708598,364751,343716,131,528194,1.56,5.53
KARACHI CENTRAL DISTRICT,"500,000 AND ABOVE",DISTRICT MUNICIPAL CORPORATION ,NEW KARACHI SUB-DIVISION,871245,452843,418282,120,582866,2.13,5.81
KARACHI EAST DISTRICT,"10,000 - 24,999",KARACHI CANTONMENT (Part of Ja,JAMSHED QUARTERS SUB-DIVISION,12121,6263,5857,1,9468,1.31,5.09
KARACHI EAST DISTRICT,"50,000 - 99,999",MALIR CANTONMENT (Part of Gulz,GULZAR-E-HIJRI SUB-DIVISION,61762,33113,28648,1,8063,11.29,6.13
KARACHI EAST DISTRICT,"100,000 - 199,999",FAISAL CANTONMENT (Part of Gul,GULSHAN-E-IQBAL SUB-DIVISION,194656,99622,95008,26,93070,3.95,4.89
KARACHI EAST DISTRICT,"200,000 - 499,999",DISTRICT MUNICIPAL CORPORATION  ,JAMSHED QUARTERS SUB-DIVISION,467312,244397,222842,73,378917,1.11,5.42
KARACHI EAST DISTRICT,"500,000 AND ABOVE",DISTRICT MUNICIPAL CORPORATION  ,GULSHAN-E-IQBAL SUB-DIVISION,647144,333725,313290,129,347377,3.32,5.48
KARACHI EAST DISTRICT,"500,000 AND ABOVE",DISTRICT MUNICIPAL CORPORATION  ,GULZAR-E-HIJRI SUB-DIVISION,730689,388431,342108,150,114789,10.21,6.59
KARACHI EAST DISTRICT,"500,000 AND ABOVE",DISTRICT MUNICIPAL CORPORATION  ,FEROZABAD SUB-DIVISION,761631,401237,360249,145,558702,1.64,5.33
KARACHI SOUTH DISTRICT,"BELOW 5,000",KARACHI CANTONMENT (Part of Ci,CIVIL LINES SUB-DIVISION,2709,1527,1182,,,,4.69
KARACHI SOUTH DISTRICT,"25,000 - 49,999",DISTRICT MUNICIPAL CORPORATION,SADDAR SUB-DIVISION,36275,19252,17022,1,42187,-.79,5.04
KARACHI SOUTH DISTRICT,"50,000 - 99,999",CLIFTON CANTONMENT (Part of Sa,SADDAR SUB-DIVISION,52038,27903,24134,1,42630,1.05,5.19
KARACHI SOUTH DISTRICT,"50,000 - 99,999",KARACHI CANTONMENT (Part of Sa,SADDAR SUB-DIVISION,53592,28415,25162,15,48620,.51,5.34
KARACHI SOUTH DISTRICT,"100,000 - 199,999",DISTRICT MUNICIPAL CORPORATION,ARAM BAGH SUB-DIVISION,128313,69314,58990,9,131880,-.14,4.99
KARACHI SOUTH DISTRICT,"200,000 - 499,999",DISTRICT MUNICIPAL CORPORATION,CIVIL LINES SUB-DIVISION,223950,122427,101493,30,142721,2.4,5.29
KARACHI SOUTH DISTRICT,"200,000 - 499,999",CLIFTON CANTONMENT (Part of Ci,CIVIL LINES SUB-DIVISION,246460,131686,114763,11,139859,3.02,5.21
KARACHI SOUTH DISTRICT,"200,000 - 499,999",DISTRICT MUNICIPAL CORPORATION,GARDEN SUB-DIVISION,363967,188988,174945,34,325716,.59,5.32
KARACHI SOUTH DISTRICT,"500,000 AND ABOVE",DISTRICT MUNICIPAL CORPORATION,LYARI SUB-DIVISION,661926,341179,320658,89,594966,.5600000000000001,5.81
KARACHI WEST DISTRICT,"BELOW 5,000",MANORA CANTONMENT (Part of Har,HARBOUR SUB-DIVISION,4273,2319,1954,,10008,-4.37,5.79
KARACHI WEST DISTRICT,"50,000 - 99,999",DISTRICT MUNICIPAL CORPORATION,MAURIPUR SUB-DIVISION,70611,38030,32578,3,47925,2.06,6.39
KARACHI WEST DISTRICT,"200,000 - 499,999",DISTRICT MUNICIPAL CORPORATION,HARBOUR SUB-DIVISION,396842,211885,184909,48,213442,3.31,5.95
KARACHI WEST DISTRICT,"200,000 - 499,999",DISTRICT MUNICIPAL CORPORATION,SITE SUB-DIVISION,403574,222883,180663,28,321769,1.2,6.23
KARACHI WEST DISTRICT,"500,000 AND ABOVE",DISTRICT MUNICIPAL CORPORATION,ORANGI SUB-DIVISION,520195,271646,248524,25,313672,2.69,6.29
KARACHI WEST DISTRICT,"500,000 AND ABOVE",DISTRICT MUNICIPAL CORPORATION,MANGHOPIR SUB-DIVISION,550332,287384,262911,37,,,6.1
KARACHI WEST DISTRICT,"500,000 AND ABOVE",DISTRICT MUNICIPAL CORPORATION,BALDIA SUB-DIVISION,832583,434973,397480,130,406165,3.84,6.4
KARACHI WEST DISTRICT,"500,000 AND ABOVE",DISTRICT MUNICIPAL CORPORATION,MOMINABAD SUB-DIVISION,845797,438296,407422,79,596593,1.85,5.78
KARAK DISTRICT,"50,000 - 99,999",KARAK MC,KARAK TEHSIL,51086,25627,25458,1,27893,3.23,9.31
KASHMOR DISTRICT,"10,000 - 24,999",BUXAPUR TC,KASHMORE TALUKA,10535,5432,5101,2,7398,1.87,5.17
KASHMOR DISTRICT,"10,000 - 24,999",TANGWANI TC,TANGWANI TALUKA,12425,6426,5999,,7987,2.35,5.67
KASHMOR DISTRICT,"10,000 - 24,999",KARAMPUR TC,TANGWANI TALUKA,14085,7175,6909,1,7313,3.5,5.59
KASHMOR DISTRICT,"10,000 - 24,999",GUDDU TC,KASHMORE TALUKA,24537,12903,11627,7,24028,.11,6.24
KASHMOR DISTRICT,"25,000 - 49,999",GHAUSPUR TC,KANDHKOT TALUKA,35319,18087,17230,2,25081,1.81,5.44
KASHMOR DISTRICT,"50,000 - 99,999",KASHMORE TC,KASHMORE TALUKA,55908,28837,27058,13,28548,3.59,6
KASHMOR DISTRICT,"100,000 - 199,999",KANDHKOT MC,KANDHKOT TALUKA,100850,52371,48465,14,67566,2.13,5.61
KASUR DISTRICT,"25,000 - 49,999",KANGANPUR MC,CHUNIAN TEHSIL,28184,14377,13800,7,18643,2.19,6.43
KASUR DISTRICT,"25,000 - 49,999",RAJA JANG MC,KASUR TEHSIL,30855,16093,14758,4,20943,2.06,7.1
KASUR DISTRICT,"25,000 - 49,999",KHADIAN MC,KASUR TEHSIL,38850,19899,18949,2,23127,2.76,6.35
KASUR DISTRICT,"50,000 - 99,999",KOT RADHA KISHAN MC,KOT RADHA KISHAN TEHSIL,58894,30135,28749,10,39555,2.11,6.32
KASUR DISTRICT,"50,000 - 99,999",MUSTAFABAD MC,KASUR TEHSIL,60578,31264,29310,4,37498,2.55,6.94
KASUR DISTRICT,"50,000 - 99,999",ALLAHABAD MC,CHUNIAN TEHSIL,61935,31746,30176,13,,,6.36
KASUR DISTRICT,"50,000 - 99,999",CHUNIAN MC,CHUNIAN TEHSIL,72589,38513,34066,10,42230,2.89,5.94
KASUR DISTRICT,"50,000 - 99,999",PATTOKI MC,PATTOKI TEHSIL,87757,44905,42848,4,58961,2.11,6.19
KASUR DISTRICT,"50,000 - 99,999",PHOOL NAGAR MC,PATTOKI TEHSIL,92842,48218,44612,12,56113,2.68,6.65
KASUR DISTRICT,"200,000 - 499,999",KASUR MC,KASUR TEHSIL,358296,184845,173408,43,245321,2.01,6.2
KECH DISTRICT,"25,000 - 49,999",BULAIDA MC,BULAIDA SUB-TEHSIL,39846,21248,18592,6,,,6.84
KECH DISTRICT,"25,000 - 49,999",TUMP MC,TUMP SUB-TEHSIL,48343,25590,22751,2,,,7.77
KECH DISTRICT,"200,000 - 499,999",TURBAT MUNICIPAL CORPORATION   ,KECH (TURBAT) TEHSIL,213831,118713,95086,32,68603,6.15,6.14
KHAIRPUR DISTRICT,"10,000 - 24,999",KARUNDI TC,FAIZ GANJ TALUKA,10381,5278,5103,,7400,1.79,5.06
KHAIRPUR DISTRICT,"10,000 - 24,999",THERHI II TC,KHAIRPUR TALUKA,12071,6305,5766,,,,5.76
KHAIRPUR DISTRICT,"10,000 - 24,999",BABARLOI TC,KHAIRPUR TALUKA,13689,7271,6417,1,,,5.64
KHAIRPUR DISTRICT,"10,000 - 24,999",BOZDAR WADA TC,MIRWAH TALUKA,16706,8553,8153,,7605,4.22,5.54
KHAIRPUR DISTRICT,"10,000 - 24,999",KUMB TC,KOT DIJI TALUKA,16851,8749,8102,,7995,3.99,5.96
KHAIRPUR DISTRICT,"10,000 - 24,999",AGRA TC,GAMBAT TALUKA,17021,8768,8251,2,,,5.84
KHAIRPUR DISTRICT,"10,000 - 24,999",AHMEDPUR TC,KINGRI TALUKA,21871,11225,10646,,,,5.74
KHAIRPUR DISTRICT,"10,000 - 24,999",THERHI-I TC,KHAIRPUR TALUKA,22965,11863,11100,2,19302,.92,5.56
KHAIRPUR DISTRICT,"10,000 - 24,999",TANDO MIR ALI TC,MIRWAH TALUKA,23634,12149,11484,1,,,5.97
KHAIRPUR DISTRICT,"10,000 - 24,999",THARI MIRWAH TC,MIRWAH TALUKA,23669,12264,11403,2,8314,5.65,5.91
KHAIRPUR DISTRICT,"10,000 - 24,999",KHUHRA TC,GAMBAT TALUKA,24246,12307,11938,1,12571,3.51,5.87
KHAIRPUR DISTRICT,"25,000 - 49,999",PIRYALOI TC,KINGRI TALUKA,25792,13255,12536,1,13985,3.27,5.96
KHAIRPUR DISTRICT,"25,000 - 49,999",HINGORJA TC,SOBHO DERO TALUKA,29635,15429,14206,,19099,2.33,6.19
KHAIRPUR DISTRICT,"25,000 - 49,999",SETHARJA TC,MIRWAH TALUKA,29856,15244,14606,6,27251,.48,6.04
KHAIRPUR DISTRICT,"25,000 - 49,999",FAQIRABAD TC,KOT DIJI TALUKA,31273,16059,15213,1,15852,3.63,5.65
KHAIRPUR DISTRICT,"25,000 - 49,999",SOBHO DERO TC,SOBHO DERO TALUKA,31380,16179,15201,,12298,5.04,6.74
KHAIRPUR DISTRICT,"25,000 - 49,999",PACCA CHANG TC,FAIZ GANJ TALUKA,32968,16818,16150,,8506,7.38,5.06
KHAIRPUR DISTRICT,"25,000 - 49,999",RANIPUR TC,SOBHO DERO TALUKA,33591,17298,16283,10,19053,3.02,6.07
KHAIRPUR DISTRICT,"25,000 - 49,999",KOT DIJI TC,KOT DIJI TALUKA,37532,19323,18201,8,21752,2.91,6.14
KHAIRPUR DISTRICT,"25,000 - 49,999",CHOWNDIKO TC,NARA TALUKA,38620,20214,18404,2,,,5.45
KHAIRPUR DISTRICT,"25,000 - 49,999",KINGRI (PIRJO GOTH) MC,KINGRI TALUKA,47518,24405,23109,4,30285,2.39,5.88
KHAIRPUR DISTRICT,"50,000 - 99,999",GAMBAT MC,GAMBAT TALUKA,52617,27181,25434,2,28311,3.31,6.27
KHAIRPUR DISTRICT,"100,000 - 199,999",KHAIRPUR MC,KHAIRPUR TALUKA,183120,94605,88469,46,105637,2.93,5.74
KHANEWAL DISTRICT,"10,000 - 24,999",SARAI SIDHU TC,KABIRWALA TEHSIL,17694,8901,8793,,13267,1.52,6.67
KHANEWAL DISTRICT,"10,000 - 24,999",MAKHDOOM PUR PAHORAN TC,KHANEWAL TEHSIL,21181,10882,10296,3,17613,.97,6.32
KHANEWAL DISTRICT,"25,000 - 49,999",TULAMBA MC,MIAN CHANNU TEHSIL,31938,16384,15552,2,24120,1.49,6.66
KHANEWAL DISTRICT,"25,000 - 49,999",JAHANIAN MC,JAHANIAN TEHSIL,43646,21864,21779,3,24871,3,6.18
KHANEWAL DISTRICT,"50,000 - 99,999",ABDUL HAKIM MC,KABIRWALA TEHSIL,56996,28815,28168,13,38090,2.14,6.08
KHANEWAL DISTRICT,"50,000 - 99,999",KABIRWALA MC,KABIRWALA TEHSIL,74904,38012,36889,3,47455,2.43,6.48
KHANEWAL DISTRICT,"50,000 - 99,999",MIAN CHANNU MC,MIAN CHANNU TEHSIL,90157,45093,45038,26,64859,1.75,6.22
KHANEWAL DISTRICT,"200,000 - 499,999",KHANEWAL MC,KHANEWAL TEHSIL,249916,127398,122481,37,133986,3.33,5.94
KHARAN DISTRICT,"50,000 - 99,999",KHARAN MC,KHARAN TEHSIL,51388,27073,24315,,27806,3.28,8.050000000000001
KHUSHAB DISTRICT,"10,000 - 24,999",NOWSHERA MC,NOWSHERA TEHSIL,13753,6581,7171,1,8952,2.28,5.35
KHUSHAB DISTRICT,"10,000 - 24,999",NOORPUR MC,NOORPUR TEHSIL,19780,9995,9780,5,15091,1.43,5.67
KHUSHAB DISTRICT,"10,000 - 24,999",QUAIDABAD MC,QUAIDABAD TEHSIL,21413,10785,10625,3,11963,3.11,6.24
KHUSHAB DISTRICT,"50,000 - 99,999",HADALI MC,KHUSHAB TEHSIL,53669,27243,26419,7,40867,1.44,6.21
KHUSHAB DISTRICT,"50,000 - 99,999",JAUHRABAD MC,KHUSHAB TEHSIL,91357,45704,45628,25,40175,4.41,6
KHUSHAB DISTRICT,"100,000 - 199,999",KHUSHAB MC,KHUSHAB TEHSIL,119426,60006,59418,2,87859,1.63,6.14
KHUZDAR DISTRICT,"10,000 - 24,999",WADH MC,WADH TEHSIL,22209,11833,10374,2,13794,2.53,6.27
KHUZDAR DISTRICT,"25,000 - 49,999",NAL MC,NAL SUB-TEHSIL,33321,17439,15881,1,,,6.95
KHUZDAR DISTRICT,"25,000 - 49,999",ZEHRI MC,ZEHRI TEHSIL,37788,20397,17389,2,13397,5.6,9.02
KHUZDAR DISTRICT,"100,000 - 199,999",KHUZDAR MUNICIPAL CORPORATION,KHUZDAR TEHSIL,182444,95244,87193,7,91057,3.72,6.88
KHYBER AGENCY,"25,000 - 49,999",LANDI KOTAL TC,LANDI KOTAL TEHSIL,33729,17766,15961,2,22324,2.19,7.86
KHYBER AGENCY,"50,000 - 99,999",JAMRUD TC,JAMRUD TEHSIL,63728,33133,30582,13,32039,3.68,8.050000000000001
KILLA ABDULLAH DISTRICT,"25,000 - 49,999",KILLA ABDULLAH MC,KILLA ABDULLAH TEHSIL,26124,13889,12235,,,,6.7
KILLA ABDULLAH DISTRICT,"100,000 - 199,999",CHAMAN MUNICIPAL CORPORATION,CHAMAN TEHSIL,123206,65093,58112,1,56792,4.15,7.78
KILLA SAIFULLAH DISTRICT,"25,000 - 49,999",MUSLIM BAGH MC,MUSLIM BAGH TEHSIL,28428,14852,13576,,17170,2.68,6.16
KILLA SAIFULLAH DISTRICT,"25,000 - 49,999",KILLA SAIFULLAH MC,KILLA SAIFULLAH TEHSIL,34865,18341,16524,,8129,7.95,6.64
KOHAT DISTRICT,"10,000 - 24,999",SHAKARDARA TC,LACHI TEHSIL,17575,8787,8788,,9602,3.23,6.69
KOHAT DISTRICT,"10,000 - 24,999",LACHI TC,LACHI TEHSIL,23796,12179,11617,,15684,2.21,7.51
KOHAT DISTRICT,"25,000 - 49,999",KOHAT CANTONMENT,KOHAT TEHSIL,36719,22886,13831,2,30764,.93,6.25
KOHAT DISTRICT,"100,000 - 199,999",KOHAT MC,KOHAT TEHSIL,191836,98258,93536,42,95863,3.71,7.54
KOHLU DISTRICT,"10,000 - 24,999",KOHLU MC,KOHLU TEHSIL,17443,9001,8442,,9665,3.15,7.87
KORANGI DISTRICT,"5,000 - 9,999",CLIFTON CANTONMENT (Part of Ko,KORANGI SUB-DIVISION,6496,3402,3094,,,,5.6
KORANGI DISTRICT,"25,000 - 49,999",KORANGI CREEK CANTONMENT (Part,KORANGI SUB-DIVISION,48131,25019,23112,,23505,3.84,6.11
KORANGI DISTRICT,"50,000 - 99,999",FAISAL CANTONMENT (Part of Sha,SHAH FAISAL SUB-DIVISION,73106,40207,32886,13,30097,4.77,5.56
KORANGI DISTRICT,"200,000 - 499,999",DISTRICT MUNICIPAL CORPORATION,MODEL COLONY SUB-DIVISION,384389,197401,186906,82,252271,2.24,5.4
KORANGI DISTRICT,"200,000 - 499,999",DISTRICT MUNICIPAL CORPORATION,SHAH FAISAL SUB-DIVISION,447724,231368,216209,147,318137,1.81,5.51
KORANGI DISTRICT,"500,000 AND ABOVE",DISTRICT MUNICIPAL CORPORATION,LANDHI SUB-DIVISION,546196,283476,262645,75,409451,1.53,5.86
KORANGI DISTRICT,"500,000 AND ABOVE",DISTRICT MUNICIPAL CORPORATION,KORANGI SUB-DIVISION,1071514,566288,505047,179,525654,3.81,6.05
KURRAM AGENCY,"5,000 - 9,999",PARACHINAR TC,UPPER KURRAM TEHSIL,5502,2709,2793,,8042,-1.97,7.38
KURRAM AGENCY,"25,000 - 49,999",SADDA TC,LOWER KURRAM TEHSIL,32543,16563,15973,7,17103,3.44,9.359999999999999
LAHORE DISTRICT,"200,000 - 499,999",LAHORE CANTONMENT,LAHORE CANTT TEHSIL,373617,199694,173874,49,204938,3.21,6.06
LAHORE DISTRICT,"500,000 AND ABOVE",LAHORE METROPOLITAN CORPORATIO,LAHORE CANTT TEHSIL,551544,289998,261495,51,170246,6.37,6.58
LAHORE DISTRICT,"500,000 AND ABOVE",WALTON CANTONMENT,LAHORE CANTT TEHSIL,707541,367441,339964,136,360813,3.6,5.93
LAHORE DISTRICT,"500,000 AND ABOVE",LAHORE METROPOLITAN CORPORATIO,RAIWIND TEHSIL,848541,448403,400031,107,27314,19.78,6.34
LAHORE DISTRICT,"500,000 AND ABOVE",LAHORE METROPOLITAN CORPORATIO,SHALIMAR TEHSIL,2281557,1181239,1099956,362,1233718,3.28,6.35
LAHORE DISTRICT,"500,000 AND ABOVE",LAHORE METROPOLITAN CORPORATIO,MODEL TOWN TEHSIL,2703569,1421291,1281762,516,1136192,4.66,6.11
LAHORE DISTRICT,"500,000 AND ABOVE",LAHORE METROPOLITAN CORPORATIO,LAHORE CITY TEHSIL,3653616,1905921,1746900,795,2075867,3.01,6.25
LAKKI MARWAT DISTRICT,"25,000 - 49,999",NAURANG TC,SARAI NAURANG TEHSIL,29979,15030,14949,,16411,3.22,9.220000000000001
LAKKI MARWAT DISTRICT,"50,000 - 99,999",LAKKI MARWAT MC,LAKKI MARWAT TEHSIL,59273,30735,28538,,30467,3.56,7.24
LARKANA DISTRICT,"10,000 - 24,999",GARELLO TC,BAKRANI TALUKA,11597,5862,5735,,5788,3.72,5.71
LARKANA DISTRICT,"10,000 - 24,999",ARIJA TC,BAKRANI TALUKA,20608,10412,10190,6,,,5.8
LARKANA DISTRICT,"10,000 - 24,999",DOKRI TC,DOKRI TALUKA,22164,11140,11021,3,12420,3.09,5.89
LARKANA DISTRICT,"25,000 - 49,999",BADAH TC,DOKRI TALUKA,40038,20351,19686,1,33205,.99,5.66
LARKANA DISTRICT,"25,000 - 49,999",NAUDERO MC,RATODERO TALUKA,48983,24982,23993,8,28150,2.95,5.75
LARKANA DISTRICT,"50,000 - 99,999",RATODERO MC,RATODERO TALUKA,67502,34147,33343,12,40217,2.76,6.32
LARKANA DISTRICT,"200,000 - 499,999",LARKANA MUNICIPAL CORPORATION  ,LARKANA TALUKA,488006,249599,238230,177,270283,3.15,5.69
LASBELA DISTRICT,"5,000 - 9,999",GADDANI MC,GADDANI TEHSIL,7679,3889,3790,,11068,-1.9,6.05
LASBELA DISTRICT,"10,000 - 24,999",DUREJI MC,DUREJI TEHSIL,12855,6739,6116,,,,4.98
LASBELA DISTRICT,"10,000 - 24,999",BELA MC,BELA TEHSIL,24603,13006,11594,3,16705,2.05,6.01
LASBELA DISTRICT,"25,000 - 49,999",UTHAL MC,UTHAL TEHSIL,29423,15792,13630,1,13319,4.25,6.92
LASBELA DISTRICT,"25,000 - 49,999",WINDER MC,SONMIANI/WINDER,29515,15353,14160,2,11569,5.04,6.63
LASBELA DISTRICT,"100,000 - 199,999",HUB MC,HUB TEHSIL,177823,93326,84495,2,62763,5.62,8.08
LAYYAH DISTRICT,"25,000 - 49,999",KAROR LAL ESAN MC,KAROR LAL ESAN TEHSIL,35243,17725,17510,8,22595,2.36,6.6
LAYYAH DISTRICT,"25,000 - 49,999",FATEH PUR MC,KAROR LAL ESAN TEHSIL,44084,21908,22157,19,15748,5.56,6.59
LAYYAH DISTRICT,"25,000 - 49,999",CHAUBARA MC,CHOUBARA TEHSIL,48371,24515,23853,3,,,6.77
LAYYAH DISTRICT,"50,000 - 99,999",CHOWK AZAM MC,LAYYAH TEHSIL,67421,33946,33467,8,33541,3.74,6.39
LAYYAH DISTRICT,"100,000 - 199,999",LAYYAH MC,LAYYAH TEHSIL,126055,64511,61521,23,72319,2.96,6.11
LODHRAN DISTRICT,"10,000 - 24,999",DHANOTE TC,KAHROR PACCA TEHSIL,24148,12188,11959,1,16100,2.15,6.13
LODHRAN DISTRICT,"25,000 - 49,999",DUNYAPUR MC,DUNYAPUR TEHSIL,41554,20923,20621,10,29513,1.81,6.2
LODHRAN DISTRICT,"50,000 - 99,999",KAHROR PACCA MC,KAHROR PACCA TEHSIL,82137,42048,40077,12,58974,1.76,5.86
LODHRAN DISTRICT,"100,000 - 199,999",LODHRAN MC,LODHRAN TEHSIL,117762,59248,58496,18,65501,3.13,6.51
LORALAI DISTRICT,"5,000 - 9,999",LORALAI CANTONMENT,LORALAI\BORI TEHSIL,7751,5743,2008,,4425,2.99,6.54
LORALAI DISTRICT,"10,000 - 24,999",DUKI MC,DUKI TEHSIL,10042,5639,4403,,5109,3.61,7.27
LORALAI DISTRICT,"25,000 - 49,999",LORALAI MC,LORALAI\BORI TEHSIL,47098,24934,22162,2,25450,3.29,6.87
LOWER DIR DISTRICT,"25,000 - 49,999",TIMARGARA MC,TEMERGARA SUB-DIVISION,40314,20851,19458,5,44335,-.5,8.529999999999999
MALAKAND PROTECTED AREA,"50,000 - 99,999",BATKHELA MC,SWAT RANI ZAI SUB-DIVISION,67686,34885,32799,2,43179,2.39,7.93
MALIR DISTRICT,"5,000 - 9,999",MALIR CANTONMENT (Part of Mura,MURAD MEMON SUB-DIVISION,6815,4020,2795,,,,6.14
MALIR DISTRICT,"5,000 - 9,999",KORANGI CREEK CANTONMENT (Part,IBRAHIM HYDRI SUB-DIVISION,9610,6678,2931,1,10672,-.55,5.24
MALIR DISTRICT,"25,000 - 49,999",FAISAL CANTONMENT (Part of Air,AIRPORT SUB-DIVISION,28772,15547,13222,3,10689,5.34,5.68
MALIR DISTRICT,"50,000 - 99,999",MALIR CANTONMENT (Part of Airp,AIRPORT SUB-DIVISION,65529,36554,28971,4,36401,3.14,5.89
MALIR DISTRICT,"100,000 - 199,999",DISTRICT MUNICIPAL CORPORATION,AIRPORT SUB-DIVISION,100842,52760,48071,11,40937,4.85,5.85
MALIR DISTRICT,"100,000 - 199,999",DISTRICT MUNICIPAL CORPORATION,MURAD MEMON SUB-DIVISION,194750,101053,93683,14,146833,1.49,5.18
MALIR DISTRICT,"500,000 AND ABOVE",DISTRICT MUNICIPAL CORPORATION,IBRAHIM HYDRI SUB-DIVISION,660394,356646,303689,59,367906,3.12,6.41
MANDI BAHAUDDIN DISTRICT,"10,000 - 24,999",QADIRABAD TC,PHALIA TEHSIL,12914,6401,6511,2,9983,1.36,6.19
MANDI BAHAUDDIN DISTRICT,"10,000 - 24,999",MANGAT TC,MANDI BAHAUDDIN TEHSIL,18589,8785,9802,2,14006,1.5,6.37
MANDI BAHAUDDIN DISTRICT,"25,000 - 49,999",MALAKWAL MC,MALAKWAL TEHSIL,43423,20971,22431,21,31258,1.74,5.77
MANDI BAHAUDDIN DISTRICT,"50,000 - 99,999",PHALIA MC,PHALIA TEHSIL,52789,26019,26763,7,21678,4.79,6.18
MANDI BAHAUDDIN DISTRICT,"100,000 - 199,999",MANDI BAHAUDDIN MC,MANDI BAHAUDDIN TEHSIL,198643,97608,100977,58,99496,3.7,6.16
MANSEHRA DISTRICT,"10,000 - 24,999",BAFFA TC,MANSEHRA TEHSIL,17253,8819,8429,5,11842,2,6.36
MANSEHRA DISTRICT,"100,000 - 199,999",MANSEHRA MC,MANSEHRA TEHSIL,127645,64706,62813,126,49534,5.1,6.66
MARDAN DISTRICT,"5,000 - 9,999",MARDAN CANTONMENT,MARDAN TEHSIL,6824,4871,1953,,7297,-.35,6.02
MARDAN DISTRICT,"50,000 - 99,999",TAKHT BHAI MC,TAKHT BHAI TEHSIL,81198,41516,39682,,49202,2.67,5.85
MARDAN DISTRICT,"200,000 - 499,999",MARDAN MC,MARDAN TEHSIL,352200,179337,172809,54,238629,2.07,7.85
MASTUNG DISTRICT,"25,000 - 49,999",MASTUNG MC,MASTUNG TEHSIL,34997,17850,17147,0,24131,1.97,7
MATIARI DISTRICT,"10,000 - 24,999",KHYBER TC,MATIARI TALUKA,10331,5372,4959,,5804,3.08,5.14
MATIARI DISTRICT,"10,000 - 24,999",ODERO LAL STATION TC,MATIARI TALUKA,11609,5965,5644,,6928,2.75,5.2
MATIARI DISTRICT,"10,000 - 24,999",HALA OLD TC,HALA TALUKA,13030,6660,6369,1,,,5.73
MATIARI DISTRICT,"10,000 - 24,999",NEW SAEEDABAD TC,SAEEDABAD TALUKA,21037,10832,10205,,13732,2.27,5.74
MATIARI DISTRICT,"10,000 - 24,999",MATIARI TC,MATIARI TALUKA,21220,11009,10205,6,16336,1.38,5.06
MATIARI DISTRICT,"25,000 - 49,999",BHIT SHAH TC,HALA TALUKA,39662,20461,19195,6,16683,4.65,5.94
MATIARI DISTRICT,"50,000 - 99,999",HALA MC,HALA TALUKA,65780,34146,31630,4,40377,2.6,5.53
MIANWALI DISTRICT,"10,000 - 24,999",HARNOLI TC,PIPLAN TEHSIL,18886,9599,9287,,13635,1.73,6.56
MIANWALI DISTRICT,"10,000 - 24,999",KALABAGH MC,ISAKHEL TEHSIL,22937,11320,11607,10,14589,2.41,5.77
MIANWALI DISTRICT,"25,000 - 49,999",ISAKHEL MC,ISAKHEL TEHSIL,25560,12792,12768,,15621,2.62,6.18
MIANWALI DISTRICT,"25,000 - 49,999",DAUD KHEL MC,MIANWALI TEHSIL,28546,14123,14412,11,22550,1.25,6.1
MIANWALI DISTRICT,"25,000 - 49,999",LIAQATABAD MC,PIPLAN TEHSIL,31307,15740,15563,4,25524,1.08,6.69
MIANWALI DISTRICT,"25,000 - 49,999",KAMAR MASHANI MC,ISAKHEL TEHSIL,36064,17690,18372,2,13758,5.19,7.44
MIANWALI DISTRICT,"25,000 - 49,999",KUNDIAN MC,PIPLAN TEHSIL,45647,23057,22585,5,34162,1.53,6.17
MIANWALI DISTRICT,"100,000 - 199,999",MIANWALI MC,MIANWALI TEHSIL,118865,61658,57190,17,80171,2.09,6.02
MIRPUR KHAS DISTRICT,"10,000 - 24,999",HINGORNO TC,SINDHRI TALUKA,16805,8716,8089,,,,4.93
MIRPUR KHAS DISTRICT,"10,000 - 24,999",MIRWAH TC,SHUJAABAD TALUKA,21000,10828,10168,4,10149,3.89,4.9
MIRPUR KHAS DISTRICT,"25,000 - 49,999",NAUKOT TC,JHUDO TALUKA,27173,14254,12917,2,18599,2.01,5.41
MIRPUR KHAS DISTRICT,"25,000 - 49,999",KOT GHULAM MUHAMMAD TC,KOT GHULAM MUHAMMAD TALUKA,29042,14935,14103,4,17507,2.69,5.26
MIRPUR KHAS DISTRICT,"25,000 - 49,999",JHUDO TC,JHUDO TALUKA,32215,16527,15681,7,23603,1.65,5.44
MIRPUR KHAS DISTRICT,"25,000 - 49,999",DIGRI TC,DIGRI TALUKA,36745,18903,17839,3,27027,1.63,5.37
MIRPUR KHAS DISTRICT,"25,000 - 49,999",TANDO JAN MUHAMMAD TC,DIGRI TALUKA,36968,19041,17922,5,13619,5.39,5.71
MIRPUR KHAS DISTRICT,"200,000 - 499,999",MIRPUR KHAS MC,MIRPUR KHAS TALUKA,234133,120114,113984,35,189671,1.11,5.68
MULTAN DISTRICT,"10,000 - 24,999",MAKHDOOM RASHID TC,MULTAN SADDAR TEHSIL,14818,7459,7359,,10216,1.97,6.03
MULTAN DISTRICT,"10,000 - 24,999",QADIRPUR RAN TC,MULTAN SADDAR TEHSIL,23910,12072,11837,1,17520,1.65,5.4
MULTAN DISTRICT,"25,000 - 49,999",MULTAN CANTONMENT,MULTAN SADDAR TEHSIL,45640,28383,17220,37,119139,-4.92,5.58
MULTAN DISTRICT,"50,000 - 99,999",JALALPUR PIRWALA MC,JALALPUR PIRWALA TEHSIL,67453,34035,33409,9,32219,3.96,6.05
MULTAN DISTRICT,"50,000 - 99,999",SHUJABAD MC,SHUJABAD TEHSIL,80098,40824,39267,7,57409,1.77,6.01
MULTAN DISTRICT,"500,000 AND ABOVE",MULTAN MUNICIPAL CORPORATION,MULTAN CITY TEHSIL,1827001,937027,889763,211,1078245,2.81,6.15
MUSAKHEL DISTRICT,"10,000 - 24,999",MUSAKHEL MC,MUSAKHEL TEHSIL,14135,7441,6693,1,11589,1.05,6.71
MUZAFFARGARH DISTRICT,"25,000 - 49,999",KHANGARH MC,MUZAFFARGARH TEHSIL,30476,15441,15034,1,16899,3.15,6.69
MUZAFFARGARH DISTRICT,"25,000 - 49,999",DERA DIN PANAH MC,KOT ADDU TEHSIL,32962,16687,16274,1,12592,5.19,6.33
MUZAFFARGARH DISTRICT,"25,000 - 49,999",SINAWAN MC,KOT ADDU TEHSIL,35209,18078,17127,4,,,6.29
MUZAFFARGARH DISTRICT,"25,000 - 49,999",ALIPUR MC,ALIPUR TEHSIL,44504,22504,21994,6,28601,2.35,6.54
MUZAFFARGARH DISTRICT,"25,000 - 49,999",SHEHR SULTAN MC,JATOI TEHSIL,49844,25367,24473,4,13788,6.98,5.92
MUZAFFARGARH DISTRICT,"50,000 - 99,999",CHOWK SARWAR SHAHEED MC,KOT ADDU TEHSIL,56117,28601,27513,3,26355,4.05,6.73
MUZAFFARGARH DISTRICT,"100,000 - 199,999",JATOI MC,JATOI TEHSIL,109538,55852,53677,9,38986,5.58,5.97
MUZAFFARGARH DISTRICT,"100,000 - 199,999",KOT ADDU MC,KOT ADDU TEHSIL,129859,66187,63652,20,80720,2.53,6.26
MUZAFFARGARH DISTRICT,"200,000 - 499,999",MUZAFFARGARH MC,MUZAFFARGARH TEHSIL,209902,109475,100390,37,123404,2.83,6.32
NANKANA SAHIB DISTRICT,"25,000 - 49,999",WARBURTON MC,NANKANA SAHIB T,30677,15654,15018,5,19621,2.38,5.46
NANKANA SAHIB DISTRICT,"50,000 - 99,999",SANGLA HILL MC,SANGLA HILL TEH,61498,31046,30438,14,50368,1.05,6.32
NANKANA SAHIB DISTRICT,"50,000 - 99,999",SHAHKOT MC,SHAH KOT TEHSIL,73491,37595,35878,18,39263,3.35,6.11
NANKANA SAHIB DISTRICT,"50,000 - 99,999",NANKANA SAHIB MC,NANKANA SAHIB T,79458,40049,39393,16,48899,2.58,6.26
NAROWAL DISTRICT,"10,000 - 24,999",QILA SOBHA SINGH TC,NAROWAL TEHSIL,14318,7074,7240,4,10978,1.41,6.54
NAROWAL DISTRICT,"10,000 - 24,999",BADDOMALHI TC,NAROWAL TEHSIL,18249,9206,9041,2,15785,.76,6.72
NAROWAL DISTRICT,"25,000 - 49,999",ZAFARWAL MC,ZAFARWAL TEHSIL,39319,19182,20118,19,19824,3.66,6.62
NAROWAL DISTRICT,"50,000 - 99,999",SHAKARGARH MC,SHAKARGARH TEHSIL,81643,39775,41854,14,50747,2.53,6.22
NAROWAL DISTRICT,"100,000 - 199,999",NAROWAL MC,NAROWAL TEHSIL,103128,51401,51706,21,57052,3.16,6.58
NASIRABAD DISTRICT,"50,000 - 99,999",DERA MURAD JAMALI MC,DERA MURAD JAMALI TEHSIL,96316,49161,47155,,38431,4.95,7.42
NAUSHAHRO FEROZE DISTRICT,"10,000 - 24,999",DARYA KHAN MARRI TC,NAUSHAHRO FEROZE TALUKA,11942,6122,5818,2,7556,2.43,6.13
NAUSHAHRO FEROZE DISTRICT,"10,000 - 24,999",BHIRIA CITY TC,BHIRIA TALUKA,14089,7179,6909,1,10301,1.66,5.87
NAUSHAHRO FEROZE DISTRICT,"10,000 - 24,999",THARUSHAH TC,BHIRIA TALUKA,23259,12060,11194,5,14973,2.34,6.05
NAUSHAHRO FEROZE DISTRICT,"10,000 - 24,999",HALANI TC,MEHRABPUR TALUKA,23380,11917,11462,1,,,5.35
NAUSHAHRO FEROZE DISTRICT,"10,000 - 24,999",BHIRIA ROAD TC,BHIRIA TALUKA,24741,12740,11997,4,13099,3.4,5.77
NAUSHAHRO FEROZE DISTRICT,"25,000 - 49,999",PADIDAN TC,NAUSHAHRO FEROZE TALUKA,25301,12960,12338,3,17641,1.91,6.15
NAUSHAHRO FEROZE DISTRICT,"25,000 - 49,999",MITHIANI TC,NAUSHAHRO FEROZE TALUKA,30392,15625,14765,2,,,5.51
NAUSHAHRO FEROZE DISTRICT,"25,000 - 49,999",NAUSHAHRO FEROZE TC,NAUSHAHRO FEROZE TALUKA,38204,19551,18640,13,15158,4.98,6.08
NAUSHAHRO FEROZE DISTRICT,"25,000 - 49,999",KANDIARO TC,KANDIARO TALUKA,38869,19769,19090,10,21957,3.05,6.82
NAUSHAHRO FEROZE DISTRICT,"50,000 - 99,999",MEHRABPUR TC,MEHRABPUR TALUKA,53608,27579,26020,9,30686,2.97,6.14
NAUSHAHRO FEROZE DISTRICT,"50,000 - 99,999",MORO MC,MORO TALUKA,95448,49333,46085,30,61033,2.38,5.6
NORTH WAZIRISTAN AGENCY,"BELOW 5,000",MIRAN SHAH TC,MIRAN SHAH TEHSIL,4364,3267,1097,,5965,-1.63,6.99
NOWSHERA DISTRICT,"BELOW 5,000",CHERAT CANTONMENT,NOWSHERA TEHSIL,2266,1572,694,,2527,-.57,4.92
NOWSHERA DISTRICT,"25,000 - 49,999",AKORA KHATTAK MC,JEHANGIRA TEHSIL,33013,17789,15221,3,19530,2.8,7.14
NOWSHERA DISTRICT,"25,000 - 49,999",RISALPUR CANTONMENT,NOWSHERA TEHSIL,36797,23359,13438,,31416,.83,6.02
NOWSHERA DISTRICT,"25,000 - 49,999",AMANGARH TC,NOWSHERA TEHSIL,38705,19986,18712,7,21476,3.14,7.59
NOWSHERA DISTRICT,"50,000 - 99,999",JEHANGIRA MC,JEHANGIRA TEHSIL,53109,26896,26207,6,31115,2.85,7.63
NOWSHERA DISTRICT,"50,000 - 99,999",PABBI MC,PABBI TEHSIL,55370,28035,27335,,31153,3.07,7.27
NOWSHERA DISTRICT,"50,000 - 99,999",NOWSHERA KALAN MC,NOWSHERA TEHSIL,83606,43096,40497,13,56576,2.07,6.75
NUSHKI DISTRICT,"25,000 - 49,999",NUSHKI MC,NUSHKI TEHSIL,46396,24281,22115,,23948,3.54,8.19
OKARA DISTRICT,"10,000 - 24,999",SADDAR GOGERA MC,OKARA TEHSIL,19778,10089,9684,5,13972,1.84,6.45
OKARA DISTRICT,"25,000 - 49,999",AHMADABAD MC,DEPALPUR TEHSIL,39579,20076,19494,9,16273,4.78,6.09
OKARA DISTRICT,"25,000 - 49,999",BASIRPUR MC,DEPALPUR TEHSIL,48307,24816,23487,4,36628,1.46,5.87
OKARA DISTRICT,"50,000 - 99,999",RENALA KHURD MC,RENALA KHURD TEHSIL,54160,27168,26985,7,32337,2.75,5.91
OKARA DISTRICT,"50,000 - 99,999",OKARA CANTONMENT,OKARA TEHSIL,67955,43073,24875,7,56537,.97,5.72
OKARA DISTRICT,"50,000 - 99,999",HUJRA SHAH MUQEEM MC,DEPALPUR TEHSIL,76629,39048,37566,15,47415,2.55,6.12
OKARA DISTRICT,"50,000 - 99,999",HAVELI LAKHA WASAWEWALA MC,DEPALPUR TEHSIL,78257,39967,38265,25,52207,2.15,6.2
OKARA DISTRICT,"50,000 - 99,999",DEPALPUR MC,DEPALPUR TEHSIL,99753,50907,48839,7,57224,2.96,6.04
OKARA DISTRICT,"200,000 - 499,999",OKARA MC,OKARA TEHSIL,358146,182168,175897,81,201815,3.06,6.39
PAKPATTAN DISTRICT,"100,000 - 199,999",ARIF WALA MC,ARIF WALA TEHSIL,112306,56800,55455,51,74174,2.2,5.97
PAKPATTAN DISTRICT,"100,000 - 199,999",PAKPATTAN MC,PAKPATTAN TEHSIL,176686,89724,86927,35,109033,2.57,5.84
PANJGUR DISTRICT,"25,000 - 49,999",TASP MC,PANJGUR TEHSIL,35798,19313,16485,,,,7.38
PANJGUR DISTRICT,"25,000 - 49,999",CHITKAN MC,PANJGUR TEHSIL,44613,23554,21056,3,21297,3.96,6.84
PESHAWAR DISTRICT,"5,000 - 9,999",PESHAWAR UNIVERSITY TC,PESHAWAR TEHSIL,5930,3173,2757,,3269,3.18,6.15
PESHAWAR DISTRICT,"50,000 - 99,999",PESHAWAR CANTONMENT,PESHAWAR TEHSIL,70549,41682,28855,12,68740,.14,5.56
PESHAWAR DISTRICT,"500,000 AND ABOVE",PESHAWAR MUNICIPAL CORPORATION,PESHAWAR TEHSIL,1893344,980155,912789,400,910807,3.92,8.09
PISHIN DISTRICT,"25,000 - 49,999",HURRAM ZAI MC,HURRAM ZAI SUB-TEHSIL,29402,14780,14622,,,,5.88
PISHIN DISTRICT,"25,000 - 49,999",PISHIN MUNICIPAL CORPORATION,PISHIN TEHSIL,35547,18426,17116,5,22955,2.32,5.81
PISHIN DISTRICT,"25,000 - 49,999",SARANAN MC,SARANAN TEHSIL,37850,19167,18680,3,,,5.29
PISHIN DISTRICT,"25,000 - 49,999",KHANOZAI MC,KAREZAT SUB-TEHSIL,39997,20435,19539,23,,,5.74
QUETTA DISTRICT,"50,000 - 99,999",QUETTA CANTONMENT,QUETTA CITY TEHSIL,91460,54970,36483,7,76091,.97,6.23
QUETTA DISTRICT,"500,000 AND ABOVE",QUETTA METROPOLITAN CORPORATIO,QUETTA CITY TEHSIL,907925,473049,434741,135,489046,3.3,7.7
RAHIM YAR KHAN DISTRICT,"10,000 - 24,999",AHMEDPUR LUMMA TC,SADIQABAD TEHSIL,23309,11750,11558,1,14728,2.44,6.78
RAHIM YAR KHAN DISTRICT,"25,000 - 49,999",TRINDA SAWAI KHAN MC,RAHIM YAR KHAN TEHSIL,31698,16164,15530,4,20797,2.24,6.51
RAHIM YAR KHAN DISTRICT,"25,000 - 49,999",KOT SAMABA MC,RAHIM YAR KHAN TEHSIL,31945,16086,15855,4,20332,2.4,6.42
RAHIM YAR KHAN DISTRICT,"25,000 - 49,999",ZAHIRPIR MC,KHANPUR TEHSIL,48493,24502,23976,15,29557,2.64,7.1
RAHIM YAR KHAN DISTRICT,"50,000 - 99,999",LIAQUATPUR MC,LIAQUATPUR TEHSIL,51888,26238,25637,13,32858,2.43,6.28
RAHIM YAR KHAN DISTRICT,"100,000 - 199,999",KHANPUR MC,KHANPUR TEHSIL,184374,93940,90397,37,120382,2.26,6.48
RAHIM YAR KHAN DISTRICT,"200,000 - 499,999",SADIQABAD MC,SADIQABAD TEHSIL,238313,121465,116807,41,144391,2.67,6.33
RAHIM YAR KHAN DISTRICT,"200,000 - 499,999",RAHIM YAR KHAN MC,RAHIM YAR KHAN TEHSIL,420963,215138,205742,83,233537,3.14,5.88
RAJANPUR DISTRICT,"10,000 - 24,999",ROJHAN MC,ROJHAN TEHSIL,14545,7487,7056,2,11130,1.42,7.38
RAJANPUR DISTRICT,"10,000 - 24,999",DAJAL TC,JAMPUR TEHSIL,22233,10971,11259,3,15197,2.02,7.29
RAJANPUR DISTRICT,"25,000 - 49,999",KOT MITHAN MC,RAJANPUR TEHSIL,36755,18698,18054,3,13653,5.34,6.32
RAJANPUR DISTRICT,"50,000 - 99,999",FAZALPUR MC,RAJANPUR TEHSIL,76809,39460,37337,12,24016,6.3,7.57
RAJANPUR DISTRICT,"50,000 - 99,999",JAMPUR MC,JAMPUR TEHSIL,87857,44982,42862,13,52516,2.74,6.84
RAJANPUR DISTRICT,"50,000 - 99,999",RAJANPUR MC,RAJANPUR TEHSIL,99097,51070,48003,24,43643,4.4,7.23
RAWALPINDI DISTRICT,"5,000 - 9,999",MURREE HILLS CANTONMENT,MURREE TEHSIL,8739,5957,2782,,7400,.88,5.1
RAWALPINDI DISTRICT,"10,000 - 24,999",DAULTALA MC,GUJAR KHAN TEHSIL,21895,10823,11070,2,10051,4.18,6.38
RAWALPINDI DISTRICT,"10,000 - 24,999",KOTLI SATTIAN MC,KOTLI SATTIAN TEHSIL,22401,11324,11073,4,,,4.75
RAWALPINDI DISTRICT,"50,000 - 99,999",KALLAR SYEDAN MC,KALLAR SAYADDAN TEHSIL,54239,25965,28266,8,,,6.17
RAWALPINDI DISTRICT,"50,000 - 99,999",TAXILA CANTONMENT,TAXILA TEHSIL,54767,28795,25971,1,22978,4.67,6.03
RAWALPINDI DISTRICT,"50,000 - 99,999",KAHUTA MC,KAHUTA TEHSIL,60610,30350,30258,2,19207,6.22,5.79
RAWALPINDI DISTRICT,"50,000 - 99,999",TAXILA MC,TAXILA TEHSIL,67246,34081,33156,9,48904,1.69,6.36
RAWALPINDI DISTRICT,"50,000 - 99,999",GUJAR KHAN MC,GUJAR KHAN TEHSIL,90149,44760,45355,34,57099,2.43,6.26
RAWALPINDI DISTRICT,"100,000 - 199,999",MURREE MUNICIPAL CORPORATION,MURREE TEHSIL,148304,75731,72554,19,13975,13.21,5.64
RAWALPINDI DISTRICT,"200,000 - 499,999",CHAKLALA CANTONMENT,RAWALPINDI TEHSIL,289146,150246,138759,141,212091,1.64,5.71
RAWALPINDI DISTRICT,"200,000 - 499,999",WAH CANTONMENT,TAXILA TEHSIL,379534,193529,185930,75,198891,3.45,5.85
RAWALPINDI DISTRICT,"500,000 AND ABOVE",RAWALPINDI CANTONMENT,RAWALPINDI TEHSIL,666044,341078,324787,179,415750,2.51,6.07
RAWALPINDI DISTRICT,"500,000 AND ABOVE",RAWALPINIDI MUNICIPAL CORPORAT,RAWALPINDI TEHSIL,1142634,590591,551655,388,781927,2.01,6.18
SAHIWAL DISTRICT,"25,000 - 49,999",KAMIR MC,SAHIWAL TEHSIL,32156,16454,15695,7,20491,2.4,6.23
SAHIWAL DISTRICT,"50,000 - 99,999",CHICHAWATNI MC,CHICHAWATNI TEHSIL,94733,47578,47142,13,72721,1.4,6.1
SAHIWAL DISTRICT,"200,000 - 499,999",SAHIWAL MUNICIPAL CORPORATION,SAHIWAL TEHSIL,388795,197613,191142,40,208778,3.32,6.16
SANGHAR DISTRICT,"BELOW 5,000",PERUMAL TC,SANGHAR TALUKA,3326,1708,1617,1,2155,2.31,5.75
SANGHAR DISTRICT,"5,000 - 9,999",TANDO MITHA KHAN TC,SANGHAR TALUKA,5236,2697,2539,,2309,4.4,4.49
SANGHAR DISTRICT,"5,000 - 9,999",JAM NAWAZ ALI TC,JAM NAWAZ ALI TALUKA,8420,4294,4124,2,4452,3.4,5.63
SANGHAR DISTRICT,"5,000 - 9,999",KANDIYARI TC,SANGHAR TALUKA,9714,5022,4692,,5861,2.69,5.06
SANGHAR DISTRICT,"10,000 - 24,999",KHADRO TC,SINJHORO TALUKA,15448,7954,7490,4,8624,3.11,5.64
SANGHAR DISTRICT,"10,000 - 24,999",SARHARI TC,SHAHDADPUR TALUKA,17698,9117,8578,3,9571,3.28,5.18
SANGHAR DISTRICT,"10,000 - 24,999",BERANI TC,JAM NAWAZ ALI TALUKA,18788,9807,8979,2,8352,4.35,5.39
SANGHAR DISTRICT,"10,000 - 24,999",SINJHORO MC,SINJHORO TALUKA,19682,10023,9656,3,14055,1.78,5.78
SANGHAR DISTRICT,"10,000 - 24,999",JHOL TC,SINJHORO TALUKA,21792,11321,10466,5,13738,2.45,5.4
SANGHAR DISTRICT,"25,000 - 49,999",SHAHPUR CHAKAR TC,SHAHDADPUR TALUKA,33941,17424,16504,13,18361,3.28,5.3
SANGHAR DISTRICT,"25,000 - 49,999",JATIA TC,SHAHDADPUR TALUKA,39777,20552,19220,5,,,5.7
SANGHAR DISTRICT,"50,000 - 99,999",KHIPRO TC,KHIPRO TALUKA,50996,26340,24644,12,25580,3.69,5.62
SANGHAR DISTRICT,"50,000 - 99,999",SANGHAR MC,SANGHAR TALUKA,75209,38602,36599,8,50696,2.09,5.39
SANGHAR DISTRICT,"50,000 - 99,999",SHAHDADPUR MC,SHAHDADPUR TALUKA,99667,51036,48614,17,62655,2.47,5.81
SANGHAR DISTRICT,"100,000 - 199,999",TANDO ADAM MC,TANDO ADAM TALUKA,152025,78244,73762,19,104907,1.97,6.03
SARGODHA DISTRICT,"10,000 - 24,999",LILLIANI MC,KOT MOMIN TEHSIL,14681,7510,7171,0,10334,1.86,6.31
SARGODHA DISTRICT,"10,000 - 24,999",SHAHPUR CITY TC,SHAHPUR TEHSIL,14700,7273,7424,3,12087,1.03,6.14
SARGODHA DISTRICT,"10,000 - 24,999",MIANI TC,BHERA TEHSIL,19633,9845,9785,3,13008,2.19,6.19
SARGODHA DISTRICT,"10,000 - 24,999",SHAHPUR SADDAR MC,SHAHPUR TEHSIL,20444,10832,9611,1,15313,1.53,5.71
SARGODHA DISTRICT,"10,000 - 24,999",PHULARWAN TC,BHALWAL TEHSIL,22195,11212,10980,3,16114,1.7,5.46
SARGODHA DISTRICT,"25,000 - 49,999",FAROOQA TC,SAHIWAL TEHSIL,27921,13924,13992,5,18478,2.19,6.38
SARGODHA DISTRICT,"25,000 - 49,999",JHAWARIAN TC,SHAHPUR TEHSIL,33518,16983,16532,3,23790,1.82,6.06
SARGODHA DISTRICT,"25,000 - 49,999",SILLANWALI MC,SILLANWALI TEHSIL,37719,19057,18657,5,23076,2.62,6.19
SARGODHA DISTRICT,"25,000 - 49,999",BHERA MC,BHERA TEHSIL,40320,20290,20020,10,31618,1.29,5.79
SARGODHA DISTRICT,"25,000 - 49,999",SAHIWAL MC,SAHIWAL TEHSIL,48286,24185,24094,7,32019,2.18,5.85
SARGODHA DISTRICT,"50,000 - 99,999",KOT MOMIN MC,KOT MOMIN TEHSIL,50818,25743,25055,20,34232,2.1,6.2
SARGODHA DISTRICT,"50,000 - 99,999",BHALWAL MC,BHALWAL TEHSIL,99762,50205,49541,16,61523,2.57,5.49
SARGODHA DISTRICT,"100,000 - 199,999",SARGODHA CANTONMENT,SARGODHA TEHSIL,152113,76357,75740,16,87614,2.94,5.84
SARGODHA DISTRICT,"500,000 AND ABOVE",SARGODHA MUNICIPAL CORPORATION,SARGODHA TEHSIL,506095,257348,248621,126,370826,1.65,6.28
SHAHEED BENAZIRABAD DISTRICT,"5,000 - 9,999",SHAHPUR JAHANIA TC,KAZI AHMED TALUKA,8694,4460,4234,,8362,.2,5.51
SHAHEED BENAZIRABAD DISTRICT,"10,000 - 24,999",BUCHERY TC,DAUR TALUKA,16003,8258,7744,1,,,5.55
SHAHEED BENAZIRABAD DISTRICT,"10,000 - 24,999",JAM SAHIB TC,DAUR TALUKA,16855,8668,8186,1,5671,5.89,5.53
SHAHEED BENAZIRABAD DISTRICT,"10,000 - 24,999",DAULAT PUR TC,KAZI AHMED TALUKA,18297,9444,8850,3,12835,1.88,5.29
SHAHEED BENAZIRABAD DISTRICT,"10,000 - 24,999",KAZI AHMED TC,KAZI AHMED TALUKA,24315,12543,11764,8,16751,1.98,5.34
SHAHEED BENAZIRABAD DISTRICT,"25,000 - 49,999",DAUR TC,DAUR TALUKA,28294,14597,13694,3,14830,3.45,5.6
SHAHEED BENAZIRABAD DISTRICT,"25,000 - 49,999",BANDHI TC,DAUR TALUKA,32189,16629,15552,8,7610,7.87,5.52
SHAHEED BENAZIRABAD DISTRICT,"50,000 - 99,999",SAKRAND TC,SAKRAND TALUKA,65825,34011,31808,6,27056,4.78,5.16
SHAHEED BENAZIRABAD DISTRICT,"200,000 - 499,999",NAWABSHAH MC,NAWABSHAH TALUKA,279338,143911,135385,42,189244,2.07,5.78
SHEIKHUPURA DISTRICT,"10,000 - 24,999",JINDIALA SHER KHAN TC,SHEIKHUPURA TEHSIL,11840,6077,5762,1,10325,.72,6.98
SHEIKHUPURA DISTRICT,"25,000 - 49,999",KHANQAH DOGRAN MC,SAFDARABAD TEHSIL,26317,13180,13133,4,26518,-.04,6.16
SHEIKHUPURA DISTRICT,"25,000 - 49,999",SAFDARABAD MC,SAFDARABAD TEHSIL,27739,13728,14003,8,20540,1.59,6.66
SHEIKHUPURA DISTRICT,"25,000 - 49,999",SHARQPUR MC,SHARAK PUR TEHSIL,41885,21163,20716,6,28186,2.1,6.11
SHEIKHUPURA DISTRICT,"25,000 - 49,999",MANANWALA JODH SINGH MC,SHEIKHUPURA TEHSIL,45740,23192,22532,16,25564,3.1,6.29
SHEIKHUPURA DISTRICT,"25,000 - 49,999",NARANG MANDI MC,MURIDKE TEHSIL,45770,23246,22523,1,31345,2.01,6.33
SHEIKHUPURA DISTRICT,"50,000 - 99,999",FAROOQABAD MC,SHEIKHUPURA TEHSIL,77591,39295,38285,11,59015,1.45,6.52
SHEIKHUPURA DISTRICT,"100,000 - 199,999",FEROZEWALA MC,FEROZEWALA TEHSIL,141181,72661,68493,27,55433,5.03,6.6
SHEIKHUPURA DISTRICT,"100,000 - 199,999",KOT ABDUL MALIK MC,FEROZEWALA TEHSIL,143099,74674,68404,21,63525,4.36,6.67
SHEIKHUPURA DISTRICT,"100,000 - 199,999",MURIDKE MC,MURIDKE TEHSIL,167082,85457,81614,11,111951,2.13,6.69
SHEIKHUPURA DISTRICT,"200,000 - 499,999",SHEIKHUPURA MC,SHEIKHUPURA TEHSIL,473269,243886,229316,67,280263,2.79,6.41
SHIKARPUR DISTRICT,"5,000 - 9,999",RUSTAM TC,LAKHI TALUKA,9334,4733,4601,,7436,1.2,5.49
SHIKARPUR DISTRICT,"10,000 - 24,999",CHAK TC,LAKHI TALUKA,14688,7543,7145,,11969,1.08,5.89
SHIKARPUR DISTRICT,"10,000 - 24,999",GARHI YASIN TC,GARHI YASIN TALUKA,16120,8224,7895,1,12554,1.32,5.85
SHIKARPUR DISTRICT,"10,000 - 24,999",MADEJI TC,GARHI YASIN TALUKA,19817,10209,9604,4,12450,2.47,6
SHIKARPUR DISTRICT,"10,000 - 24,999",LAKHI TC,LAKHI TALUKA,23405,12069,11334,2,14081,2.71,5.58
SHIKARPUR DISTRICT,"10,000 - 24,999",KHANPUR TC,KHANPUR TALUKA,24919,12790,12126,3,18606,1.55,5.78
SHIKARPUR DISTRICT,"100,000 - 199,999",SHIKARPUR MC,SHIKARPUR TALUKA,196158,100520,95619,19,134883,1.99,5.97
SIALKOT DISTRICT,"5,000 - 9,999",BEGOWALA TC,SAMBRIAL TEHSIL,8338,3820,4518,,7883,.3,6.13
SIALKOT DISTRICT,"10,000 - 24,999",KALASWALA TC,PASRUR TEHSIL,12351,5972,6379,,10877,.67,6.51
SIALKOT DISTRICT,"10,000 - 24,999",BHOPALWALA TC,SAMBRIAL TEHSIL,20165,9659,10504,2,14944,1.59,6.22
SIALKOT DISTRICT,"10,000 - 24,999",KOTLI LOHARAN TC,SIALKOT TEHSIL,24134,11387,12745,2,18374,1.44,6.2
SIALKOT DISTRICT,"25,000 - 49,999",CHAWINDA TC,PASRUR TEHSIL,26906,13376,13518,12,21071,1.29,6.72
SIALKOT DISTRICT,"25,000 - 49,999",JAMKE CHEEMA TC,DASKA TEHSIL,28600,14235,14363,2,20474,1.77,6.73
SIALKOT DISTRICT,"50,000 - 99,999",SIALKOT CANTONMENT,SIALKOT TEHSIL,64126,41406,22708,12,63126,.08,5.49
SIALKOT DISTRICT,"50,000 - 99,999",PASRUR MC,PASRUR TEHSIL,82457,40932,41510,15,45747,3.14,6.77
SIALKOT DISTRICT,"100,000 - 199,999",SAMBRIAL MC,SAMBRIAL TEHSIL,109438,53472,55941,25,49574,4.25,6.6
SIALKOT DISTRICT,"100,000 - 199,999",DASKA MC,DASKA TEHSIL,175416,86502,88889,25,102883,2.84,6.77
SIALKOT DISTRICT,"500,000 AND ABOVE",SIALKOT MUNICIPAL CORPORATION,SIALKOT TEHSIL,592604,295608,296915,81,358376,2.68,6.35
SIBI DISTRICT,"50,000 - 99,999",SIBI MC,SIBI TEHSIL,64674,33680,30980,14,48467,1.53,7.19
SOHBATPUR DISTRICT,"10,000 - 24,999",SOHBATPUR MC,SOHBATPUR TEHSIL,12867,6664,6203,,8206,2.39,5.87
SUJAWAL DISTRICT,"5,000 - 9,999",MIRPUR BATHORO TC,MIRPUR BATHORO TALUKA,9427,4772,4652,3,7425,1.26,4.64
SUJAWAL DISTRICT,"10,000 - 24,999",DARO TC,MIRPUR BATHORO TALUKA,10873,5606,5264,3,9141,.92,5.24
SUJAWAL DISTRICT,"10,000 - 24,999",JATI TC,JATI TALUKA,12161,6253,5906,2,7782,2.37,5.16
SUJAWAL DISTRICT,"10,000 - 24,999",CHUHAR JAMALI TC,SHAH BUNDER TALUKA,17727,9209,8514,4,13401,1.48,5.52
SUJAWAL DISTRICT,"25,000 - 49,999",SUJAWAL TC,SUJAWAL TALUKA,35308,18126,17174,8,23286,2.21,5.06
SUKKUR DISTRICT,"5,000 - 9,999",BAGERJI TC,NEW SUKKUR TALUKA,7629,3891,3733,5,6792,.61,5.62
SUKKUR DISTRICT,"10,000 - 24,999",KANDHRA TC,ROHRI TALUKA,15798,8194,7602,2,11806,1.54,5.19
SUKKUR DISTRICT,"10,000 - 24,999",PANO AQIL CANTONMENT,PANO AQIL TALUKA,24094,17885,6209,0,20970,.73,5
SUKKUR DISTRICT,"25,000 - 49,999",SALEHPAT TC,SALEHPAT TALUKA,26925,14048,12875,2,,,5.5
SUKKUR DISTRICT,"50,000 - 99,999",ROHRI MC,ROHRI TALUKA,69944,35985,33956,3,45731,2.26,5.46
SUKKUR DISTRICT,"50,000 - 99,999",PANO AQIL TC,PANO AQIL TALUKA,76015,39200,36800,15,41255,3.26,5.84
SWABI DISTRICT,"25,000 - 49,999",COL. SHER KILLI/NAWAN KILLI TC,RAZAR TEHSIL,26214,13125,13089,,18082,1.97,7.19
SWABI DISTRICT,"25,000 - 49,999",ZAIDA MC,SWABI TEHSIL,32003,15751,16252,,22656,1.83,7.16
SWABI DISTRICT,"25,000 - 49,999",TORDHER TC,LAHOR TEHSIL,41319,20274,21043,2,27861,2.09,7.59
SWABI DISTRICT,"50,000 - 99,999",TOPI MC,TOPI TEHSIL,53026,26994,26029,3,30458,2.96,7.28
SWABI DISTRICT,"100,000 - 199,999",SWABI MC,SWABI TEHSIL,123402,60542,62840,20,80157,2.29,7.58
SWAT DISTRICT,"25,000 - 49,999",MATTA MC,MATTA TEHSIL,42547,21588,20955,4,,,8.380000000000001
SWAT DISTRICT,"25,000 - 49,999",KHAWAZA KHELA MC,KHAWAZAKHELA TEHSIL,48016,25294,22722,,,,8.699999999999999
SWAT DISTRICT,"50,000 - 99,999",BEHRAIN MC,BEHRAIN TEHSIL,61889,31825,30060,4,,,7.91
SWAT DISTRICT,"50,000 - 99,999",BARRI KOT MC,BARIKOT TEHSIL,94019,47326,46688,5,,,7.86
SWAT DISTRICT,"100,000 - 199,999",KABAL MC,KABAL TEHSIL,117973,60656,57312,5,,,8.4
SWAT DISTRICT,"200,000 - 499,999",MINGORA MC,BABUZAI TEHSIL,331377,171504,159823,50,173868,3.45,8.01
TANDO ALLAHYAR DISTRICT,"10,000 - 24,999",SULTANABAD TC,TANDO ALLAHYAR TALUKA,16528,8510,8016,2,,,5.13
TANDO ALLAHYAR DISTRICT,"10,000 - 24,999",CHAMBAR TC,CHAMBER TALUKA,17802,9175,8624,3,10687,2.72,4.85
TANDO ALLAHYAR DISTRICT,"10,000 - 24,999",PYARO LUND TC,JHANDO MARI TALUKA,17999,9319,8680,,,,4.87
TANDO ALLAHYAR DISTRICT,"10,000 - 24,999",SANJAR CHANG TC,CHAMBER TALUKA,18383,9448,8935,,,,5.1
TANDO ALLAHYAR DISTRICT,"25,000 - 49,999",NASIRPUR TC,TANDO ALLAHYAR TALUKA,34561,17862,16696,3,9757,6.87,4.78
TANDO ALLAHYAR DISTRICT,"100,000 - 199,999",TANDO ALLAHYAR MC,TANDO ALLAHYAR TALUKA,162826,84075,78710,41,85812,3.42,5.18
TANDO MUHAMMAD KHAN DISTRICT,"5,000 - 9,999",BULRI SHAH KARIM TC,BULRI SHAH KARIM TALUKA,6381,3292,3087,2,4249,2.16,5.25
TANDO MUHAMMAD KHAN DISTRICT,"25,000 - 49,999",TANDO GHULAM HYDER TC,TANDO GHULAM HYDER TALUKA,33788,17668,16120,0,,,5.64
TANDO MUHAMMAD KHAN DISTRICT,"100,000 - 199,999",TANDO MUHAMMAD KHAN MC,TANDO MUHAMMAD KHAN TALUKA,101868,52528,49324,16,65396,2.36,4.96
TANK DISTRICT,"25,000 - 49,999",TANK MC,TANK TEHSIL,47064,24836,22226,2,35741,1.46,8.029999999999999
THARPARKAR DISTRICT,"5,000 - 9,999",KHEME-JO-PAR TC,DAHLI TALUKA,7484,4262,3222,,,,7.46
THARPARKAR DISTRICT,"10,000 - 24,999",CHELHAR TC,MITHI TALUKA,11145,5706,5439,,,,4.76
THARPARKAR DISTRICT,"10,000 - 24,999",NAGAR PARKAR TC,NAGAR PARKAR TALUKA,11801,6195,5606,,,,4.88
THARPARKAR DISTRICT,"10,000 - 24,999",DIPLO TC,DIPLO TALUKA,13142,6857,6283,2,9703,1.61,4.56
THARPARKAR DISTRICT,"10,000 - 24,999",ISLAMKOT TC,ISLAMKOT TALUKA,18512,9579,8930,3,10427,3.06,4.58
THARPARKAR DISTRICT,"10,000 - 24,999",CHACHRO TC,CHACHRO TALUKA,23315,12839,10473,3,,,5.21
THARPARKAR DISTRICT,"25,000 - 49,999",MITHI MC,MITHI TALUKA,47135,24784,22345,6,19697,4.69,4.68
THATTA DISTRICT,"BELOW 5,000",KETI BUNDER TC,KETI BUNDER TALUKA,4270,2201,2068,1,2513,2.82,4.73
THATTA DISTRICT,"5,000 - 9,999",GHORABARI TC,GHORABARI TALUKA,9023,4654,4369,,,,5.25
THATTA DISTRICT,"10,000 - 24,999",MIRPUR SAKRO TC,MIRPUR SAKRO TALUKA,10329,5349,4977,3,7135,1.96,5.33
THATTA DISTRICT,"10,000 - 24,999",GARHO TC,GHORABARI TALUKA,14179,7328,6848,3,,,5.27
THATTA DISTRICT,"25,000 - 49,999",GHARO TC,MIRPUR SAKRO TALUKA,36799,19109,17688,2,16541,4.29,5.51
THATTA DISTRICT,"25,000 - 49,999",MAKLI TC,THATTA TALUKA,47239,24361,22875,3,,,5.65
THATTA DISTRICT,"50,000 - 99,999",THATTA MC,THATTA TALUKA,54637,27898,26731,8,37515,1.99,5.69
TOBA TEK SINGH DISTRICT,"25,000 - 49,999",PIR MAHAL MC,PIRMAHAL TEHSIL,44220,22174,22030,16,30257,2.01,5.81
TOBA TEK SINGH DISTRICT,"50,000 - 99,999",TOBA TEK SINGH MC,TOBA TEK SINGH TEHSIL,87246,42925,44297,24,59938,1.99,5.91
TOBA TEK SINGH DISTRICT,"100,000 - 199,999",KAMALIA MC,KAMALIA TEHSIL,135674,67973,67672,29,97324,1.76,6.35
TOBA TEK SINGH DISTRICT,"100,000 - 199,999",GOJRA MC,GOJRA TEHSIL,174831,87132,87664,35,117892,2.09,6.28
UMER KOT DISTRICT,"5,000 - 9,999",SHADI PALI TC,PITHORO TALUKA,6321,3225,3093,3,4484,1.82,4.88
UMER KOT DISTRICT,"5,000 - 9,999",PITHORO TC,PITHORO TALUKA,6651,3402,3249,,5494,1.01,4.87
UMER KOT DISTRICT,"5,000 - 9,999",SAMARO TC,SAMARO TALUKA,9249,4782,4465,2,7373,1.2,4.87
UMER KOT DISTRICT,"10,000 - 24,999",NABISAR TC,KUNRI TALUKA,11201,5709,5476,16,5268,4.04,4.89
UMER KOT DISTRICT,"10,000 - 24,999",CHHORE OLD TC,UMER KOT TALUKA,19930,11567,8363,,13981,1.88,4.73
UMER KOT DISTRICT,"25,000 - 49,999",KUNRI TC,KUNRI TALUKA,27993,14231,13761,1,22598,1.13,5.15
UMER KOT DISTRICT,"25,000 - 49,999",DHORONARO TC,UMER KOT TALUKA,27996,14477,13519,,16707,2.75,4.82
UMER KOT DISTRICT,"100,000 - 199,999",UMERKOT MC,UMER KOT TALUKA,134196,70047,64104,45,35559,7.23,4.96
UPPER DIR DISTRICT,"25,000 - 49,999",DIR TC,DIR SUB-DIVISION,44100,22661,21437,2,22901,3.5,7.23
VEHARI DISTRICT,"10,000 - 24,999",KARAMPUR TC,MAILSI TEHSIL,14018,7123,6893,2,9950,1.82,6.08
VEHARI DISTRICT,"10,000 - 24,999",TIBBA SULTANPUR TC,MAILSI TEHSIL,14789,7359,7427,3,11298,1.42,6.23
VEHARI DISTRICT,"10,000 - 24,999",JALLA JEEM TC,MAILSI TEHSIL,17323,8568,8755,,12310,1.81,6.04
VEHARI DISTRICT,"50,000 - 99,999",MAILSI MC,MAILSI TEHSIL,82322,41371,40927,24,55434,2.1,6.26
VEHARI DISTRICT,"100,000 - 199,999",VEHARI MC,VEHARI TEHSIL,145647,73823,71801,23,94343,2.31,6.19
VEHARI DISTRICT,"200,000 - 499,999",BUREWALA MC,BUREWALA TEHSIL,232030,116541,115451,38,152097,2.24,6.18
WASHUK DISTRICT,"10,000 - 24,999",WASHUK MC,WASHUK SUB-,21835,11407,10428,,,,5.45
ZHOB DISTRICT,"5,000 - 9,999",ZHOB CANTONMENT,ZHOB TEHSIL,6250,4424,1826,,6052,.17,5.52
ZHOB DISTRICT,"25,000 - 49,999",ZHOB MC,ZHOB TEHSIL,39914,21051,18863,,37791,.29,6.51
ZIARAT DISTRICT,"BELOW 5,000",ZIARAT MC,ZIARAT TEHSIL,3392,1686,1706,,636,9.19,4.91
