district,tehsil,locality,all_sex,male,female,transgender,sex_ratio,avg_hhsize,population1998,pop_growth_avg_1998_2017
BANNU DISTRICT,BANNU TEHSIL,RURAL,908155,457808,450324,23,101.66,9.16,525281,2.92
BANNU DISTRICT,BANNU TEHSIL,URBAN,49948,27628,22319,1,123.79,7.42,47676,.24
BANNU DISTRICT,DOMEL TEHSIL,RURAL,208968,107189,101779,,105.32,10.98,102710,3.8
BANNU DISTRICT,DOMEL TEHSIL,URBAN,,,,,,,,
LAKKI MARWAT DISTRICT,LAKKI MARWAT TEHSIL,RURAL,519601,261879,257719,3,101.61,8.470000000000001,309467,2.76
LAKKI MARWAT DISTRICT,LAKKI MARWAT TEHSIL,URBAN,59273,30735,28538,,107.7,7.24,30467,3.56
LAKKI MARWAT DISTRICT,SARAI NAURANG TEHSIL,RURAL,266891,134073,132817,1,100.95,9.65,133680,3.7
LAKKI MARWAT DISTRICT,SARAI NAURANG TEHSIL,URBAN,29979,15030,14949,,100.54,9.220000000000001,16411,3.22
DERA ISMAIL KHAN DISTRICT,DARABAN TEHSIL,RURAL,124318,64533,59784,1,107.94,8.220000000000001,73658,2.79
DERA ISMAIL KHAN DISTRICT,DARABAN TEHSIL,URBAN,,,,,,,,
DERA ISMAIL KHAN DISTRICT,DERA ISMAIL KHAN TEHSIL,RURAL,507431,260671,246730,30,105.65,8.619999999999999,270676,3.36
DERA ISMAIL KHAN DISTRICT,DERA ISMAIL KHAN TEHSIL,URBAN,218018,114116,103865,37,109.87,6.54,92114,4.63
DERA ISMAIL KHAN DISTRICT,KULACHI TEHSIL,RURAL,77139,39956,37181,2,107.46,8.67,48143,2.51
DERA ISMAIL KHAN DISTRICT,KULACHI TEHSIL,URBAN,24753,12750,12003,,106.22,6.91,19113,1.37
DERA ISMAIL KHAN DISTRICT,PAHARPUR TEHSIL,RURAL,303520,154668,148834,18,103.92,7.64,204009,2.11
DERA ISMAIL KHAN DISTRICT,PAHARPUR TEHSIL,URBAN,77566,40040,37521,5,106.71,8.27,14580,9.18
DERA ISMAIL KHAN DISTRICT,PAROA TEHSIL,RURAL,252462,130064,122390,8,106.27,8.41,130702,3.52
DERA ISMAIL KHAN DISTRICT,PAROA TEHSIL,URBAN,39881,20887,18993,1,109.97,7.75,,
TANK DISTRICT,TANK TEHSIL,RURAL,343562,175264,168273,25,104.15,8.98,202475,2.82
TANK DISTRICT,TANK TEHSIL,URBAN,47064,24836,22226,2,111.74,8.029999999999999,35741,1.46
ABBOTTABAD DISTRICT,ABBOTTABAD TEHSIL,RURAL,737167,372331,364818,18,102.06,5.96,502487,2.03
ABBOTTABAD DISTRICT,ABBOTTABAD TEHSIL,URBAN,245670,130649,115003,18,113.6,6.12,126279,3.56
ABBOTTABAD DISTRICT,HAVELIAN TEHSIL,RURAL,301937,150261,151676,,99.06999999999999,6.3,220275,1.67
ABBOTTABAD DISTRICT,HAVELIAN TEHSIL,URBAN,48315,24616,23699,,103.87,6.6,31625,2.25
BATAGRAM DISTRICT,ALLAI TEHSIL,RURAL,180502,90363,90127,12,100.26,6.75,121652,2.09
BATAGRAM DISTRICT,ALLAI TEHSIL,URBAN,,,,,,,,
BATAGRAM DISTRICT,BATAGRAM TEHSIL,RURAL,296247,148039,148185,23,99.90000000000001,6.97,185626,2.49
BATAGRAM DISTRICT,BATAGRAM TEHSIL,URBAN,,,,,,,,
HARIPUR DISTRICT,GHAZI TEHSIL,RURAL,144917,72137,72780,,99.12,5.8,113049,1.31
HARIPUR DISTRICT,GHAZI TEHSIL,URBAN,,,,,,,,
HARIPUR DISTRICT,HARIPUR TEHSIL,RURAL,723498,358270,365211,17,98.09999999999999,6.12,496444,2
HARIPUR DISTRICT,HARIPUR TEHSIL,URBAN,133100,67795,65275,30,103.86,6.1,82735,2.53
MANSEHRA DISTRICT,BALA KOT TEHSIL,RURAL,273257,135039,138200,18,97.70999999999999,6,214630,1.28
MANSEHRA DISTRICT,BALA KOT TEHSIL,URBAN,,,,,,,,
MANSEHRA DISTRICT,MANSEHRA TEHSIL,RURAL,872623,436662,435875,86,100.18,6.51,513599,2.82
MANSEHRA DISTRICT,MANSEHRA TEHSIL,URBAN,144898,73525,71242,131,103.2,6.63,61376,4.62
MANSEHRA DISTRICT,OGHI TEHSIL,RURAL,264964,126750,138192,22,91.72,7.06,188552,1.8
MANSEHRA DISTRICT,OGHI TEHSIL,URBAN,,,,,,,,
TORGHAR DISTRICT,JUDBA TEHSIL,RURAL,96888,49459,47419,10,104.3,6.47,84628,.71
TORGHAR DISTRICT,JUDBA TEHSIL,URBAN,,,,,,,,
TORGHAR DISTRICT,KHANDER TEHSIL,RURAL,74461,36600,37855,6,96.68000000000001,6.51,90054,-.99
TORGHAR DISTRICT,KHANDER TEHSIL,URBAN,,,,,,,,
KOHISTAN DISTRICT,DASSU SUB-DIVISION,RURAL,223436,121177,102259,,118.5,8.279999999999999,137519,2.58
KOHISTAN DISTRICT,DASSU SUB-DIVISION,URBAN,,,,,,,,
KOHISTAN DISTRICT,KANDIA SUB-DIVISION,RURAL,83850,45597,38245,8,119.22,7.74,47227,3.06
KOHISTAN DISTRICT,KANDIA SUB-DIVISION,URBAN,,,,,,,,
KOHISTAN DISTRICT,PALAS SUB-DIVISION,RURAL,274923,149104,125814,5,118.51,7.64,165613,2.7
KOHISTAN DISTRICT,PALAS SUB-DIVISION,URBAN,,,,,,,,
KOHISTAN DISTRICT,PATTAN SUB-DIVISION,RURAL,202502,108765,93737,0,116.03,7.7,122211,2.69
KOHISTAN DISTRICT,PATTAN SUB-DIVISION,URBAN,,,,,,,,
HANGU DISTRICT,HANGU TEHSIL,RURAL,221598,106089,115490,19,91.86,10.24,132095,2.76
HANGU DISTRICT,HANGU TEHSIL,URBAN,48801,23736,25063,2,94.70999999999999,9.4,31022,2.41
HANGU DISTRICT,TALL TEHSIL,RURAL,194711,92527,102174,10,90.56,10.67,118217,2.66
HANGU DISTRICT,TALL TEHSIL,URBAN,53701,26692,27005,4,98.84,10.06,33195,2.56
KARAK DISTRICT,BANDA DAUD SHAH TEHSIL,RURAL,155482,75250,80221,11,93.8,9.029999999999999,98626,2.42
KARAK DISTRICT,BANDA DAUD SHAH TEHSIL,URBAN,,,,,,,,
KARAK DISTRICT,KARAK TEHSIL,RURAL,241743,118330,123393,20,95.90000000000001,9.140000000000001,147865,2.62
KARAK DISTRICT,KARAK TEHSIL,URBAN,51086,25627,25458,1,100.66,9.31,27893,3.23
KARAK DISTRICT,TAKHT-E-NASRATI TEHSIL,RURAL,257051,129108,127932,11,100.92,9.869999999999999,156412,2.64
KARAK DISTRICT,TAKHT-E-NASRATI TEHSIL,URBAN,,,,,,,,
KOHAT DISTRICT,KOHAT TEHSIL,RURAL,620442,303288,317098,56,95.64,8.48,344021,3.15
KOHAT DISTRICT,KOHAT TEHSIL,URBAN,228555,121144,107367,44,112.83,7.34,126627,3.15
KOHAT DISTRICT,LACHI TEHSIL,RURAL,102059,50384,51669,6,97.51000000000001,7.31,66710,2.26
KOHAT DISTRICT,LACHI TEHSIL,URBAN,41371,20966,20405,,102.75,7.13,25286,2.62
MARDAN DISTRICT,KATLANG TEHSIL,RURAL,343225,171021,172202,2,99.31,8.140000000000001,221546,2.33
MARDAN DISTRICT,KATLANG TEHSIL,URBAN,,,,,,,,
MARDAN DISTRICT,MARDAN TEHSIL,RURAL,1043978,525399,518577,2,101.32,7.82,618091,2.79
MARDAN DISTRICT,MARDAN TEHSIL,URBAN,359024,184208,174762,54,105.41,7.83,245926,2.01
MARDAN DISTRICT,TAKHT BHAI TEHSIL,RURAL,545974,278978,266992,4,104.49,7,325335,2.76
MARDAN DISTRICT,TAKHT BHAI TEHSIL,URBAN,81198,41516,39682,,104.62,5.85,49202,2.67
SWABI DISTRICT,LAHOR TEHSIL,RURAL,264463,134329,130119,15,103.24,7.73,159697,2.69
SWABI DISTRICT,LAHOR TEHSIL,URBAN,41319,20274,21043,2,96.34999999999999,7.59,27861,2.09
SWABI DISTRICT,RAZAR TEHSIL,RURAL,558662,277621,281022,19,98.79000000000001,7.67,358024,2.37
SWABI DISTRICT,RAZAR TEHSIL,URBAN,26214,13125,13089,0,100.28,7.19,18082,1.97
SWABI DISTRICT,SWABI TEHSIL,RURAL,250916,123384,127520,12,96.76000000000001,7.75,155193,2.56
SWABI DISTRICT,SWABI TEHSIL,URBAN,155405,76293,79092,20,96.45999999999999,7.49,102813,2.19
SWABI DISTRICT,TOPI TEHSIL,RURAL,275472,143808,131636,28,109.25,7.15,174676,2.42
SWABI DISTRICT,TOPI TEHSIL,URBAN,53026,26994,26029,3,103.71,7.28,30458,2.96
CHARSADDA DISTRICT,CHARSADDA TEHSIL,RURAL,659042,336077,322964,1,104.06,7.37,415086,2.46
CHARSADDA DISTRICT,CHARSADDA TEHSIL,URBAN,145801,74897,70901,3,105.64,7.01,112066,1.39
CHARSADDA DISTRICT,SHABQADAR TEHSIL,RURAL,288462,144441,144021,,100.29,7.54,185312,2.35
CHARSADDA DISTRICT,SHABQADAR TEHSIL,URBAN,91490,47300,44189,1,107.04,7.55,55439,2.67
CHARSADDA DISTRICT,TANGI TEHSIL,RURAL,393252,198195,195051,6,101.61,7.13,229115,2.88
CHARSADDA DISTRICT,TANGI TEHSIL,URBAN,32913,16741,16172,,103.52,6.78,25346,1.38
NOWSHERA DISTRICT,JEHANGIRA TEHSIL,RURAL,267642,134577,133036,29,101.16,7.84,158059,2.81
NOWSHERA DISTRICT,JEHANGIRA TEHSIL,URBAN,86122,44685,41428,9,107.86,7.44,50645,2.83
NOWSHERA DISTRICT,NOWSHERA TEHSIL,RURAL,530772,271714,259033,25,104.9,7.72,274317,3.53
NOWSHERA DISTRICT,NOWSHERA TEHSIL,URBAN,198043,111351,86645,47,128.51,6.6,145232,1.64
NOWSHERA DISTRICT,PABBI TEHSIL,RURAL,383046,192673,190357,16,101.22,7.6,214967,3.08
NOWSHERA DISTRICT,PABBI TEHSIL,URBAN,55370,28035,27335,,102.56,7.27,31153,3.07
PESHAWAR DISTRICT,PESHAWAR TEHSIL,RURAL,2297375,1172995,1124167,213,104.34,8.74,1044035,4.23
PESHAWAR DISTRICT,PESHAWAR TEHSIL,URBAN,1969823,1025010,944401,412,108.54,7.97,982816,3.72
BUNER DISTRICT,DAGGAR TEHSIL,RURAL,354809,176595,178195,19,99.09999999999999,10.12,197120,3.14
BUNER DISTRICT,DAGGAR TEHSIL,URBAN,,,,,,,,
BUNER DISTRICT,GAGRA TEHSIL,RURAL,269971,134468,135495,8,99.23999999999999,9.59,151877,3.07
BUNER DISTRICT,GAGRA TEHSIL,URBAN,,,,,,,,
BUNER DISTRICT,KHADO KHEL TEHSIL,RURAL,118072,58013,60056,3,96.59999999999999,8.16,69812,2.8
BUNER DISTRICT,KHADO KHEL TEHSIL,URBAN,,,,,,,,
BUNER DISTRICT,MANDANR TEHSIL,RURAL,152608,76796,75809,3,101.3,8.52,87239,2.98
BUNER DISTRICT,MANDANR TEHSIL,URBAN,,,,,,,,
CHITRAL DISTRICT,CHITRAL SUB-DIVISION,RURAL,228548,117356,111181,11,105.55,7.13,154252,2.09
CHITRAL DISTRICT,CHITRAL SUB-DIVISION,URBAN,49780,26320,23456,4,112.21,6.95,30622,2.59
CHITRAL DISTRICT,MASTUJ SUB-DIVISION,RURAL,169297,81993,87297,7,93.92,7.45,133815,1.24
CHITRAL DISTRICT,MASTUJ SUB-DIVISION,URBAN,,,,,,,,
SHANGLA DISTRICT,ALPURI TEHSIL,RURAL,508361,257321,251029,11,102.51,8.220000000000001,297718,2.85
SHANGLA DISTRICT,ALPURI TEHSIL,URBAN,,,,,,,,
SHANGLA DISTRICT,BISHAM TEHSIL,RURAL,105950,54440,51505,5,105.7,8.41,57739,3.24
SHANGLA DISTRICT,BISHAM TEHSIL,URBAN,,,,,,,,
SHANGLA DISTRICT,PURAN TEHSIL,RURAL,145298,74321,70974,3,104.72,9.380000000000001,79106,3.25
SHANGLA DISTRICT,PURAN TEHSIL,URBAN,,,,,,,,
SWAT DISTRICT,BABUZAI TEHSIL,RURAL,267947,138202,129734,11,106.53,8.17,148127,3.16
SWAT DISTRICT,BABUZAI TEHSIL,URBAN,331377,171504,159823,50,107.31,8.01,173868,3.45
SWAT DISTRICT,BARIKOT TEHSIL,RURAL,89758,45747,44009,2,103.95,8.26,99975,-.5600000000000001
SWAT DISTRICT,BARIKOT TEHSIL,URBAN,94019,47326,46688,5,101.37,7.86,,
SWAT DISTRICT,BEHRAIN TEHSIL,RURAL,186533,96057,90460,16,106.19,8.390000000000001,125247,2.11
SWAT DISTRICT,BEHRAIN TEHSIL,URBAN,61889,31825,30060,4,105.87,7.91,,0
SWAT DISTRICT,CHARBAGH TEHSIL,RURAL,126001,64909,61086,6,106.26,8.18,73682,2.86
SWAT DISTRICT,CHARBAGH TEHSIL,URBAN,,,,,,,,
SWAT DISTRICT,KABAL TEHSIL,RURAL,302028,148325,153695,8,96.51000000000001,8.84,244142,1.12
SWAT DISTRICT,KABAL TEHSIL,URBAN,117973,60656,57312,5,105.83,8.4,,
SWAT DISTRICT,KHAWAZAKHELA TEHSIL,RURAL,217484,110752,106728,4,103.77,8.18,141193,2.3
SWAT DISTRICT,KHAWAZAKHELA TEHSIL,URBAN,48016,25294,22722,0,111.32,8.699999999999999,,
SWAT DISTRICT,MATTA TEHSIL,RURAL,423052,209762,213272,18,98.34999999999999,8.85,251368,2.77
SWAT DISTRICT,MATTA TEHSIL,URBAN,42547,21588,20955,4,103.02,8.380000000000001,,
LOWER DIR DISTRICT,ADENZAI SUB-DIVISION,RURAL,317526,160421,157093,12,102.12,8.51,168830,3.37
LOWER DIR DISTRICT,ADENZAI SUB-DIVISION,URBAN,,,,,,,,
LOWER DIR DISTRICT,LAL QILA SUB-DIVISION,RURAL,219567,102554,117009,4,87.65000000000001,8.789999999999999,129305,2.82
LOWER DIR DISTRICT,LAL QILA SUB-DIVISION,URBAN,,,,,,,,
LOWER DIR DISTRICT,SAMARBAGH SUB-DIVISION,RURAL,378004,190905,187088,11,102.04,10.17,190072,3.68
LOWER DIR DISTRICT,SAMARBAGH SUB-DIVISION,URBAN,,,,,,,,
LOWER DIR DISTRICT,TEMERGARA SUB-DIVISION,RURAL,480671,235098,245555,18,95.73999999999999,9.18,246514,3.57
LOWER DIR DISTRICT,TEMERGARA SUB-DIVISION,URBAN,40314,20851,19458,5,107.16,8.529999999999999,44335,-.5
UPPER DIR DISTRICT,DIR SUB-DIVISION,RURAL,395425,195425,199986,14,97.72,8.01,212423,3.32
UPPER DIR DISTRICT,DIR SUB-DIVISION,URBAN,44100,22661,21437,2,105.71,7.23,22901,3.5
UPPER DIR DISTRICT,SHARINGAL SUB-DIVISION,RURAL,185121,91723,93392,6,98.20999999999999,7.47,104058,3.07
UPPER DIR DISTRICT,SHARINGAL SUB-DIVISION,URBAN,,,,,,,,
UPPER DIR DISTRICT,WARI SUB-DIVISION,RURAL,322755,156785,165951,19,94.48,8.01,175069,3.27
UPPER DIR DISTRICT,WARI SUB-DIVISION,URBAN,,,,,,,,
MALAKAND PROTECTED AREA,SAM RANI ZAI SUB-DIVISION,RURAL,303644,152141,151491,12,100.43,7.88,191996,2.44
MALAKAND PROTECTED AREA,SAM RANI ZAI SUB-DIVISION,URBAN,,,,,,,,
MALAKAND PROTECTED AREA,SWAT RANI ZAI SUB-DIVISION,RURAL,346476,173414,173043,19,100.21,7.81,217116,2.49
MALAKAND PROTECTED AREA,SWAT RANI ZAI SUB-DIVISION,URBAN,67686,34885,32799,2,106.36,7.93,43179,2.39
KHYBER AGENCY,BARA TEHSIL,RURAL,443449,224995,218433,21,103,8.279999999999999,286184,2.33
KHYBER AGENCY,BARA TEHSIL,URBAN,,,,,,,,
KHYBER AGENCY,JAMRUD TEHSIL,RURAL,163829,83502,80312,15,103.97,8.41,64149,5.05
KHYBER AGENCY,JAMRUD TEHSIL,URBAN,63728,33133,30582,13,108.34,8.050000000000001,32039,3.68
KHYBER AGENCY,LANDI KOTAL TEHSIL,RURAL,239323,124173,115127,23,107.86,9.08,122390,3.59
KHYBER AGENCY,LANDI KOTAL TEHSIL,URBAN,33729,17766,15961,2,111.31,7.86,22324,2.19
KHYBER AGENCY,MULLA GORI TEHSIL,RURAL,40188,20933,19254,1,108.72,9.41,19644,3.83
KHYBER AGENCY,MULLA GORI TEHSIL,URBAN,,,,,,,,
KURRAM AGENCY,CENTRAL KURRAM F.R,RURAL,229007,115335,113658,14,101.48,8.140000000000001,181416,1.23
KURRAM AGENCY,CENTRAL KURRAM F.R,URBAN,,,,,,,,
KURRAM AGENCY,LOWER KURRAM TEHSIL,RURAL,101386,50128,51248,10,97.81,9.09,64220,2.43
KURRAM AGENCY,LOWER KURRAM TEHSIL,URBAN,32543,16563,15973,7,103.69,9.359999999999999,17103,3.44
KURRAM AGENCY,UPPER KURRAM TEHSIL,RURAL,246934,122200,124721,13,97.98,9.380000000000001,177529,1.75
KURRAM AGENCY,UPPER KURRAM TEHSIL,URBAN,5502,2709,2793,,96.98999999999999,7.38,8042,-1.97
MOHMAND AGENCY,AMBAR UTMAN KHEL TEHSIL,RURAL,61951,31413,30538,,102.87,8.960000000000001,30728,3.75
MOHMAND AGENCY,AMBAR UTMAN KHEL TEHSIL,URBAN,,,,,,,,
MOHMAND AGENCY,HALIM ZAI TEHSIL,RURAL,78705,40530,38163,12,106.2,8.81,48418,2.59
MOHMAND AGENCY,HALIM ZAI TEHSIL,URBAN,,,,,,,,
MOHMAND AGENCY,PINDIALI TEHSIL,RURAL,89711,45952,43752,7,105.03,9.69,51276,2.98
MOHMAND AGENCY,PINDIALI TEHSIL,URBAN,,,,,,,,
MOHMAND AGENCY,PRANG GHAR TEHSIL,RURAL,36569,18288,18281,,100.04,8.210000000000001,18620,3.61
MOHMAND AGENCY,PRANG GHAR TEHSIL,URBAN,,,,,,,,
MOHMAND AGENCY,SAFI TEHSIL,RURAL,98501,50353,48142,6,104.59,11.04,71503,1.7
MOHMAND AGENCY,SAFI TEHSIL,URBAN,,,,,,,,
MOHMAND AGENCY,UPPER MOHMAND TEHSIL,RURAL,51154,25723,25424,7,101.18,8.869999999999999,80177,-2.33
MOHMAND AGENCY,UPPER MOHMAND TEHSIL,URBAN,,,,,,,,
MOHMAND AGENCY,YAKE GHUND TEHSIL,RURAL,57754,29290,28455,9,102.93,9.1,33731,2.87
MOHMAND AGENCY,YAKE GHUND TEHSIL,URBAN,,,,,,,,
NORTH WAZIRISTAN AGENCY,DATTA KHEL TEHSIL,RURAL,75003,37377,37619,7,99.36,8.470000000000001,110006,-1.99
NORTH WAZIRISTAN AGENCY,DATTA KHEL TEHSIL,URBAN,,,,,,,,
NORTH WAZIRISTAN AGENCY,DOSSALI TEHSIL,RURAL,39945,20770,19173,2,108.33,9.33,20482,3.57
NORTH WAZIRISTAN AGENCY,DOSSALI TEHSIL,URBAN,,,,,,,,
NORTH WAZIRISTAN AGENCY,GHARYUM TEHSIL,RURAL,11811,6339,5467,5,115.95,6.85,3917,5.97
NORTH WAZIRISTAN AGENCY,GHARYUM TEHSIL,URBAN,,,,,,,,
NORTH WAZIRISTAN AGENCY,GHULAM KHAN TEHSIL,RURAL,27015,14228,12786,1,111.28,7.56,13251,3.81
NORTH WAZIRISTAN AGENCY,GHULAM KHAN TEHSIL,URBAN,,,,,,,,
NORTH WAZIRISTAN AGENCY,MIR ALI TEHSIL,RURAL,184986,94496,90481,9,104.44,7.7,93855,3.63
NORTH WAZIRISTAN AGENCY,MIR ALI TEHSIL,URBAN,,,,,,,,
NORTH WAZIRISTAN AGENCY,MIRAN SHAH TEHSIL,RURAL,96280,48603,47675,2,101.95,9.23,61565,2.38
NORTH WAZIRISTAN AGENCY,MIRAN SHAH TEHSIL,URBAN,4364,3267,1097,,297.81,6.99,5965,-1.63
NORTH WAZIRISTAN AGENCY,RAZMAK TEHSIL,RURAL,15681,8229,7451,1,110.44,6.91,5729,5.43
NORTH WAZIRISTAN AGENCY,RAZMAK TEHSIL,URBAN,,,,,,,,
NORTH WAZIRISTAN AGENCY,SHEWA TEHSIL,RURAL,39290,19997,19290,3,103.67,9.59,22956,2.86
NORTH WAZIRISTAN AGENCY,SHEWA TEHSIL,URBAN,,,,,,,,
NORTH WAZIRISTAN AGENCY,SPINWAM TEHSIL,RURAL,46171,24443,21725,3,112.51,12.43,23520,3.61
NORTH WAZIRISTAN AGENCY,SPINWAM TEHSIL,URBAN,,,,,,,,
ORAKZAI AGENCY,CENTRAL TEHSIL,RURAL,59132,29440,29691,1,99.15000000000001,8.91,47122,1.2
ORAKZAI AGENCY,CENTRAL TEHSIL,URBAN,,,,,,,,
ORAKZAI AGENCY,ISMAIL ZAI TEHSIL,RURAL,23963,12058,11905,,101.29,8.279999999999999,28843,-.97
ORAKZAI AGENCY,ISMAIL ZAI TEHSIL,URBAN,,,,,,,,
ORAKZAI AGENCY,LOWER TEHSIL,RURAL,107323,53767,53550,6,100.41,8.16,65416,2.63
ORAKZAI AGENCY,LOWER TEHSIL,URBAN,,,,,,,,
ORAKZAI AGENCY,UPPER TEHSIL,RURAL,63885,32299,31582,4,102.27,7.04,84060,-1.43
ORAKZAI AGENCY,UPPER TEHSIL,URBAN,,,,,,,,
SOUTH WAZIRISTAN A,BIRMIL TEHSIL,RURAL,104282,54323,49948,11,108.76,9.44,58512,3.08
SOUTH WAZIRISTAN A,BIRMIL TEHSIL,URBAN,,,,,,,,
SOUTH WAZIRISTAN A,LADHA TEHSIL,RURAL,110842,57755,53080,7,108.81,6.36,72278,2.27
SOUTH WAZIRISTAN A,LADHA TEHSIL,URBAN,,,,,,,,
SOUTH WAZIRISTAN A,MAKIN TEHSIL,RURAL,58646,30906,27738,2,111.42,6.35,30528,3.49
SOUTH WAZIRISTAN A,MAKIN TEHSIL,URBAN,,,,,,,,
SOUTH WAZIRISTAN A,SARAROGHA TEHSIL,RURAL,98180,51479,46694,7,110.25,7.57,72063,1.64
SOUTH WAZIRISTAN A,SARAROGHA TEHSIL,URBAN,,,,,,,,
SOUTH WAZIRISTAN A,SERWEKAI TEHSIL,RURAL,54540,28695,25844,1,111.03,7.2,31472,2.93
SOUTH WAZIRISTAN A,SERWEKAI TEHSIL,URBAN,,,,,,,,
SOUTH WAZIRISTAN A,TIARZA TEHSIL,RURAL,45156,23649,21507,,109.96,7.99,37708,.95
SOUTH WAZIRISTAN A,TIARZA TEHSIL,URBAN,,,,,,,,
SOUTH WAZIRISTAN A,TOI KHULLA TEHSIL,RURAL,50413,27462,22947,4,119.68,9.34,36508,1.71
SOUTH WAZIRISTAN A,TOI KHULLA TEHSIL,URBAN,,,,,,,,
SOUTH WAZIRISTAN A,WANA TEHSIL,RURAL,153156,81342,71796,18,113.3,10.19,90772,2.79
SOUTH WAZIRISTAN A,WANA TEHSIL,URBAN,,,,,,,,
BAJAUR AGENCY,BAR CHAMER KAND TEHSIL,RURAL,2868,1447,1420,1,101.9,8.43,3247,-.65
BAJAUR AGENCY,BAR CHAMER KAND TEHSIL,URBAN,,,,,,,,
BAJAUR AGENCY,BARANG TEHSIL,RURAL,76493,38312,38179,2,100.35,7.2,50139,2.24
BAJAUR AGENCY,BARANG TEHSIL,URBAN,,,,,,,,
BAJAUR AGENCY,KHAR BAJAUR TEHSIL,RURAL,246875,126965,119894,16,105.9,8.85,116196,4.04
BAJAUR AGENCY,KHAR BAJAUR TEHSIL,URBAN,,,,,,,,
BAJAUR AGENCY,MAMUND TEHSIL,RURAL,311373,159978,151380,15,105.68,8.66,168283,3.29
BAJAUR AGENCY,MAMUND TEHSIL,URBAN,,,,,,,,
BAJAUR AGENCY,NAWAGAI TEHSIL,RURAL,78494,40578,37910,6,107.04,10.03,57264,1.67
BAJAUR AGENCY,NAWAGAI TEHSIL,URBAN,,,,,,,,
BAJAUR AGENCY,SALARZAI TEHSIL,RURAL,267636,134539,133083,14,101.09,9.119999999999999,141750,3.4
BAJAUR AGENCY,SALARZAI TEHSIL,URBAN,,,,,,,,
BAJAUR AGENCY,UTMAN KHEL TEHSIL,RURAL,107248,54217,53029,2,102.24,9.710000000000001,58348,3.25
BAJAUR AGENCY,UTMAN KHEL TEHSIL,URBAN,,,,,,,,
FR BANNU,TRIBAL AREA ADJ. BANNU DISTRICT,RURAL,43112,22286,20826,,107.01,9.74,19593,4.23
FR BANNU,TRIBAL AREA ADJ. BANNU DISTRICT,URBAN,,,,,,,,
FR D.I.KHAN,TRIBAL AREA ADJ. DERA ISMAIL KHAN DISTRICT,RURAL,68506,35356,33146,4,106.67,9.56,38990,3.01
FR D.I.KHAN,TRIBAL AREA ADJ. DERA ISMAIL KHAN DISTRICT,URBAN,,,,,,,,
FR KOHAT,TRIBAL AREA ADJ. KOHAT DISTRICT,RURAL,118839,59983,58851,5,101.92,8.09,88456,1.56
FR KOHAT,TRIBAL AREA ADJ. KOHAT DISTRICT,URBAN,,,,,,,,
FR LAKKI MARWAT,TRIBAL AREA ADJ. LAKKI MARWAT DISTRICT,RURAL,26394,13685,12709,,107.68,7.84,6987,7.23
FR LAKKI MARWAT,TRIBAL AREA ADJ. LAKKI MARWAT DISTRICT,URBAN,,,,,,,,
FR PESHAWAR,TRIBAL AREA ADJ. PESHAWAR DISTRICT,RURAL,64761,31676,33081,4,95.75,8.98,53841,.97
FR PESHAWAR,TRIBAL AREA ADJ. PESHAWAR DISTRICT,URBAN,,,,,,,,
FR TANK,TRIBAL AREA ADJ. TANK DISTRICT,RURAL,36418,18783,17632,3,106.53,8.43,27216,1.54
FR TANK,TRIBAL AREA ADJ. TANK DISTRICT,URBAN,,,,,,,,
ATTOCK DISTRICT,ATTOCK TEHSIL,RURAL,222710,111968,110735,7,101.11,6.39,143989,2.32
ATTOCK DISTRICT,ATTOCK TEHSIL,URBAN,212493,112426,100041,26,112.38,5.91,117840,3.15
ATTOCK DISTRICT,FATEH JANG TEHSIL,RURAL,259933,129406,130510,17,99.15000000000001,6.21,188270,1.71
ATTOCK DISTRICT,FATEH JANG TEHSIL,URBAN,66500,33250,33241,9,100.03,6.51,25986,5.06
ATTOCK DISTRICT,HASAN ABDAL TEHSIL,RURAL,153891,78008,75882,1,102.8,6.62,97880,2.41
ATTOCK DISTRICT,HASAN ABDAL TEHSIL,URBAN,63218,32039,31174,5,102.77,6.65,37976,2.71
ATTOCK DISTRICT,HAZRO TEHSIL,RURAL,284881,140446,144406,29,97.26000000000001,6.31,196785,1.96
ATTOCK DISTRICT,HAZRO TEHSIL,URBAN,55308,27569,27736,3,99.40000000000001,6.43,42156,1.44
ATTOCK DISTRICT,JAND TEHSIL,RURAL,247319,117735,129570,14,90.87,5.46,211065,.84
ATTOCK DISTRICT,JAND TEHSIL,URBAN,48194,23084,25104,6,91.95,5.87,17284,5.53
ATTOCK DISTRICT,PINDI GHEB TEHSIL,RURAL,226736,110514,116212,10,95.09999999999999,5.82,165854,1.66
ATTOCK DISTRICT,PINDI GHEB TEHSIL,URBAN,45195,22205,22986,4,96.59999999999999,5.91,29850,2.2
CHAKWAL DISTRICT,CHAKWAL TEHSIL,RURAL,518313,246589,271680,44,90.76000000000001,5.54,394992,1.44
CHAKWAL DISTRICT,CHAKWAL TEHSIL,URBAN,138214,68508,69677,29,98.31999999999999,5.88,80508,2.88
CHAKWAL DISTRICT,CHOA SAIDAN SHAH TEHSIL,RURAL,119368,58453,60913,2,95.95999999999999,5.59,91838,1.39
CHAKWAL DISTRICT,CHOA SAIDAN SHAH TEHSIL,URBAN,22574,11431,11137,6,102.64,5.85,13418,2.77
CHAKWAL DISTRICT,KALLAR KAHAR TEHSIL,RURAL,126096,61503,64587,6,95.23,5.24,122548,.15
CHAKWAL DISTRICT,KALLAR KAHAR TEHSIL,URBAN,43142,22320,20818,4,107.21,5.45,0,0
CHAKWAL DISTRICT,LAWA TEHSIL,RURAL,110175,52857,57314,4,92.22,5.56,95626,.75
CHAKWAL DISTRICT,LAWA TEHSIL,URBAN,15595,7447,8146,2,91.42,5.35,0,0
CHAKWAL DISTRICT,TALA GANG TEHSIL,RURAL,337903,162481,175410,12,92.63,5.53,247029,1.66
CHAKWAL DISTRICT,TALA GANG TEHSIL,URBAN,64083,31589,32484,10,97.23999999999999,5.69,37766,2.82
JHELUM DISTRICT,DINA TEHSIL,RURAL,165222,79799,85412,11,93.43000000000001,6.03,130735,1.24
JHELUM DISTRICT,DINA TEHSIL,URBAN,73243,39099,34128,16,114.57,5.92,52638,1.75
JHELUM DISTRICT,JHELUM TEHSIL,RURAL,254761,123856,130876,29,94.64,6.01,186177,1.66
JHELUM DISTRICT,JHELUM TEHSIL,URBAN,190471,97586,92853,32,105.1,5.71,147392,1.36
JHELUM DISTRICT,PIND DADAN KHAN TEHSIL,RURAL,272443,131941,140479,23,93.92,5.84,217023,1.2
JHELUM DISTRICT,PIND DADAN KHAN TEHSIL,URBAN,64398,32470,31925,3,101.71,5.78,46592,1.71
JHELUM DISTRICT,SOHAWA TEHSIL,RURAL,175680,83879,91783,18,91.39,5.8,143692,1.06
JHELUM DISTRICT,SOHAWA TEHSIL,URBAN,26185,12776,13406,3,95.3,6,12708,3.87
RAWALPINDI DISTRICT,GUJAR KHAN TEHSIL,RURAL,566018,271415,294558,45,92.14,6.07,426860,1.49
RAWALPINDI DISTRICT,GUJAR KHAN TEHSIL,URBAN,112044,55583,56425,36,98.51000000000001,6.28,67150,2.73
RAWALPINDI DISTRICT,KAHUTA TEHSIL,RURAL,160136,77653,82475,8,94.15000000000001,5.84,134512,.92
RAWALPINDI DISTRICT,KAHUTA TEHSIL,URBAN,60610,30350,30258,2,100.3,5.79,19207,6.22
RAWALPINDI DISTRICT,KALLAR SAYADDAN TEHSIL,RURAL,162822,77771,85038,13,91.45,5.98,158120,.15
RAWALPINDI DISTRICT,KALLAR SAYADDAN TEHSIL,URBAN,54239,25965,28266,8,91.86,6.17,,
RAWALPINDI DISTRICT,KOTLI SATTIAN TEHSIL,RURAL,96894,48976,47907,11,102.23,4.97,82711,.83
RAWALPINDI DISTRICT,KOTLI SATTIAN TEHSIL,URBAN,22401,11324,11073,4,102.27,4.75,,
RAWALPINDI DISTRICT,MURREE TEHSIL,RURAL,75974,37829,38140,5,99.18000000000001,5.63,155224,-3.68
RAWALPINDI DISTRICT,MURREE TEHSIL,URBAN,157043,81688,75336,19,108.43,5.62,21375,11.05
RAWALPINDI DISTRICT,RAWALPINDI TEHSIL,RURAL,1158817,590102,568568,147,103.79,6.03,517844,4.32
RAWALPINDI DISTRICT,RAWALPINDI TEHSIL,URBAN,2097824,1081915,1015201,708,106.57,6.08,1409768,2.11
RAWALPINDI DISTRICT,TAXILA TEHSIL,RURAL,176011,89204,86787,20,102.78,6.62,100367,2.99
RAWALPINDI DISTRICT,TAXILA TEHSIL,URBAN,501547,256405,245057,85,104.63,5.93,270773,3.29
BHAKKAR DISTRICT,BHAKKAR TEHSIL,RURAL,571132,291631,279474,27,104.35,6.31,355592,2.52
BHAKKAR DISTRICT,BHAKKAR TEHSIL,URBAN,112807,58034,54760,13,105.98,6.32,68896,2.62
BHAKKAR DISTRICT,DARYA KHAN TEHSIL,RURAL,280006,143823,136163,20,105.63,5.94,178775,2.39
BHAKKAR DISTRICT,DARYA KHAN TEHSIL,URBAN,80421,41346,39060,15,105.85,5.65,54635,2.05
BHAKKAR DISTRICT,KALUR KOT TEHSIL,RURAL,294310,150395,143876,39,104.53,6.14,187751,2.39
BHAKKAR DISTRICT,KALUR KOT TEHSIL,URBAN,52281,26584,25694,3,103.46,6.58,35925,1.99
BHAKKAR DISTRICT,MANKERA TEHSIL,RURAL,242750,124063,118680,7,104.54,5.89,160664,2.19
BHAKKAR DISTRICT,MANKERA TEHSIL,URBAN,14145,7180,6962,3,103.13,5.79,9218,2.28
KHUSHAB DISTRICT,KHUSHAB TEHSIL,RURAL,392143,195124,197004,15,99.05,6.14,287146,1.65
KHUSHAB DISTRICT,KHUSHAB TEHSIL,URBAN,298014,149700,148273,41,100.96,6.06,192963,2.31
KHUSHAB DISTRICT,NOORPUR TEHSIL,RURAL,223051,111905,111123,23,100.7,5.92,159592,1.77
KHUSHAB DISTRICT,NOORPUR TEHSIL,URBAN,19780,9995,9780,5,102.2,5.67,15091,1.43
KHUSHAB DISTRICT,NOWSHERA TEHSIL,RURAL,103603,49598,53999,6,91.84999999999999,5.8,78970,1.44
KHUSHAB DISTRICT,NOWSHERA TEHSIL,URBAN,13753,6581,7171,1,91.77,5.35,8952,2.28
KHUSHAB DISTRICT,QUAIDABAD TEHSIL,RURAL,208615,103786,104816,13,99.02,6.29,151034,1.71
KHUSHAB DISTRICT,QUAIDABAD TEHSIL,URBAN,21413,10785,10625,3,101.51,6.24,11963,3.11
SARGODHA DISTRICT,BHALWAL TEHSIL,RURAL,234249,117608,116627,14,100.84,5.62,177095,1.48
SARGODHA DISTRICT,BHALWAL TEHSIL,URBAN,121957,61417,60521,19,101.48,5.49,77637,2.4
SARGODHA DISTRICT,BHERA TEHSIL,RURAL,254416,126458,127941,17,98.84,5.89,181739,1.78
SARGODHA DISTRICT,BHERA TEHSIL,URBAN,59953,30135,29805,13,101.11,5.92,44626,1.56
SARGODHA DISTRICT,KOT MOMIN TEHSIL,RURAL,386479,196994,189454,31,103.98,6.45,294224,1.44
SARGODHA DISTRICT,KOT MOMIN TEHSIL,URBAN,65499,33253,32226,20,103.19,6.22,44566,2.04
SARGODHA DISTRICT,SAHIWAL TEHSIL,RURAL,264488,132857,131617,14,100.94,6.41,197108,1.56
SARGODHA DISTRICT,SAHIWAL TEHSIL,URBAN,76207,38109,38086,12,100.06,6.03,50497,2.19
SARGODHA DISTRICT,SARGODHA TEHSIL,RURAL,876944,445798,431062,84,103.42,6.28,623019,1.81
SARGODHA DISTRICT,SARGODHA TEHSIL,URBAN,658208,333705,324361,142,102.88,6.18,458440,1.92
SARGODHA DISTRICT,SHAHPUR TEHSIL,RURAL,284663,142231,142423,9,99.87,5.94,211557,1.57
SARGODHA DISTRICT,SHAHPUR TEHSIL,URBAN,68662,35088,33567,7,104.53,5.97,51190,1.55
SARGODHA DISTRICT,SILLANWALI TEHSIL,RURAL,306768,155014,151727,27,102.17,6.69,231205,1.5
SARGODHA DISTRICT,SILLANWALI TEHSIL,URBAN,37719,19057,18657,5,102.14,6.19,23076,2.62
MIANWALI DISTRICT,ISAKHEL TEHSIL,RURAL,289633,141575,148045,13,95.63,6.84,212529,1.64
MIANWALI DISTRICT,ISAKHEL TEHSIL,URBAN,84561,41802,42747,12,97.79000000000001,6.52,43968,3.5
MIANWALI DISTRICT,MIANWALI TEHSIL,RURAL,618946,309003,309905,38,99.70999999999999,6.26,429435,1.94
MIANWALI DISTRICT,MIANWALI TEHSIL,URBAN,147411,75781,71602,28,105.84,6.04,102721,1.92
MIANWALI DISTRICT,PIPLAN TEHSIL,RURAL,306210,155412,150768,30,103.08,6.46,194646,2.41
MIANWALI DISTRICT,PIPLAN TEHSIL,URBAN,95840,48396,47435,9,102.03,6.41,73321,1.42
GUJRANWALA DISTRICT,GUJRANWALA CITY TEHSIL,RURAL,73890,37904,35977,9,105.36,6.52,20654,6.93
GUJRANWALA DISTRICT,GUJRANWALA CITY TEHSIL,URBAN,185874,93470,92388,16,101.17,6.74,94468,3.62
GUJRANWALA DISTRICT,GUJRANWALA SADDAR TEHSIL,RURAL,641189,321787,319316,86,100.77,6.74,586535,.47
GUJRANWALA DISTRICT,GUJRANWALA SADDAR TEHSIL,URBAN,2165340,1104898,1060164,278,104.22,6.52,1225602,3.04
GUJRANWALA DISTRICT,KAMOKE TEHSIL,RURAL,330876,167798,163050,28,102.91,7.16,253078,1.42
GUJRANWALA DISTRICT,KAMOKE TEHSIL,URBAN,248814,126412,122342,60,103.33,6.68,152288,2.61
GUJRANWALA DISTRICT,NOWSHERA VIRKAN TEHSIL,RURAL,485434,243677,241716,41,100.81,7.03,390142,1.15
GUJRANWALA DISTRICT,NOWSHERA VIRKAN TEHSIL,URBAN,49377,24712,24657,8,100.22,7.1,33940,1.99
GUJRANWALA DISTRICT,WAZIRABAD TEHSIL,RURAL,530559,260858,269656,45,96.73999999999999,6.54,431493,1.09
GUJRANWALA DISTRICT,WAZIRABAD TEHSIL,URBAN,299713,147474,152191,48,96.90000000000001,6.13,212740,1.82
GUJRAT DISTRICT,GUJRAT TEHSIL,RURAL,954998,458232,496703,63,92.25,6.3,729885,1.42
GUJRAT DISTRICT,GUJRAT TEHSIL,URBAN,542708,267839,274804,65,97.47,6.11,363203,2.13
GUJRAT DISTRICT,KHARIAN TEHSIL,RURAL,781334,368221,413045,68,89.15000000000001,6.25,611829,1.29
GUJRAT DISTRICT,KHARIAN TEHSIL,URBAN,229928,121978,107945,5,113,6.07,167803,1.67
GUJRAT DISTRICT,SARAI ALAMGIR TEHSIL,RURAL,192457,91893,100549,15,91.39,6.01,138122,1.76
GUJRAT DISTRICT,SARAI ALAMGIR TEHSIL,URBAN,54864,26612,28249,3,94.20999999999999,5.81,37166,2.07
HAFIZABAD DISTRICT,HAFIZABAD TEHSIL,RURAL,400049,200710,199314,25,100.7,6.7,337482,.9
HAFIZABAD DISTRICT,HAFIZABAD TEHSIL,URBAN,263867,132881,130957,29,101.47,6.57,147705,3.1
HAFIZABAD DISTRICT,PINDI BHATTIAN TEHSIL,RURAL,354176,180597,173563,16,104.05,6.46,268383,1.47
HAFIZABAD DISTRICT,PINDI BHATTIAN TEHSIL,URBAN,138862,70480,68354,28,103.11,6.51,79410,2.98
MANDI BAHAUDDIN DISTRICT,MALAKWAL TEHSIL,RURAL,328748,160746,167980,22,95.69,6.24,250452,1.44
MANDI BAHAUDDIN DISTRICT,MALAKWAL TEHSIL,URBAN,43423,20971,22431,21,93.48999999999999,5.77,31258,1.74
MANDI BAHAUDDIN DISTRICT,MANDI BAHAUDDIN TEHSIL,RURAL,451306,217510,233767,29,93.05,6.37,365444,1.11
MANDI BAHAUDDIN DISTRICT,MANDI BAHAUDDIN TEHSIL,URBAN,217232,106393,110779,60,96.04000000000001,6.18,113502,3.47
MANDI BAHAUDDIN DISTRICT,PHALIA TEHSIL,RURAL,487627,237748,249825,54,95.17,6.31,368235,1.49
MANDI BAHAUDDIN DISTRICT,PHALIA TEHSIL,URBAN,65703,32420,33274,9,97.43000000000001,6.18,31661,3.91
NAROWAL DISTRICT,NAROWAL TEHSIL,RURAL,460844,230567,230243,34,100.14,7.18,342064,1.58
NAROWAL DISTRICT,NAROWAL TEHSIL,URBAN,135695,67681,67987,27,99.55,6.59,83815,2.56
NAROWAL DISTRICT,SHAKARGARH TEHSIL,RURAL,590387,287663,302682,42,95.04000000000001,7.2,470108,1.2
NAROWAL DISTRICT,SHAKARGARH TEHSIL,URBAN,81643,39775,41854,14,95.03,6.22,50747,2.53
NAROWAL DISTRICT,ZAFARWAL TEHSIL,RURAL,399687,195066,204588,33,95.34999999999999,7.16,298539,1.54
NAROWAL DISTRICT,ZAFARWAL TEHSIL,URBAN,39319,19182,20118,19,95.34999999999999,6.62,19824,3.66
SIALKOT DISTRICT,DASKA TEHSIL,RURAL,643101,317238,325790,73,97.37,6.9,482078,1.53
SIALKOT DISTRICT,DASKA TEHSIL,URBAN,204016,100737,103252,27,97.56,6.76,123357,2.68
SIALKOT DISTRICT,PASRUR TEHSIL,RURAL,719133,351782,367278,73,95.78,6.99,534176,1.57
SIALKOT DISTRICT,PASRUR TEHSIL,URBAN,121714,60280,61407,27,98.16,6.73,77695,2.39
SIALKOT DISTRICT,SAMBRIAL TEHSIL,RURAL,272882,131310,141546,26,92.77,6.61,226030,.99
SIALKOT DISTRICT,SAMBRIAL TEHSIL,URBAN,137941,66951,70963,27,94.34999999999999,6.51,72401,3.44
SIALKOT DISTRICT,SIALKOT TEHSIL,RURAL,1115287,544590,570546,151,95.45,6.7,767868,1.98
SIALKOT DISTRICT,SIALKOT TEHSIL,URBAN,680864,348401,332368,95,104.82,6.28,439876,2.32
LAHORE DISTRICT,LAHORE CANTT TEHSIL,RURAL,,,,,,,182733,-100
LAHORE DISTRICT,LAHORE CANTT TEHSIL,URBAN,1632702,857133,775333,236,110.55,6.17,735997,4.27
LAHORE DISTRICT,LAHORE CITY TEHSIL,RURAL,,,,,,,143532,-100
LAHORE DISTRICT,LAHORE CITY TEHSIL,URBAN,3653616,1905921,1746900,795,109.1,6.25,2075867,3.01
LAHORE DISTRICT,MODEL TOWN TEHSIL,RURAL,,,,,,,273036,-100
LAHORE DISTRICT,MODEL TOWN TEHSIL,URBAN,2703569,1421291,1281762,516,110.89,6.11,1136192,4.66
LAHORE DISTRICT,RAIWIND TEHSIL,RURAL,,,,,,,330620,-100
LAHORE DISTRICT,RAIWIND TEHSIL,URBAN,848541,448403,400031,107,112.09,6.34,27314,19.78
LAHORE DISTRICT,SHALIMAR TEHSIL,RURAL,,,,,,,201105,-100
LAHORE DISTRICT,SHALIMAR TEHSIL,URBAN,2281557,1181239,1099956,362,107.39,6.35,1233718,3.28
KASUR DISTRICT,CHUNIAN TEHSIL,RURAL,663615,341604,321991,20,106.09,6.55,523694,1.25
KASUR DISTRICT,CHUNIAN TEHSIL,URBAN,162708,84636,78042,30,108.45,6.18,60873,5.3
KASUR DISTRICT,KASUR TEHSIL,RURAL,845004,438789,406176,39,108.03,6.74,575903,2.03
KASUR DISTRICT,KASUR TEHSIL,URBAN,488579,252101,236425,53,106.63,6.35,326889,2.13
KASUR DISTRICT,KOT RADHA KISHAN TEHSIL,RURAL,301629,156736,144879,14,108.18,6.85,193356,2.36
KASUR DISTRICT,KOT RADHA KISHAN TEHSIL,URBAN,58894,30135,28749,10,104.82,6.32,39555,2.11
KASUR DISTRICT,PATTOKI TEHSIL,RURAL,753853,391493,362322,38,108.05,6.62,519162,1.98
KASUR DISTRICT,PATTOKI TEHSIL,URBAN,180599,93123,87460,16,106.47,6.42,115074,2.4
NANKANA SAHIB DISTRIC,NANKANA SAHIB TEHSIL,RURAL,773871,396393,377408,70,105.03,6.25,615443,1.21
NANKANA SAHIB DISTRIC,NANKANA SAHIB TEHSIL,URBAN,110135,55703,54411,21,102.37,6.01,68520,2.52
NANKANA SAHIB DISTRIC,SANGLA HILL TEHSIL,RURAL,166106,83320,82774,12,100.66,6.46,137652,.99
NANKANA SAHIB DISTRIC,SANGLA HILL TEHSIL,URBAN,61498,31046,30438,14,102,6.32,50368,1.05
NANKANA SAHIB DISTRIC,SHAH KOT TEHSIL,RURAL,169885,86217,83649,19,103.07,6.27,133619,1.27
NANKANA SAHIB DISTRIC,SHAH KOT TEHSIL,URBAN,73491,37595,35878,18,104.79,6.11,39263,3.35
SHEIKHUPURA DISTRICT,FEROZEWALA TEHSIL,RURAL,510209,265244,244918,47,108.3,6.62,277111,3.26
SHEIKHUPURA DISTRICT,FEROZEWALA TEHSIL,URBAN,284280,147335,136897,48,107.62,6.63,118958,4.68
SHEIKHUPURA DISTRICT,MURIDKE TEHSIL,RURAL,426737,219623,207089,25,106.05,6.82,309073,1.71
SHEIKHUPURA DISTRICT,MURIDKE TEHSIL,URBAN,212852,108703,104137,12,104.38,6.61,143296,2.1
SHEIKHUPURA DISTRICT,SAFDARABAD TEHSIL,RURAL,218751,111298,107427,26,103.6,6.61,180657,1.01
SHEIKHUPURA DISTRICT,SAFDARABAD TEHSIL,URBAN,54056,26908,27136,12,99.16,6.41,47058,.73
SHEIKHUPURA DISTRICT,SHARAK PUR TEHSIL,RURAL,155574,79914,75654,6,105.63,6.81,122561,1.26
SHEIKHUPURA DISTRICT,SHARAK PUR TEHSIL,URBAN,41885,21163,20716,6,102.16,6.11,28186,2.1
SHEIKHUPURA DISTRICT,SHEIKHUPURA TEHSIL,RURAL,947220,493745,453373,102,108.9,6.66,674097,1.8
SHEIKHUPURA DISTRICT,SHEIKHUPURA TEHSIL,URBAN,608440,312450,295895,95,105.59,6.43,375167,2.57
FAISALABAD DISTRICT,CHAK JHUMRA TEHSIL,RURAL,284170,143009,141136,25,101.33,6.57,221695,1.31
FAISALABAD DISTRICT,CHAK JHUMRA TEHSIL,URBAN,48796,24664,24123,9,102.24,6.12,32111,2.22
FAISALABAD DISTRICT,FAISALABAD CITY TEHSIL,RURAL,34101,17534,16561,6,105.88,6.33,131485,-6.84
FAISALABAD DISTRICT,FAISALABAD CITY TEHSIL,URBAN,3210158,1651684,1558106,368,106.01,6.3,2008861,2.49
FAISALABAD DISTRICT,FAISALABAD SADAR TEHSIL,RURAL,1425154,730729,694280,145,105.25,6.54,900984,2.44
FAISALABAD DISTRICT,FAISALABAD SADAR TEHSIL,URBAN,39873,20160,19713,0,102.27,6.56,23126,2.9
FAISALABAD DISTRICT,JARANWALA TEHSIL,RURAL,1267317,651051,616147,119,105.66,6.55,924849,1.67
FAISALABAD DISTRICT,JARANWALA TEHSIL,URBAN,226606,116758,109810,38,106.33,6.45,136997,2.68
FAISALABAD DISTRICT,SAMMUNDRI TEHSIL,RURAL,486176,245494,240637,45,102.02,6.54,453729,.36
FAISALABAD DISTRICT,SAMMUNDRI TEHSIL,URBAN,156938,78834,78084,20,100.96,6.39,54908,5.67
FAISALABAD DISTRICT,TANDLIAN WALA TEHSIL,RURAL,618660,316100,302533,27,104.48,6.47,478372,1.36
FAISALABAD DISTRICT,TANDLIAN WALA TEHSIL,URBAN,84495,42915,41554,26,103.28,6.34,62430,1.6
CHINIOT DISTRICT,BHAWANA TEHSIL,RURAL,339754,173525,166193,36,104.41,6.26,258757,1.44
CHINIOT DISTRICT,BHAWANA TEHSIL,URBAN,34087,17264,16819,4,102.65,6.35,13997,4.79
CHINIOT DISTRICT,CHINIOT TEHSIL,RURAL,277268,141800,135447,21,104.69,6.38,210354,1.46
CHINIOT DISTRICT,CHINIOT TEHSIL,URBAN,278528,143956,134539,33,107,6.52,172522,2.55
CHINIOT DISTRICT,LALIAN TEHSIL,RURAL,329407,168126,161259,22,104.26,6.09,236830,1.75
CHINIOT DISTRICT,LALIAN TEHSIL,URBAN,109615,54935,54657,23,100.51,5.32,72664,2.18
JHANG DISTRICT,18-HAZARI TEHSIL,RURAL,268160,135653,132487,20,102.39,6.12,200036,1.55
JHANG DISTRICT,18-HAZARI TEHSIL,URBAN,27554,14039,13513,2,103.89,6.27,,
JHANG DISTRICT,AHMADPUR SIAL TEHSIL,RURAL,365900,185430,180440,30,102.77,6.69,250117,2.02
JHANG DISTRICT,AHMADPUR SIAL TEHSIL,URBAN,67634,34066,33561,7,101.5,6.52,46348,2.01
JHANG DISTRICT,JHANG TEHSIL,RURAL,1035377,528229,507071,77,104.17,6.26,694457,2.12
JHANG DISTRICT,JHANG TEHSIL,URBAN,429441,219152,210209,80,104.25,6.19,304673,1.82
JHANG DISTRICT,SHORKOT TEHSIL,RURAL,474764,241172,233557,35,103.26,6.64,321004,2.08
JHANG DISTRICT,SHORKOT TEHSIL,URBAN,73803,37187,36606,10,101.59,5.85,52786,1.78
TOBA TEK SINGH DISTRICT,GOJRA TEHSIL,RURAL,482391,242314,240026,51,100.95,6.62,377204,1.3
TOBA TEK SINGH DISTRICT,GOJRA TEHSIL,URBAN,174831,87132,87664,35,99.39,6.28,117892,2.09
TOBA TEK SINGH DISTRICT,KAMALIA TEHSIL,RURAL,236336,119521,116794,21,102.33,6.67,186350,1.26
TOBA TEK SINGH DISTRICT,KAMALIA TEHSIL,URBAN,135674,67973,67672,29,100.44,6.35,97324,1.76
TOBA TEK SINGH DISTRICT,PIRMAHAL TEHSIL,RURAL,378026,190292,187703,31,101.38,6.51,258335,2.02
TOBA TEK SINGH DISTRICT,PIRMAHAL TEHSIL,URBAN,44220,22174,22030,16,100.65,5.81,30257,2.01
TOBA TEK SINGH DISTRICT,TOBA TEK SINGH TEHSIL,RURAL,652771,328034,324693,44,101.03,6.31,494293,1.47
TOBA TEK SINGH DISTRICT,TOBA TEK SINGH TEHSIL,URBAN,87246,42925,44297,24,96.90000000000001,5.91,59938,1.99
SAHIWAL DISTRICT,CHICHAWATNI TEHSIL,RURAL,929447,467889,461454,104,101.39,6.36,714341,1.39
SAHIWAL DISTRICT,CHICHAWATNI TEHSIL,URBAN,94733,47578,47142,13,100.92,6.1,72721,1.4
SAHIWAL DISTRICT,SAHIWAL TEHSIL,RURAL,1067880,547112,520686,82,105.08,6.45,826863,1.35
SAHIWAL DISTRICT,SAHIWAL TEHSIL,URBAN,420951,214067,206837,47,103.5,6.17,229269,3.24
OKARA DISTRICT,DEPALPUR TEHSIL,RURAL,1033260,531297,501909,54,105.86,6.09,821089,1.21
OKARA DISTRICT,DEPALPUR TEHSIL,URBAN,342525,174814,167651,60,104.27,6.07,209747,2.61
OKARA DISTRICT,OKARA TEHSIL,RURAL,760440,389598,370807,35,105.07,6.4,590040,1.34
OKARA DISTRICT,OKARA TEHSIL,URBAN,445879,235330,210456,93,111.82,6.31,272324,2.62
OKARA DISTRICT,RENALA KHURD TEHSIL,RURAL,404562,206263,198263,36,104.04,5.85,307455,1.45
OKARA DISTRICT,RENALA KHURD TEHSIL,URBAN,54160,27168,26985,7,100.68,5.91,32337,2.75
PAKPATTAN DISTRICT,ARIF WALA TEHSIL,RURAL,742723,376782,365885,56,102.98,5.89,528922,1.8
PAKPATTAN DISTRICT,ARIF WALA TEHSIL,URBAN,112306,56800,55455,51,102.43,5.97,74174,2.2
PAKPATTAN DISTRICT,PAKPATTAN TEHSIL,RURAL,792513,404804,387632,77,104.43,6.06,574551,1.7
PAKPATTAN DISTRICT,PAKPATTAN TEHSIL,URBAN,176686,89724,86927,35,103.22,5.84,109033,2.57
BAHAWALNAGAR DISTRICT,BAHAWALNAGAR TEHSIL,RURAL,619550,316864,302644,42,104.7,6.1,407768,2.22
BAHAWALNAGAR DISTRICT,BAHAWALNAGAR TEHSIL,URBAN,193840,98391,95402,47,103.13,6.02,133785,1.97
BAHAWALNAGAR DISTRICT,CHISHTIAN TEHSIL,RURAL,540342,273788,266500,54,102.73,6.15,395983,1.65
BAHAWALNAGAR DISTRICT,CHISHTIAN TEHSIL,URBAN,149424,75546,73851,27,102.3,6.01,102287,2.01
BAHAWALNAGAR DISTRICT,FORT ABBAS TEHSIL,RURAL,361240,182655,178541,44,102.3,6.32,250959,1.93
BAHAWALNAGAR DISTRICT,FORT ABBAS TEHSIL,URBAN,61528,31360,30150,18,104.01,6,34637,3.06
BAHAWALNAGAR DISTRICT,HAROONABAD TEHSIL,RURAL,382115,192278,189808,29,101.3,6.15,297343,1.33
BAHAWALNAGAR DISTRICT,HAROONABAD TEHSIL,URBAN,142600,71345,71236,19,100.15,6.02,84424,2.79
BAHAWALNAGAR DISTRICT,MINCHINABAD TEHSIL,RURAL,452723,231506,221178,39,104.67,6.29,316593,1.9
BAHAWALNAGAR DISTRICT,MINCHINABAD TEHSIL,URBAN,72294,36694,35590,10,103.1,6.34,37668,3.48
BAHAWALPUR DISTRICT,AHMADPUR EAST TEHSIL,RURAL,902476,461525,440889,62,104.68,6.53,601406,2.16
BAHAWALPUR DISTRICT,AHMADPUR EAST TEHSIL,URBAN,176110,90003,86081,26,104.56,6.28,116891,2.18
BAHAWALPUR DISTRICT,BAHAWALPUR CITY TEHSIL,RURAL,,,,,,,62916,
BAHAWALPUR DISTRICT,BAHAWALPUR CITY TEHSIL,URBAN,682116,350186,331842,88,105.53,5.91,356626,3.47
BAHAWALPUR DISTRICT,BAHAWALPUR SADDAR TEHSIL,RURAL,467938,239541,228346,51,104.9,6.33,314428,2.11
BAHAWALPUR DISTRICT,BAHAWALPUR SADDAR TEHSIL,URBAN,107948,62009,45927,12,135.02,5.98,72610,2.11
BAHAWALPUR DISTRICT,HASILPUR TEHSIL,RURAL,340747,171117,169620,10,100.88,6.03,246218,1.72
BAHAWALPUR DISTRICT,HASILPUR TEHSIL,URBAN,115613,57743,57853,17,99.81,6.09,71295,2.57
BAHAWALPUR DISTRICT,KHAIRPUR TAMEWALI TEHSIL,RURAL,221431,112952,108476,3,104.13,6.22,157049,1.82
BAHAWALPUR DISTRICT,KHAIRPUR TAMEWALI TEHSIL,URBAN,41492,20981,20507,4,102.31,5.75,26854,2.31
BAHAWALPUR DISTRICT,YAZMAN TEHSIL,RURAL,564422,288761,275612,49,104.77,6.41,385770,2.02
BAHAWALPUR DISTRICT,YAZMAN TEHSIL,URBAN,48883,24884,23995,4,103.7,6.18,21028,4.53
RAHIM YAR KHAN DISTRICT,KHANPUR TEHSIL,RURAL,749218,382228,366927,63,104.17,7.06,533926,1.8
RAHIM YAR KHAN DISTRICT,KHANPUR TEHSIL,URBAN,232867,118442,114373,52,103.56,6.81,149939,2.34
RAHIM YAR KHAN DISTRICT,LIAQUATPUR TEHSIL,RURAL,982018,500742,481157,119,104.07,7.02,666127,2.06
RAHIM YAR KHAN DISTRICT,LIAQUATPUR TEHSIL,URBAN,51888,26238,25637,13,102.34,6.34,32858,2.43
RAHIM YAR KHAN DISTRICT,RAHIM YAR KHAN TEHSIL,RURAL,1045577,536887,508580,110,105.57,6.98,710989,2.05
RAHIM YAR KHAN DISTRICT,RAHIM YAR KHAN TEHSIL,URBAN,484606,247388,237127,91,104.33,6.02,274666,3.03
RAHIM YAR KHAN DISTRICT,SADIQABAD TEHSIL,RURAL,999966,516640,483247,79,106.91,7.11,613429,2.6
RAHIM YAR KHAN DISTRICT,SADIQABAD TEHSIL,URBAN,261622,133215,128365,42,103.78,6.44,159119,2.65
DERA GHAZI KHAN DISTRICT,DE-EXCLUDED AREA D.G KHAN TEHSIL,RURAL,212652,109429,103213,10,106.02,7.35,126198,2.78
DERA GHAZI KHAN DISTRICT,DE-EXCLUDED AREA D.G KHAN TEHSIL,URBAN,0,0,0,0,0,0,0,0
DERA GHAZI KHAN DISTRICT,DERA GHAZI KHAN TEHSIL,RURAL,827602,410429,417124,49,98.39,9.27,522388,2.45
DERA GHAZI KHAN DISTRICT,DERA GHAZI KHAN TEHSIL,URBAN,397362,201554,195775,33,102.95,7.29,190542,3.94
DERA GHAZI KHAN DISTRICT,KOT CHHUTTA TEHSIL,RURAL,705564,353638,351884,42,100.5,8.859999999999999,438306,2.53
DERA GHAZI KHAN DISTRICT,KOT CHHUTTA TEHSIL,URBAN,51666,25837,25820,9,100.07,9.1,0,0
DERA GHAZI KHAN DISTRICT,TAUNSA TEHSIL,RURAL,580592,300077,280483,32,106.99,7.29,327387,3.06
DERA GHAZI KHAN DISTRICT,TAUNSA TEHSIL,URBAN,97193,50363,46828,2,107.55,6.89,38297,5.01
RAJANPUR DISTRICT,DE-EXCLUDED AREA RAJANPUR,RURAL,34191,18280,15909,2,114.9,6.56,14051,4.78
RAJANPUR DISTRICT,DE-EXCLUDED AREA RAJANPUR,URBAN,,,,,,,,
RAJANPUR DISTRICT,JAMPUR TEHSIL,RURAL,739299,377811,361435,53,104.53,7.8,417338,3.05
RAJANPUR DISTRICT,JAMPUR TEHSIL,URBAN,110090,55953,54121,16,103.39,6.92,67713,2.59
RAJANPUR DISTRICT,RAJANPUR TEHSIL,RURAL,494109,254955,239095,59,106.63,7.62,314641,2.4
RAJANPUR DISTRICT,RAJANPUR TEHSIL,URBAN,212661,109228,103394,39,105.64,7.17,81312,5.18
RAJANPUR DISTRICT,ROJHAN TEHSIL,RURAL,391144,204450,186658,36,109.53,6.99,197433,3.66
RAJANPUR DISTRICT,ROJHAN TEHSIL,URBAN,14545,7487,7056,2,106.11,7.38,11130,1.42
LAYYAH DISTRICT,CHOUBARA TEHSIL,RURAL,204169,104011,100150,8,103.86,6.84,161010,1.26
LAYYAH DISTRICT,CHOUBARA TEHSIL,URBAN,48371,24515,23853,3,102.78,6.77,0,0
LAYYAH DISTRICT,KAROR LAL ESAN TEHSIL,RURAL,515040,259261,255752,27,101.37,6.61,330556,2.36
LAYYAH DISTRICT,KAROR LAL ESAN TEHSIL,URBAN,79327,39633,39667,27,99.91,6.6,38343,3.89
LAYYAH DISTRICT,LAYYAH TEHSIL,RURAL,783612,398960,384606,46,103.73,6.21,485182,2.55
LAYYAH DISTRICT,LAYYAH TEHSIL,URBAN,193476,98457,94988,31,103.65,6.21,105860,3.22
MUZAFFARGARH DISTRICT,ALIPUR TEHSIL,RURAL,595880,307377,288463,40,106.56,6.92,369452,2.54
MUZAFFARGARH DISTRICT,ALIPUR TEHSIL,URBAN,44504,22504,21994,6,102.32,6.54,28601,2.35
MUZAFFARGARH DISTRICT,JATOI TEHSIL,RURAL,555795,285241,270521,33,105.44,6.25,393772,1.83
MUZAFFARGARH DISTRICT,JATOI TEHSIL,URBAN,159382,81219,78150,13,103.93,5.95,52774,5.98
MUZAFFARGARH DISTRICT,KOT ADDU TEHSI,RURAL,1093354,560409,532894,51,105.16,6.53,688771,2.46
MUZAFFARGARH DISTRICT,KOT ADDU TEHSI,URBAN,254147,129553,124566,28,104,6.37,119667,4.04
MUZAFFARGARH DISTRICT,MUZAFFARGARH TEHSIL,RURAL,1385109,711866,673133,110,105.75,6.45,842563,2.65
MUZAFFARGARH DISTRICT,MUZAFFARGARH TEHSIL,URBAN,240378,124916,115424,38,108.22,6.37,140303,2.87
MULTAN DISTRICT,JALALPUR PIRWALA TEHSIL,RURAL,487518,247132,240350,36,102.82,6.14,332497,2.03
MULTAN DISTRICT,JALALPUR PIRWALA TEHSIL,URBAN,67453,34035,33409,9,101.87,6.05,32219,3.96
MULTAN DISTRICT,MULTAN CITY TEHSIL,RURAL,432114,224005,208071,38,107.66,6.12,303233,1.88
MULTAN DISTRICT,MULTAN CITY TEHSIL,URBAN,1827001,937027,889763,211,105.31,6.15,1078245,2.81
MULTAN DISTRICT,MULTAN SADDAR TEHSIL,RURAL,1238708,636150,602391,167,105.6,6.18,803159,2.3
MULTAN DISTRICT,MULTAN SADDAR TEHSIL,URBAN,84368,47914,36416,38,131.57,5.6,146875,-2.87
MULTAN DISTRICT,SHUJABAD TEHSIL,RURAL,528906,268108,260741,57,102.83,6.37,363214,1.99
MULTAN DISTRICT,SHUJABAD TEHSIL,URBAN,80098,40824,39267,7,103.97,6.01,57409,1.77
KHANEWAL DISTRICT,JAHANIAN TEHSIL,RURAL,299779,151053,148708,18,101.58,6.52,224703,1.53
KHANEWAL DISTRICT,JAHANIAN TEHSIL,URBAN,43646,21864,21779,3,100.39,6.18,24871,3
KHANEWAL DISTRICT,KABIRWALA TEHSIL,RURAL,809002,413527,395406,69,104.58,6.31,565066,1.9
KHANEWAL DISTRICT,KABIRWALA TEHSIL,URBAN,149594,75728,73850,16,102.54,6.34,98812,2.2
KHANEWAL DISTRICT,KHANEWAL TEHSIL,RURAL,585160,297829,287262,69,103.68,6.03,455413,1.33
KHANEWAL DISTRICT,KHANEWAL TEHSIL,URBAN,271097,138280,132777,40,104.14,5.97,151599,3.1
KHANEWAL DISTRICT,MIAN CHANNU TEHSIL,RURAL,639860,322910,316900,50,101.9,6.22,459047,1.76
KHANEWAL DISTRICT,MIAN CHANNU TEHSIL,URBAN,122095,61477,60590,28,101.46,6.32,88979,1.68
LODHRAN DISTRICT,DUNYAPUR TEHSIL,RURAL,453663,228308,225323,32,101.32,6.37,320689,1.84
LODHRAN DISTRICT,DUNYAPUR TEHSIL,URBAN,41554,20923,20621,10,101.46,6.2,29513,1.81
LODHRAN DISTRICT,KAHROR PACCA TEHSIL,RURAL,394678,201333,193317,28,104.15,6.28,286458,1.7
LODHRAN DISTRICT,KAHROR PACCA TEHSIL,URBAN,106285,54236,52036,13,104.23,5.92,75074,1.84
LODHRAN DISTRICT,LODHRAN TEHSIL,RURAL,585751,297346,288363,42,103.12,6.68,394565,2.1
LODHRAN DISTRICT,LODHRAN TEHSIL,URBAN,117762,59248,58496,18,101.29,6.51,65501,3.13
VEHARI DISTRICT,BUREWALA TEHSIL,RURAL,787629,397316,390239,74,101.81,6.3,578486,1.63
VEHARI DISTRICT,BUREWALA TEHSIL,URBAN,232030,116541,115451,38,100.94,6.18,152097,2.24
VEHARI DISTRICT,MAILSI TEHSIL,RURAL,825158,414628,410463,67,101.01,6.27,615886,1.55
VEHARI DISTRICT,MAILSI TEHSIL,URBAN,128452,64421,64002,29,100.65,6.21,88992,1.95
VEHARI DISTRICT,VEHARI TEHSIL,RURAL,783165,397067,386033,65,102.86,6.33,560612,1.77
VEHARI DISTRICT,VEHARI TEHSIL,URBAN,145647,73823,71801,23,102.82,6.19,94343,2.31
JACOBABAD DISTRICT,GARHI KHAIRO TALUKA,RURAL,146400,74255,72130,15,102.95,5.6,105642,1.73
JACOBABAD DISTRICT,GARHI KHAIRO TALUKA,URBAN,12619,6320,6299,,100.33,5.24,11565,.46
JACOBABAD DISTRICT,JACOBABAD TALUKA,RURAL,191480,98075,93381,24,105.03,5.95,129218,2.09
JACOBABAD DISTRICT,JACOBABAD TALUKA,URBAN,191098,97597,93437,64,104.45,5.72,138780,1.69
JACOBABAD DISTRICT,THUL TALUKA,RURAL,371911,190691,181181,39,105.25,5.48,312860,.91
JACOBABAD DISTRICT,THUL TALUKA,URBAN,93501,47848,45633,20,104.85,5.48,29125,6.32
KASHMORE DISTRICT,KANDHKOT TALUKA,RURAL,229942,119612,110303,27,108.44,5.48,124800,3.26
KASHMORE DISTRICT,KANDHKOT TALUKA,URBAN,136169,70458,65695,16,107.25,5.56,92647,2.04
KASHMORE DISTRICT,KASHMORE TALUKA,RURAL,343986,177490,166468,28,106.62,6.2,208925,2.65
KASHMORE DISTRICT,KASHMORE TALUKA,URBAN,90980,47172,43786,22,107.73,5.95,59974,2.21
KASHMORE DISTRICT,TANGWANI TALUKA,RURAL,262749,136330,126398,21,107.86,5.89,175474,2.14
KASHMORE DISTRICT,TANGWANI TALUKA,URBAN,26510,13601,12908,1,105.37,5.62,15300,2.93
KAMBAR SHAHDAD KOT DISTRICT,KAMBAR ALI KHAN TALUKA,RURAL,292404,149000,143364,40,103.93,6.33,210565,1.74
KAMBAR SHAHDAD KOT DISTRICT,KAMBAR ALI KHAN TALUKA,URBAN,100970,51678,49270,22,104.89,5.96,58369,2.92
KAMBAR SHAHDAD KOT DISTRICT,MIRO KHAN TALUKA,RURAL,115622,58917,56690,15,103.93,5.92,89891,1.33
KAMBAR SHAHDAD KOT DISTRICT,MIRO KHAN TALUKA,URBAN,42312,21662,20644,6,104.93,5.98,8891,8.539999999999999
KAMBAR SHAHDAD KOT DISTRICT,NASIRABAD TALUKA,RURAL,113591,57725,55848,18,103.36,6.07,90302,1.21
KAMBAR SHAHDAD KOT DISTRICT,NASIRABAD TALUKA,URBAN,37819,19209,18608,2,103.23,5.89,23477,2.54
KAMBAR SHAHDAD KOT DISTRICT,QUBO SAEED KHAN TALUKA,RURAL,58144,29585,28554,5,103.61,6.08,63706,-.48
KAMBAR SHAHDAD KOT DISTRICT,QUBO SAEED KHAN TALUKA,URBAN,27623,14028,13592,3,103.21,5.76,,
KAMBAR SHAHDAD KOT DISTRICT,SHAHDAD KOT TALUKA,RURAL,83629,42166,41451,12,101.72,6.19,66183,1.24
KAMBAR SHAHDAD KOT DISTRICT,SHAHDAD KOT TALUKA,URBAN,118935,60367,58552,16,103.1,6.02,60436,3.62
KAMBAR SHAHDAD KOT DISTRICT,SUJAWAL JUNEJO TALUKA,RURAL,117467,59729,57723,15,103.48,6.28,83026,1.84
KAMBAR SHAHDAD KOT DISTRICT,SUJAWAL JUNEJO TALUKA,URBAN,,,,,0,,,
KAMBAR SHAHDAD KOT DISTRICT,WARAH TALUKA,RURAL,160375,81454,78904,17,103.23,5.85,153672,.22
KAMBAR SHAHDAD KOT DISTRICT,WARAH TALUKA,URBAN,69144,35047,34090,7,102.81,5.44,15776,8.07
LARKANA DISTRICT,BAKRANI TALUKA,RURAL,196995,100437,96535,23,104.04,5.67,166025,.9
LARKANA DISTRICT,BAKRANI TALUKA,URBAN,32205,16274,15925,6,102.19,5.77,5788,9.44
LARKANA DISTRICT,DOKRI TALUKA,RURAL,162757,83175,79568,14,104.53,5.86,123408,1.46
LARKANA DISTRICT,DOKRI TALUKA,URBAN,62202,31491,30707,4,102.55,5.74,45625,1.64
LARKANA DISTRICT,LARKANA TALUKA,RURAL,247204,126010,121161,33,104,5.94,164270,2.17
LARKANA DISTRICT,LARKANA TALUKA,URBAN,488006,249599,238230,177,104.77,5.69,270283,3.15
LARKANA DISTRICT,RATODERO TALUKA,RURAL,215932,109819,106068,45,103.54,5.75,157842,1.66
LARKANA DISTRICT,RATODERO TALUKA,URBAN,116485,59129,57336,20,103.13,6.06,68367,2.84
SHIKARPUR DISTRICT,GARHI YASIN TALUKA,RURAL,280636,143920,136699,17,105.28,5.96,202962,1.72
SHIKARPUR DISTRICT,GARHI YASIN TALUKA,URBAN,35937,18433,17499,5,105.34,5.93,25004,1.92
SHIKARPUR DISTRICT,KHANPUR TALUKA,RURAL,251221,131793,119414,14,110.37,6.35,173075,1.98
SHIKARPUR DISTRICT,KHANPUR TALUKA,URBAN,24919,12790,12126,3,105.48,5.78,18606,1.55
SHIKARPUR DISTRICT,LAKHI TALUKA,RURAL,201329,102838,98487,4,104.42,5.8,154812,1.39
SHIKARPUR DISTRICT,LAKHI TALUKA,URBAN,47427,24345,23080,2,105.48,5.65,33486,1.85
SHIKARPUR DISTRICT,SHIKARPUR TALUKA,RURAL,196133,100919,95206,8,106,5.67,137610,1.88
SHIKARPUR DISTRICT,SHIKARPUR TALUKA,URBAN,196158,100520,95619,19,105.13,5.97,134883,1.99
GHOTKI DISTRICT,DAHARKI TALUKA,RURAL,224423,116233,108173,17,107.45,5.71,143539,2.38
GHOTKI DISTRICT,DAHARKI TALUKA,URBAN,86286,44846,41431,9,108.24,5.86,34615,4.92
GHOTKI DISTRICT,GHOTKI TALUKA,RURAL,382741,196603,186086,52,105.65,5.54,238468,2.52
GHOTKI DISTRICT,GHOTKI TALUKA,URBAN,124346,64169,60150,27,106.68,5.45,60166,3.89
GHOTKI DISTRICT,KHANGARH TALUKA,RURAL,119244,61430,57808,6,106.27,5.45,86173,1.72
GHOTKI DISTRICT,KHANGARH TALUKA,URBAN,30423,15564,14854,5,104.78,5.24,,
GHOTKI DISTRICT,MIRPUR MATHELO TALUKA,RURAL,252551,129463,123074,14,105.19,5.25,155999,2.56
GHOTKI DISTRICT,MIRPUR MATHELO TALUKA,URBAN,75270,39014,36246,10,107.64,5.31,42421,3.06
GHOTKI DISTRICT,UBAURO TALUKA,RURAL,308928,159987,148921,20,107.43,5.79,186117,2.7
GHOTKI DISTRICT,UBAURO TALUKA,URBAN,44496,22963,21528,5,106.67,6.1,21299,3.95
KHAIRPUR DISTRICT,FAIZ GANJ TALUKA,RURAL,180739,92903,87833,3,105.77,5.2,130530,1.72
KHAIRPUR DISTRICT,FAIZ GANJ TALUKA,URBAN,43349,22096,21253,,103.97,5.06,15906,5.41
KHAIRPUR DISTRICT,GAMBAT TALUKA,RURAL,169334,87377,81954,3,106.62,6.13,132370,1.3
KHAIRPUR DISTRICT,GAMBAT TALUKA,URBAN,93884,48256,45623,5,105.77,6.08,40882,4.46
KHAIRPUR DISTRICT,KHAIRPUR TALUKA,RURAL,208567,107578,100984,5,106.53,5.56,150316,1.74
KHAIRPUR DISTRICT,KHAIRPUR TALUKA,URBAN,231845,120044,111752,49,107.42,5.71,124939,3.3
KHAIRPUR DISTRICT,KINGRI TALUKA,RURAL,245116,125674,119438,4,105.22,6.1,184360,1.51
KHAIRPUR DISTRICT,KINGRI TALUKA,URBAN,95181,48885,46291,5,105.6,5.87,44270,4.1
KHAIRPUR DISTRICT,KOT DIJI TALUKA,RURAL,262926,135854,127072,,106.91,5.89,182369,1.94
KHAIRPUR DISTRICT,KOT DIJI TALUKA,URBAN,85656,44131,41516,9,106.3,5.92,45599,3.37
KHAIRPUR DISTRICT,MIRWAH TALUKA,RURAL,258899,133128,125771,,105.85,5.96,183203,1.83
KHAIRPUR DISTRICT,MIRWAH TALUKA,URBAN,93865,48210,45646,9,105.62,5.9,43170,4.16
KHAIRPUR DISTRICT,NARA TALUKA,RURAL,122023,64315,57708,,111.45,5.69,92387,1.47
KHAIRPUR DISTRICT,NARA TALUKA,URBAN,38620,20214,18404,2,109.83,5.45,,
KHAIRPUR DISTRICT,SOBHO DERO TALUKA,RURAL,180580,92683,87891,6,105.45,6.06,127000,1.87
KHAIRPUR DISTRICT,SOBHO DERO TALUKA,URBAN,94606,48906,45690,10,107.04,6.32,50450,3.36
SUKKUR DISTRICT,NEW SUKKUR TALUKA,RURAL,43652,22548,21102,2,106.85,5.76,29374,2.1
SUKKUR DISTRICT,NEW SUKKUR TALUKA,URBAN,276571,142961,133571,39,107.03,5.8,130101,4.04
SUKKUR DISTRICT,PANO AQIL TALUKA,RURAL,336263,174272,161964,27,107.6,5.79,205976,2.61
SUKKUR DISTRICT,PANO AQIL TALUKA,URBAN,100109,57085,43009,15,132.73,5.7,62225,2.53
SUKKUR DISTRICT,ROHRI TALUKA,RURAL,284840,148419,136392,29,108.82,5.67,166453,2.86
SUKKUR DISTRICT,ROHRI TALUKA,URBAN,85742,44179,41558,5,106.31,5.41,57537,2.12
SUKKUR DISTRICT,SALEHPAT TALUKA,RURAL,102811,53904,48900,7,110.23,5.28,64646,2.47
SUKKUR DISTRICT,SALEHPAT TALUKA,URBAN,26925,14048,12875,2,109.11,5.5,,
SUKKUR DISTRICT,SUKKUR CITY TALUKA,RURAL,,,,,,,2833,
SUKKUR DISTRICT,SUKKUR CITY TALUKA,URBAN,231459,118916,112511,32,105.69,5.46,212242,.46
BADIN DISTRICT,BADIN TALUKA,RURAL,322957,166841,156079,37,106.9,4.91,220598,2.02
BADIN DISTRICT,BADIN TALUKA,URBAN,131619,67672,63924,23,105.86,5,68661,3.48
BADIN DISTRICT,GOLARCHI (S.F.RAHU) TALUKA,RURAL,281087,145296,135779,12,107.01,5.24,163664,2.88
BADIN DISTRICT,GOLARCHI (S.F.RAHU) TALUKA,URBAN,53353,27625,25711,17,107.44,5.26,19027,5.57
BADIN DISTRICT,MATLI TALUKA,RURAL,346413,178283,168105,25,106.05,5.06,226306,2.26
BADIN DISTRICT,MATLI TALUKA,URBAN,98287,50438,47823,26,105.47,5.4,56967,2.91
BADIN DISTRICT,TALHAR TALUKA,RURAL,123329,63538,59783,8,106.28,4.82,84883,1.98
BADIN DISTRICT,TALHAR TALUKA,URBAN,48685,24858,23819,8,104.36,4.83,23019,4.01
BADIN DISTRICT,TANDO BAGO TALUKA,RURAL,340828,176436,164367,25,107.34,4.82,224333,2.22
BADIN DISTRICT,TANDO BAGO TALUKA,URBAN,58400,30190,28199,11,107.06,4.75,18814,6.13
DADU DISTRICT,DADU TALUKA,RURAL,279085,144024,135048,13,106.65,5.34,218515,1.29
DADU DISTRICT,DADU TALUKA,URBAN,182580,93729,88831,20,105.51,5.48,109457,2.72
DADU DISTRICT,JOHI TALUKA,RURAL,265358,136451,128864,43,105.89,5.09,189386,1.79
DADU DISTRICT,JOHI TALUKA,URBAN,29031,14693,14330,8,102.53,5.19,17997,2.54
DADU DISTRICT,KHAIRPUR NATHAN SHAH TALUKA,RURAL,262064,134109,127898,57,104.86,5.41,203317,1.34
DADU DISTRICT,KHAIRPUR NATHAN SHAH TALUKA,URBAN,72413,37356,35054,3,106.57,5.36,49992,1.97
DADU DISTRICT,MEHAR TALUKA,RURAL,360477,184536,175895,46,104.91,5.53,266365,1.6
DADU DISTRICT,MEHAR TALUKA,URBAN,99382,50802,48560,20,104.62,5.66,51688,3.49
HYDERABAD DISTRICT,HYDERABAD CITY TALUKA,RURAL,,,,,,,7696,
HYDERABAD DISTRICT,HYDERABAD CITY TALUKA,URBAN,725153,377362,347701,90,108.53,5.03,517603,1.79
HYDERABAD DISTRICT,HYDERABAD TALUKA,RURAL,373410,193286,180086,38,107.33,5.1,263986,1.84
HYDERABAD DISTRICT,HYDERABAD TALUKA,URBAN,92896,48603,44283,10,109.76,5.14,26446,6.82
HYDERABAD DISTRICT,LATIFABAD TALUKA,RURAL,,,,,,,17717,
HYDERABAD DISTRICT,LATIFABAD TALUKA,URBAN,703690,365533,338011,146,108.14,4.91,546044,1.34
HYDERABAD DISTRICT,QASIMABAD TALUKA,RURAL,,,,,,,12127,
HYDERABAD DISTRICT,QASIMABAD TALUKA,URBAN,304779,160432,144326,21,111.16,5.03,103247,5.85
JAMSHORO DISTRICT,KOTRI TALUKA,RURAL,145932,78348,67565,19,115.96,5.48,145489,.02
JAMSHORO DISTRICT,KOTRI TALUKA,URBAN,292131,153194,138878,59,110.31,5.76,62085,8.48
JAMSHORO DISTRICT,MANJHAND TALUKA,RURAL,119570,62415,57150,5,109.21,5.24,92426,1.36
JAMSHORO DISTRICT,MANJHAND TALUKA,URBAN,21196,10882,10314,,105.51,5.07,7679,5.48
JAMSHORO DISTRICT,SEHWAN TALUKA,RURAL,165467,85449,80007,11,106.8,4.97,121425,1.64
JAMSHORO DISTRICT,SEHWAN TALUKA,URBAN,104350,54116,50207,27,107.79,5.07,49164,4.03
JAMSHORO DISTRICT,THANO BULA KHAN TALUKA,RURAL,130318,70918,59391,9,119.41,5.41,91126,1.9
JAMSHORO DISTRICT,THANO BULA KHAN TALUKA,URBAN,14944,7747,7190,7,107.75,5.85,12700,.86
MATIARI DISTRICT,HALA TALUKA,RURAL,144167,74227,69933,7,106.14,5.84,104921,1.68
MATIARI DISTRICT,HALA TALUKA,URBAN,118472,61267,57194,11,107.12,5.69,57060,3.91
MATIARI DISTRICT,MATIARI TALUKA,RURAL,297950,153639,144272,39,106.49,5.15,188997,2.42
MATIARI DISTRICT,MATIARI TALUKA,URBAN,43160,22346,20808,6,107.39,5.12,29068,2.1
MATIARI DISTRICT,SAEEDABAD TALUKA,RURAL,145254,74611,70629,14,105.64,5.08,100466,1.96
MATIARI DISTRICT,SAEEDABAD TALUKA,URBAN,21037,10832,10205,,106.14,5.74,13732,2.27
SUJAWAL DISTRICT,JATI TALUKA,RURAL,189707,98600,91083,24,108.25,5.07,116175,2.61
SUJAWAL DISTRICT,JATI TALUKA,URBAN,12161,6253,5906,2,105.88,5.16,7782,2.37
SUJAWAL DISTRICT,KHARO CHAN TALUKA,RURAL,10235,5371,4864,,110.42,4.79,9956,.15
SUJAWAL DISTRICT,KHARO CHAN TALUKA,URBAN,,,,,,,,
SUJAWAL DISTRICT,MIRPUR BATHORO TALUKA,RURAL,190520,99141,91353,26,108.53,5.12,135349,1.81
SUJAWAL DISTRICT,MIRPUR BATHORO TALUKA,URBAN,20300,10378,9916,6,104.66,4.94,16566,1.07
SUJAWAL DISTRICT,SHAH BUNDER TALUKA,RURAL,142021,74057,67943,21,109,5.08,87174,2.6
SUJAWAL DISTRICT,SHAH BUNDER TALUKA,URBAN,17727,9209,8514,4,108.16,5.52,13401,1.48
SUJAWAL DISTRICT,SUJAWAL TALUKA,RURAL,161083,83675,77389,19,108.12,5,104013,2.32
SUJAWAL DISTRICT,SUJAWAL TALUKA,URBAN,35308,18126,17174,8,105.54,5.06,23286,2.21
TANDO ALLAHYAR DISTRICT,CHAMBER TALUKA,RURAL,174017,89467,84533,17,105.84,5.01,114871,2.21
TANDO ALLAHYAR DISTRICT,CHAMBER TALUKA,URBAN,36185,18623,17559,3,106.06,4.97,10687,6.62
TANDO ALLAHYAR DISTRICT,JHANDO MARI TALUKA,RURAL,223171,115059,108080,32,106.46,4.96,141913,2.41
TANDO ALLAHYAR DISTRICT,JHANDO MARI TALUKA,URBAN,17999,9319,8680,,107.36,4.87,,
TANDO ALLAHYAR DISTRICT,TANDO ALLAHYAR TALUKA,RURAL,173240,89782,83435,23,107.61,5.12,130486,1.5
TANDO ALLAHYAR DISTRICT,TANDO ALLAHYAR TALUKA,URBAN,213915,110447,103422,46,106.79,5.11,95569,4.32
TANDO MUHAMMAD KHAN DISTRIC,BULRI SHAH KARIM TALUKA,RURAL,230630,118786,111822,22,106.23,5.12,153434,2.16
TANDO MUHAMMAD KHAN DISTRIC,BULRI SHAH KARIM TALUKA,URBAN,6381,3292,3087,2,106.64,5.25,4249,2.16
TANDO MUHAMMAD KHAN DISTRIC,TANDO GHULAM HYDER TALUKA,RURAL,150895,77411,73465,19,105.37,5.24,114751,1.45
TANDO MUHAMMAD KHAN DISTRIC,TANDO GHULAM HYDER TALUKA,URBAN,33788,17668,16120,,109.6,5.64,,
TANDO MUHAMMAD KHAN DISTRIC,TANDO MUHAMMAD KHAN TALUKA,RURAL,153536,79437,74070,29,107.25,5.04,100794,2.24
TANDO MUHAMMAD KHAN DISTRIC,TANDO MUHAMMAD KHAN TALUKA,URBAN,101868,52528,49324,16,106.5,4.96,65396,2.36
THATTA DISTRICT,GHORABARI TALUKA,RURAL,150844,78542,72297,5,108.64,5.27,105482,1.9
THATTA DISTRICT,GHORABARI TALUKA,URBAN,23202,11982,11217,3,106.82,5.26,,
THATTA DISTRICT,KETI BUNDER TALUKA,RURAL,55429,29066,26363,,110.25,5.13,38897,1.88
THATTA DISTRICT,KETI BUNDER TALUKA,URBAN,4270,2201,2068,1,106.43,4.73,2513,2.82
THATTA DISTRICT,MIRPUR SAKRO TALUKA,RURAL,294561,153190,141363,8,108.37,5.29,175176,2.77
THATTA DISTRICT,MIRPUR SAKRO TALUKA,URBAN,47128,24458,22665,5,107.91,5.48,23676,3.68
THATTA DISTRICT,THATTA TALUKA,RURAL,304828,158445,146379,4,108.24,5.4,216233,1.82
THATTA DISTRICT,THATTA TALUKA,URBAN,101876,52259,49606,11,105.35,5.67,37515,5.39
KARACHI CENTRAL DISTRICT,GULBERG SUB-DIVISION,RURAL,,,,,,,,
KARACHI CENTRAL DISTRICT,GULBERG SUB-DIVISION,URBAN,496094,257941,238090,63,108.34,5.12,424620,.82
KARACHI CENTRAL DISTRICT,LIAQUATABAD SUB-DIVISION,RURAL,,,,,,,,
KARACHI CENTRAL DISTRICT,LIAQUATABAD SUB-DIVISION,URBAN,449098,233469,215513,116,108.33,5.28,379058,.89
KARACHI CENTRAL DISTRICT,NAZIMABAD SUB-DIVISION,RURAL,,,,,,,,
KARACHI CENTRAL DISTRICT,NAZIMABAD SUB-DIVISION,URBAN,446347,233024,213259,64,109.27,5.43,363193,1.09
KARACHI CENTRAL DISTRICT,NEW KARACHI SUB-DIVISION,RURAL,,,,,,,,
KARACHI CENTRAL DISTRICT,NEW KARACHI SUB-DIVISION,URBAN,871245,452843,418282,120,108.26,5.81,582866,2.13
KARACHI CENTRAL DISTRICT,NORTH NAZIMABAD SUB-DIVISION,RURAL,,,,,,,,
KARACHI CENTRAL DISTRICT,NORTH NAZIMABAD SUB-DIVISION,URBAN,708598,364751,343716,131,106.12,5.53,528194,1.56
KARACHI EAST DISTRICT,FEROZABAD SUB-DIVISION,RURAL,,,,,,,,
KARACHI EAST DISTRICT,FEROZABAD SUB-DIVISION,URBAN,761631,401237,360249,145,111.38,5.33,558702,1.64
KARACHI EAST DISTRICT,GULSHAN-E-IQBAL SUB-DIVISION,RURAL,,,,,,,,
KARACHI EAST DISTRICT,GULSHAN-E-IQBAL SUB-DIVISION,URBAN,841800,433347,408298,155,106.13,5.33,440447,3.46
KARACHI EAST DISTRICT,GULZAR-E-HIJRI SUB-DIVISION,RURAL,,,,,,,,
KARACHI EAST DISTRICT,GULZAR-E-HIJRI SUB-DIVISION,URBAN,792451,421544,370756,151,113.7,6.56,122852,10.29
KARACHI EAST DISTRICT,JAMSHED QUARTERS SUB-DIVISION,RURAL,,,,,,,,
KARACHI EAST DISTRICT,JAMSHED QUARTERS SUB-DIVISION,URBAN,479433,250660,228699,74,109.6,5.42,388385,1.11
KARACHI SOUTH DISTRICT,ARAM BAGH SUB-DIVISION,RURAL,,,,,,,,
KARACHI SOUTH DISTRICT,ARAM BAGH SUB-DIVISION,URBAN,128313,69314,58990,9,117.5,4.99,131880,-.14
KARACHI SOUTH DISTRICT,CIVIL LINES SUB-DIVISION,RURAL,,,,,,,,
KARACHI SOUTH DISTRICT,CIVIL LINES SUB-DIVISION,URBAN,473119,255640,217438,41,117.57,5.24,282580,2.74
KARACHI SOUTH DISTRICT,GARDEN SUB-DIVISION,RURAL,,,,,,,,
KARACHI SOUTH DISTRICT,GARDEN SUB-DIVISION,URBAN,363967,188988,174945,34,108.03,5.32,325716,.59
KARACHI SOUTH DISTRICT,LYARI SUB-DIVISION,RURAL,,,,,,,,
KARACHI SOUTH DISTRICT,LYARI SUB-DIVISION,URBAN,661926,341179,320658,89,106.4,5.81,594966,.5600000000000001
KARACHI SOUTH DISTRICT,SADDAR SUB-DIVISION,RURAL,,,,,,,,
KARACHI SOUTH DISTRICT,SADDAR SUB-DIVISION,URBAN,141905,75570,66318,17,113.95,5.21,133437,.32
KARACHI WEST DISTRICT,BALDIA SUB-DIVISION,RURAL,,,,,,,99,
KARACHI WEST DISTRICT,BALDIA SUB-DIVISION,URBAN,832583,434973,397480,130,109.43,6.4,406165,3.84
KARACHI WEST DISTRICT,HARBOUR SUB-DIVISION,RURAL,,,,,,,,
KARACHI WEST DISTRICT,HARBOUR SUB-DIVISION,URBAN,401115,214204,186863,48,114.63,5.95,223450,3.12
KARACHI WEST DISTRICT,MANGHOPIR SUB-DIVISION,RURAL,160904,84561,76340,3,110.77,6.84,118267,1.63
KARACHI WEST DISTRICT,MANGHOPIR SUB-DIVISION,URBAN,550332,287384,262911,37,109.31,6.1,,
KARACHI WEST DISTRICT,MAURIPUR SUB-DIVISION,RURAL,121954,64142,57799,13,110.97,5.86,38055,6.31
KARACHI WEST DISTRICT,MAURIPUR SUB-DIVISION,URBAN,70611,38030,32578,3,116.74,6.39,47925,2.06
KARACHI WEST DISTRICT,MOMINABAD SUB-DIVISION,RURAL,,,,,,,,
KARACHI WEST DISTRICT,MOMINABAD SUB-DIVISION,URBAN,845797,438296,407422,79,107.58,5.78,596593,1.85
KARACHI WEST DISTRICT,ORANGI SUB-DIVISION,RURAL,,,,,,,23514,
KARACHI WEST DISTRICT,ORANGI SUB-DIVISION,URBAN,520195,271646,248524,25,109.3,6.29,313672,2.69
KARACHI WEST DISTRICT,SITE SUB-DIVISION,RURAL,,,,,,,,
KARACHI WEST DISTRICT,SITE SUB-DIVISION,URBAN,403574,222883,180663,28,123.37,6.23,321769,1.2
KORANGI DISTRICT,KORANGI SUB-DIVISION,RURAL,,,,,,,,
KORANGI DISTRICT,KORANGI SUB-DIVISION,URBAN,1126141,594709,531253,179,111.94,6.05,549159,3.84
KORANGI DISTRICT,LANDHI SUB-DIVISION,RURAL,,,,,,,,
KORANGI DISTRICT,LANDHI SUB-DIVISION,URBAN,546196,283476,262645,75,107.93,5.86,409451,1.53
KORANGI DISTRICT,MODEL COLONY SUB-DIVISION,RURAL,,,,,,,,
KORANGI DISTRICT,MODEL COLONY SUB-DIVISION,URBAN,384389,197401,186906,82,105.62,5.4,252271,2.24
KORANGI DISTRICT,SHAH FAISAL SUB-DIVISION,RURAL,,,,,,,,
KORANGI DISTRICT,SHAH FAISAL SUB-DIVISION,URBAN,520830,271575,249095,160,109.02,5.52,348234,2.14
MALIR DISTRICT,AIRPORT SUB-DIVISION,RURAL,,,,,,,,
MALIR DISTRICT,AIRPORT SUB-DIVISION,URBAN,195143,104861,90264,18,116.17,5.84,88027,4.27
MALIR DISTRICT,BIN QASIM SUB-DIVISION,RURAL,248098,132391,115668,39,114.46,5.92,108045,4.46
MALIR DISTRICT,BIN QASIM SUB-DIVISION,URBAN,,,,,,,,
MALIR DISTRICT,GADAP SUB-DIVISION,RURAL,64153,34756,29396,1,118.23,4.58,39642,2.56
MALIR DISTRICT,GADAP SUB-DIVISION,URBAN,,,,,,,,
MALIR DISTRICT,IBRAHIM HYDRI SUB-DIVISION,RURAL,385776,203681,182077,18,111.87,6.18,105192,7.07
MALIR DISTRICT,IBRAHIM HYDRI SUB-DIVISION,URBAN,670004,363324,306620,60,118.49,6.4,378578,3.04
MALIR DISTRICT,MURAD MEMON SUB-DIVISION,RURAL,129761,69080,60679,2,113.84,5.05,68067,3.45
MALIR DISTRICT,MURAD MEMON SUB-DIVISION,URBAN,201565,105073,96478,14,108.91,5.2,146833,1.68
MALIR DISTRICT,SHAH MUREED SUB-DIVISION,RURAL,29846,15699,14147,,110.97,4.49,16414,3.19
MALIR DISTRICT,SHAH MUREED SUB-DIVISION,URBAN,,,,,,,,
MIRPUR KHAS DISTRICT,DIGRI TALUKA,RURAL,140304,72370,67918,16,106.55,5.29,106626,1.45
MIRPUR KHAS DISTRICT,DIGRI TALUKA,URBAN,73713,37944,35761,8,106.1,5.53,40646,3.18
MIRPUR KHAS DISTRICT,HUSSAIN BUX MARI TALUKA,RURAL,150226,77693,72506,27,107.15,5.21,83219,3.15
MIRPUR KHAS DISTRICT,HUSSAIN BUX MARI TALUKA,URBAN,,,,,0,0,,
MIRPUR KHAS DISTRICT,JHUDO TALUKA,RURAL,142462,73721,68732,9,107.26,5.04,103811,1.68
MIRPUR KHAS DISTRICT,JHUDO TALUKA,URBAN,59388,30781,28598,9,107.63,5.43,42202,1.81
MIRPUR KHAS DISTRICT,KOT GHULAM MUHAMMAD TALUKA,RURAL,244090,125811,118224,55,106.42,5.11,161501,2.19
MIRPUR KHAS DISTRICT,KOT GHULAM MUHAMMAD TALUKA,URBAN,29042,14935,14103,4,105.9,5.26,17507,2.69
MIRPUR KHAS DISTRICT,MIRPUR KHAS TALUKA,RURAL,26155,13441,12708,6,105.77,5.71,11735,4.3
MIRPUR KHAS DISTRICT,MIRPUR KHAS TALUKA,URBAN,234133,120114,113984,35,105.38,5.68,189671,1.11
MIRPUR KHAS DISTRICT,SHUJAABAD TALUKA,RURAL,147733,76277,71433,23,106.78,5.18,88634,2.72
MIRPUR KHAS DISTRICT,SHUJAABAD TALUKA,URBAN,21000,10828,10168,4,106.49,4.9,10149,3.89
MIRPUR KHAS DISTRICT,SINDHRI TALUKA,RURAL,219389,113515,105847,27,107.24,5.07,150628,2
MIRPUR KHAS DISTRICT,SINDHRI TALUKA,URBAN,16805,8716,8089,,107.75,4.93,,
THARPARKAR DISTRICT,CHACHRO TALUKA,RURAL,327492,180400,147078,14,122.66,6.5,167235,3.59
THARPARKAR DISTRICT,CHACHRO TALUKA,URBAN,23315,12839,10473,3,122.59,5.21,,
THARPARKAR DISTRICT,DAHLI TALUKA,RURAL,298045,165279,132753,13,124.5,7.16,165289,3.15
THARPARKAR DISTRICT,DAHLI TALUKA,URBAN,7484,4262,3222,,132.28,7.46,,
THARPARKAR DISTRICT,DIPLO TALUKA,RURAL,135729,70873,64833,23,109.32,4.53,82344,2.66
THARPARKAR DISTRICT,DIPLO TALUKA,URBAN,13142,6857,6283,2,109.14,4.56,9703,1.61
THARPARKAR DISTRICT,ISLAMKOT TALUKA,RURAL,225927,118559,107343,25,110.45,4.91,127399,3.06
THARPARKAR DISTRICT,ISLAMKOT TALUKA,URBAN,18512,9579,8930,3,107.27,4.58,10427,3.06
THARPARKAR DISTRICT,KALOI TALUKA,RURAL,117609,60614,56975,20,106.39,4.69,73651,2.49
THARPARKAR DISTRICT,KALOI TALUKA,URBAN,,,,,,,,
THARPARKAR DISTRICT,MITHI TALUKA,RURAL,161621,84594,77003,24,109.86,4.89,105440,2.27
THARPARKAR DISTRICT,MITHI TALUKA,URBAN,58280,30490,27784,6,109.74,4.7,19697,5.86
THARPARKAR DISTRICT,NAGAR PARKAR TALUKA,RURAL,248079,130477,117579,23,110.97,5.04,153106,2.57
THARPARKAR DISTRICT,NAGAR PARKAR TALUKA,URBAN,11801,6195,5606,,110.51,4.88,,
UMER KOT DISTRICT,KUNRI TALUKA,RURAL,179266,92326,86929,11,106.21,5.06,130349,1.69
UMER KOT DISTRICT,KUNRI TALUKA,URBAN,39194,19940,19237,17,103.65,5.08,27866,1.81
UMER KOT DISTRICT,PITHORO TALUKA,RURAL,107033,55282,51746,5,106.83,5.11,71204,2.16
UMER KOT DISTRICT,PITHORO TALUKA,URBAN,12972,6627,6342,3,104.49,4.88,9978,1.39
UMER KOT DISTRICT,SAMARO TALUKA,RURAL,160967,82738,78185,44,105.82,4.97,105274,2.26
UMER KOT DISTRICT,SAMARO TALUKA,URBAN,9249,4782,4465,2,107.1,4.87,7373,1.2
UMER KOT DISTRICT,UMER KOT TALUKA,RURAL,382666,198684,183951,31,108.01,5.08,246506,2.34
UMER KOT DISTRICT,UMER KOT TALUKA,URBAN,182122,96091,85986,45,111.75,4.91,66247,5.46
SANGHAR DISTRICT,JAM NAWAZ ALI TALUKA,RURAL,125985,65078,60897,10,106.87,5.42,77287,2.6
SANGHAR DISTRICT,JAM NAWAZ ALI TALUKA,URBAN,27208,14101,13103,4,107.62,5.46,12804,4.04
SANGHAR DISTRICT,KHIPRO TALUKA,RURAL,281837,147043,134773,21,109.1,5.12,199509,1.83
SANGHAR DISTRICT,KHIPRO TALUKA,URBAN,50996,26340,24644,12,106.88,5.62,25580,3.69
SANGHAR DISTRICT,SANGHAR TALUKA,RURAL,339307,176143,163139,25,107.97,5.53,203861,2.71
SANGHAR DISTRICT,SANGHAR TALUKA,URBAN,93485,48029,45447,9,105.68,5.3,61021,2.27
SANGHAR DISTRICT,SHAHDADPUR TALUKA,RURAL,265945,136878,129042,25,106.07,5.43,219140,1.02
SANGHAR DISTRICT,SHAHDADPUR TALUKA,URBAN,191083,98129,92916,38,105.61,5.63,90587,4
SANGHAR DISTRICT,SINJHORO TALUKA,RURAL,260082,133888,126157,37,106.13,5.53,163057,2.48
SANGHAR DISTRICT,SINJHORO TALUKA,URBAN,56922,29298,27612,12,106.11,5.59,36417,2.37
SANGHAR DISTRICT,TANDO ADAM TALUKA,RURAL,204998,105880,99086,32,106.86,5.36,125711,2.6
SANGHAR DISTRICT,TANDO ADAM TALUKA,URBAN,152025,78244,73762,19,106.08,6.03,104907,1.97
NAUSHAHRO FEROZE DISTRICT,BHIRIA TALUKA,RURAL,239455,123408,116034,13,106.36,5.75,165747,1.95
NAUSHAHRO FEROZE DISTRICT,BHIRIA TALUKA,URBAN,62089,31979,30100,10,106.24,5.89,38373,2.56
NAUSHAHRO FEROZE DISTRICT,KANDIARO TALUKA,RURAL,283507,145438,138045,24,105.36,6.02,200572,1.83
NAUSHAHRO FEROZE DISTRICT,KANDIARO TALUKA,URBAN,38869,19769,19090,10,103.56,6.82,21957,3.05
NAUSHAHRO FEROZE DISTRICT,MEHRABPUR TALUKA,RURAL,169661,87512,82134,15,106.55,5.86,124659,1.63
NAUSHAHRO FEROZE DISTRICT,MEHRABPUR TALUKA,URBAN,76988,39496,37482,10,105.37,5.88,30686,4.95
NAUSHAHRO FEROZE DISTRICT,MORO TALUKA,RURAL,273131,142002,131100,29,108.32,5.45,204218,1.54
NAUSHAHRO FEROZE DISTRICT,MORO TALUKA,URBAN,95448,49333,46085,30,107.05,5.6,61033,2.38
NAUSHAHRO FEROZE DISTRICT,NAUSHAHRO FEROZE TALUKA,RURAL,267060,138197,128815,48,107.28,5.77,199971,1.53
NAUSHAHRO FEROZE DISTRICT,NAUSHAHRO FEROZE TALUKA,URBAN,105839,54258,51561,20,105.23,5.92,40355,5.2
SHAHEED BENAZIRABAD DISTRICT,DAUR TALUKA,RURAL,384652,198949,185677,26,107.15,5.52,276514,1.75
SHAHEED BENAZIRABAD DISTRICT,DAUR TALUKA,URBAN,93341,48152,45176,13,106.59,5.55,28111,6.51
SHAHEED BENAZIRABAD DISTRICT,KAZI AHMED TALUKA,RURAL,297638,154613,142995,30,108.12,5.27,208849,1.88
SHAHEED BENAZIRABAD DISTRICT,KAZI AHMED TALUKA,URBAN,51306,26447,24848,11,106.44,5.35,37948,1.6
SHAHEED BENAZIRABAD DISTRICT,NAWABSHAH TALUKA,RURAL,134064,69403,64637,24,107.37,5.21,92058,1.99
SHAHEED BENAZIRABAD DISTRICT,NAWABSHAH TALUKA,URBAN,279338,143911,135385,42,106.3,5.78,189244,2.07
SHAHEED BENAZIRABAD DISTRICT,SAKRAND TALUKA,RURAL,307342,157749,149563,30,105.47,5.09,242804,1.25
SHAHEED BENAZIRABAD DISTRICT,SAKRAND TALUKA,URBAN,65825,34011,31808,6,106.93,5.16,27056,4.78
AWARAN DISTRICT,AWARAN TEHSIL,RURAL,8584,4334,4250,,101.98,5.72,27156,-5.87
AWARAN DISTRICT,AWARAN TEHSIL,URBAN,21761,10986,10774,1,101.97,7.81,,
AWARAN DISTRICT,GISHKORE SUB-TEHSIL,RURAL,18390,9683,8704,3,111.25,5.07,22430,-1.04
AWARAN DISTRICT,GISHKORE SUB-TEHSIL,URBAN,,,,,,,,
AWARAN DISTRICT,JHAL JAO SUB-TEHSIL,RURAL,40010,20949,19056,5,109.93,6.81,34214,.83
AWARAN DISTRICT,JHAL JAO SUB-TEHSIL,URBAN,,,,,,,,
AWARAN DISTRICT,MASHKAI TEHSIL,RURAL,20600,10472,10128,,103.4,6.84,34373,-2.65
AWARAN DISTRICT,MASHKAI TEHSIL,URBAN,12476,6639,5837,,113.74,7.82,,
KALAT DISTRICT,GAZG SUB-TEHSIL,RURAL,5721,3112,2609,0,119.28,6.02,3979,1.93
KALAT DISTRICT,GAZG SUB-TEHSIL,URBAN,0,0,0,0,0,0,0,0
KALAT DISTRICT,JOHAN SUB-TEHSIL,RURAL,10708,5625,5083,0,110.66,6.8,12299,-.73
KALAT DISTRICT,JOHAN SUB-TEHSIL,URBAN,0,0,0,0,0,0,0,0
KALAT DISTRICT,KALAT TEHSIL,RURAL,92298,47816,44482,0,107.5,6.85,63919,1.95
KALAT DISTRICT,KALAT TEHSIL,URBAN,36796,18649,18147,0,102.77,6.4,22646,2.58
KALAT DISTRICT,MANGOCHAR TEHSIL,RURAL,65678,34177,31500,1,108.5,7.7,41590,2.43
KALAT DISTRICT,MANGOCHAR TEHSIL,URBAN,0,0,0,0,0,0,0,0
KALAT DISTRICT,SURAB TEHSIL,RURAL,165260,84792,80468,0,105.37,7.71,82253,3.73
KALAT DISTRICT,SURAB TEHSIL,URBAN,35597,17635,17962,0,98.18000000000001,8.529999999999999,11148,6.29
KHARAN DISTRICT,KHARAN TEHSIL,RURAL,29315,15119,14196,,106.5,6.17,15966,3.24
KHARAN DISTRICT,KHARAN TEHSIL,URBAN,51388,27073,24315,,111.34,8.050000000000001,27806,3.28
KHARAN DISTRICT,SAR KHARAN TEHSIL,RURAL,49393,25438,23955,,106.19,5.86,29768,2.7
KHARAN DISTRICT,SAR KHARAN TEHSIL,URBAN,,,,,,,,
KHARAN DISTRICT,SUB TEHSIL TOHMULK,RURAL,32670,17001,15669,,108.5,6.22,23360,1.78
KHARAN DISTRICT,SUB TEHSIL TOHMULK,URBAN,,,,,,,,
KHUZDAR DISTRICT,ARANJI SUB-TEHSIL,RURAL,42318,22656,19658,4,115.25,6,28561,2.09
KHUZDAR DISTRICT,ARANJI SUB-TEHSIL,URBAN,,,,,0,0,,0
KHUZDAR DISTRICT,KARAKH SUB-TEHSIL,RURAL,31016,16082,14933,1,107.69,5.78,21984,1.82
KHUZDAR DISTRICT,KARAKH SUB-TEHSIL,URBAN,,,,,0,0,,0
KHUZDAR DISTRICT,KHUZDAR TEHSIL,RURAL,117020,60438,56569,13,106.84,6.4,70788,2.68
KHUZDAR DISTRICT,KHUZDAR TEHSIL,URBAN,182444,95244,87193,7,109.23,6.88,91057,3.72
KHUZDAR DISTRICT,MOOLA SUB-TEHSIL,RURAL,23386,12027,11350,9,105.96,6.1,13143,3.07
KHUZDAR DISTRICT,MOOLA SUB-TEHSIL,URBAN,,,,,0,0,,0
KHUZDAR DISTRICT,NAL SUB-TEHSIL,RURAL,97576,51298,46267,11,110.87,6.57,59314,2.65
KHUZDAR DISTRICT,NAL SUB-TEHSIL,URBAN,33321,17439,15881,1,109.81,6.95,,0
KHUZDAR DISTRICT,ORNACH SUB-TEHSIl,RURAL,37588,20191,17395,2,116.07,5.7,20907,3.13
KHUZDAR DISTRICT,ORNACH SUB-TEHSIl,URBAN,,,,,0,0,,0
KHUZDAR DISTRICT,SAROONA SUB-TEHSIL,RURAL,32125,17427,14696,2,118.58,5.23,20580,2.37
KHUZDAR DISTRICT,SAROONA SUB-TEHSIL,URBAN,,,,,0,0,,0
KHUZDAR DISTRICT,WADH TEHSIL,RURAL,77906,40448,37443,15,108.03,6.07,38539,3.77
KHUZDAR DISTRICT,WADH TEHSIL,URBAN,22209,11833,10374,2,114.06,6.27,13794,2.53
KHUZDAR DISTRICT,ZEHRI TEHSIL,RURAL,64199,33871,30320,8,111.71,9.08,25402,4.99
KHUZDAR DISTRICT,ZEHRI TEHSIL,URBAN,37788,20397,17389,2,117.3,9.02,13397,5.6
LASBELA DISTRICT,BELA TEHSIL,RURAL,80124,41690,38433,1,108.47,5.45,51636,2.33
LASBELA DISTRICT,BELA TEHSIL,URBAN,24603,13006,11594,3,112.18,6.01,16705,2.05
LASBELA DISTRICT,DUREJI TEHSIL,RURAL,32686,17112,15573,1,109.88,5.31,31504,.19
LASBELA DISTRICT,DUREJI TEHSIL,URBAN,12855,6739,6116,,110.19,4.98,,
LASBELA DISTRICT,GADDANI TEHSIL,RURAL,16914,8902,8012,,111.11,5.69,7889,4.09
LASBELA DISTRICT,GADDANI TEHSIL,URBAN,7679,3889,3790,,102.61,6.05,11068,-1.9
LASBELA DISTRICT,HUB TEHSIL,RURAL,27664,14377,13287,,108.2,5.77,18171,2.23
LASBELA DISTRICT,HUB TEHSIL,URBAN,177823,93326,84495,2,110.45,8.08,62763,5.62
LASBELA DISTRICT,KANRAJ TEHSIL,RURAL,12389,6871,5518,,124.52,4.16,8116,2.25
LASBELA DISTRICT,KANRAJ TEHSIL,URBAN,,,,,,,,
LASBELA DISTRICT,LAKHRA TEHSIL,RURAL,35495,18094,17400,1,103.99,6.06,25474,1.76
LASBELA DISTRICT,LAKHRA TEHSIL,URBAN,,,,,,,,
LASBELA DISTRICT,LIARI TEHSIL,RURAL,11730,5990,5740,,104.36,4.74,7846,2.14
LASBELA DISTRICT,LIARI TEHSIL,URBAN,,,,,,,,
LASBELA DISTRICT,SONMIANI/WINDER TEHSIL,RURAL,34504,17867,16637,,107.39,5.74,20230,2.84
LASBELA DISTRICT,SONMIANI/WINDER TEHSIL,URBAN,29515,15353,14160,2,108.43,6.63,11569,5.04
LASBELA DISTRICT,UTHAL TEHSIL,RURAL,42867,22196,20671,,107.38,5.35,26405,2.58
LASBELA DISTRICT,UTHAL TEHSIL,URBAN,29423,15792,13630,1,115.86,6.92,13319,4.25
MASTUNG DISTRICT,DASHT TEHSIL,RURAL,64765,34040,30722,3,110.8,6.34,24570,5.22
MASTUNG DISTRICT,DASHT TEHSIL,URBAN,,,,,,,,
MASTUNG DISTRICT,KHAD KOCHA SUB-TEHSIL,RURAL,38860,20265,18595,,108.98,6.54,19262,3.76
MASTUNG DISTRICT,KHAD KOCHA SUB-TEHSIL,URBAN,,,,,,,,
MASTUNG DISTRICT,KIRDGAP SUB-TEHSIL,RURAL,28624,14682,13942,,105.31,6.4,24214,.88
MASTUNG DISTRICT,KIRDGAP SUB-TEHSIL,URBAN,,,,,,,,
MASTUNG DISTRICT,MASTUNG TEHSIL,RURAL,98430,50667,47763,,106.08,7.44,57862,2.83
MASTUNG DISTRICT,MASTUNG TEHSIL,URBAN,34997,17850,17147,,104.1,7,24131,1.97
WASHUK DISTRICT,BESIMA SUB-TEHSIL,RURAL,40266,21513,18753,,114.72,6.66,16740,4.72
WASHUK DISTRICT,BESIMA SUB-TEHSIL,URBAN,,,,,0,0,,0
WASHUK DISTRICT,MASHKHEL SUB-TEHSIL,RURAL,38634,20219,18414,1,109.8,4.97,29844,1.37
WASHUK DISTRICT,MASHKHEL SUB-TEHSIL,URBAN,,,,,0,0,,0
WASHUK DISTRICT,NAG SUB-TEHSIL,RURAL,34477,17743,16734,,106.03,5.43,21815,2.43
WASHUK DISTRICT,NAG SUB-TEHSIL,URBAN,,,,,0,0,,0
WASHUK DISTRICT,SHAHGORI SUB-TEHSIL,RURAL,27548,14332,13216,,108.44,5.19,19641,1.79
WASHUK DISTRICT,SHAHGORI SUB-TEHSIL,URBAN,,,,,0,0,,0
WASHUK DISTRICT,WASHUK SUB-TEHSIL,RURAL,12952,6627,6325,,104.77,6.81,21969,-2.74
WASHUK DISTRICT,WASHUK SUB-TEHSIL,URBAN,21835,11407,10428,,109.39,5.45,,0
GWADAR DISTRICT,GWADAR TEHSIL,RURAL,47494,24823,22670,1,109.5,5.93,27593,2.89
GWADAR DISTRICT,GWADAR TEHSIL,URBAN,90201,49901,40293,7,123.85,6.86,45021,3.72
GWADAR DISTRICT,JIWANI TEHSIL,RURAL,8423,4340,4083,,106.29,5.75,5716,2.06
GWADAR DISTRICT,JIWANI TEHSIL,URBAN,18268,9511,8753,4,108.66,6.1,14072,1.38
GWADAR DISTRICT,ORMARA TEHSIL,RURAL,7881,4150,3731,,111.23,5.24,7327,.38
GWADAR DISTRICT,ORMARA TEHSIL,URBAN,17753,10001,7752,,129.01,5.4,11521,2.3
GWADAR DISTRICT,PASNI TEHSIL,RURAL,26790,14155,12634,1,112.04,6.02,27364,-.11
GWADAR DISTRICT,PASNI TEHSIL,URBAN,34557,18404,16149,4,113.96,8.15,29538,.83
GWADAR DISTRICT,SUNTSER SUB-TEHSIL,RURAL,10886,5831,5055,,115.35,5.31,17346,-2.42
GWADAR DISTRICT,SUNTSER SUB-TEHSIL,URBAN,,,,,,,,
KECH DISTRICT,BALNIGORE SUB-TEHSIL,RURAL,44595,23222,21373,,108.65,6.19,19560,4.42
KECH DISTRICT,BALNIGORE SUB-TEHSIL,URBAN,,,,,,,,
KECH DISTRICT,BULAIDA SUB-TEHSIL,RURAL,37302,20624,16673,5,123.7,7.47,35251,.3
KECH DISTRICT,BULAIDA SUB-TEHSIL,URBAN,39846,21248,18592,6,114.29,6.84,,
KECH DISTRICT,DASHT SUB-TEHSIL,RURAL,76470,41008,35459,3,115.65,6.86,39061,3.59
KECH DISTRICT,DASHT SUB-TEHSIL,URBAN,,,,,,,,
KECH DISTRICT,HOSHAB SUB-TEHSIL,RURAL,52947,30389,22549,9,134.77,6.55,37819,1.78
KECH DISTRICT,HOSHAB SUB-TEHSIL,URBAN,,,,,,,,
KECH DISTRICT,KECH (TURBAT) TEHSIL,RURAL,202777,110066,92685,26,118.75,6.12,88539,4.45
KECH DISTRICT,KECH (TURBAT) TEHSIL,URBAN,213831,118713,95086,32,124.85,6.14,68603,6.15
KECH DISTRICT,MAND SUB-TEHSIL,RURAL,50995,27158,23835,2,113.94,6,35281,1.95
KECH DISTRICT,MAND SUB-TEHSIL,URBAN,,,,,,,,
KECH DISTRICT,TUMP SUB-TEHSIL,RURAL,97665,53822,43829,14,122.8,7.83,51234,3.45
KECH DISTRICT,TUMP SUB-TEHSIL,URBAN,48343,25590,22751,2,112.48,7.77,,
KECH DISTRICT,ZAMORAN SUB-TEHSIL,RURAL,42411,21038,21370,3,98.45,7.7,37856,.6
KECH DISTRICT,ZAMORAN SUB-TEHSIL,URBAN,,,,,,,,
PANJGUR DISTRICT,GICHK SUB-TEHSIL,RURAL,16646,8967,7676,3,116.82,8.369999999999999,22568,-1.59
PANJGUR DISTRICT,GICHK SUB-TEHSIL,URBAN,,,,,,,,
PANJGUR DISTRICT,GOWARGO TEHSIL,RURAL,16329,8424,7905,,106.57,5.7,24377,-2.08
PANJGUR DISTRICT,GOWARGO TEHSIL,URBAN,,,,,,,,
PANJGUR DISTRICT,PANJGUR TEHSIL,RURAL,178752,93460,85279,13,109.59,7.54,146971,1.03
PANJGUR DISTRICT,PANJGUR TEHSIL,URBAN,80411,42867,37541,3,114.19,7.07,21297,7.23
PANJGUR DISTRICT,PAROME TEHSIL,RURAL,23215,12661,10551,3,120,8.49,18838,1.1
PANJGUR DISTRICT,PAROME TEHSIL,URBAN,,,,,,,,
JAFFARABAD DISTRICT,GANDHAKA TEHSIL,RURAL,74881,38209,36650,22,104.25,5.93,52767,1.86
JAFFARABAD DISTRICT,GANDHAKA TEHSIL,URBAN,,,,,,,,
JAFFARABAD DISTRICT,JHAT PAT TEHSIL,RURAL,172149,88378,83749,22,105.53,6.37,92689,3.31
JAFFARABAD DISTRICT,JHAT PAT TEHSIL,URBAN,80958,41622,39328,8,105.83,6.75,38371,4
JAFFARABAD DISTRICT,USTA MUHAMMAD TEHSIL,RURAL,109231,55791,53439,1,104.4,6.65,68517,2.48
JAFFARABAD DISTRICT,USTA MUHAMMAD TEHSIL,URBAN,76753,38872,37881,,102.62,6.69,38946,3.63
JHAL MAGSI DISTRICT,GANDAWA TEHSIL,RURAL,43365,22324,21041,,106.1,6.05,26694,2.58
JHAL MAGSI DISTRICT,GANDAWA TEHSIL,URBAN,7815,3958,3856,1,102.65,6.26,8097,-.19
JHAL MAGSI DISTRICT,JHAL MAGSI TEHSIL,RURAL,88279,45604,42675,,106.86,5.86,63588,1.74
JHAL MAGSI DISTRICT,JHAL MAGSI TEHSIL,URBAN,,,,,0,,,
JHAL MAGSI DISTRICT,MIRPUR SUB-TEHSIL,RURAL,9441,4840,4601,,105.19,6.21,11562,-1.06
JHAL MAGSI DISTRICT,MIRPUR SUB-TEHSIL,URBAN,,,,,,,,
KACHHI DISTRICT,BALANARI SUB-TEHSIL,RURAL,43341,22595,20746,0,108.91,6.13,39597,.48
KACHHI DISTRICT,BALANARI SUB-TEHSIL,URBAN,0,0,0,0,0,0,0,0
KACHHI DISTRICT,BHAG TEHSIL,RURAL,56859,29740,27115,4,109.68,6.57,43842,1.38
KACHHI DISTRICT,BHAG TEHSIL,URBAN,16600,8529,8068,3,105.71,6.53,12181,1.64
KACHHI DISTRICT,DHADAR TEHSIL,RURAL,27149,14145,13004,0,108.77,7.02,32663,-.97
KACHHI DISTRICT,DHADAR TEHSIL,URBAN,15240,7938,7302,0,108.71,8.1,12818,.91
KACHHI DISTRICT,KHATTAN SUB-TEHSIL,RURAL,14213,7411,6802,0,108.95,8.050000000000001,7202,3.64
KACHHI DISTRICT,KHATTAN SUB-TEHSIL,URBAN,0,0,0,0,0,0,0,0
KACHHI DISTRICT,MACH SUB-TEHSIL,RURAL,20489,10719,9770,0,109.71,7.07,15619,1.44
KACHHI DISTRICT,MACH SUB-TEHSIL,URBAN,19140,10363,8777,0,118.07,7.6,14488,1.47
KACHHI DISTRICT,SANNI SUB-TEHSIL,RURAL,96901,52851,44049,1,119.98,9.4,77070,1.21
KACHHI DISTRICT,SANNI SUB-TEHSIL,URBAN,0,0,0,0,0,0,0,0
NASIRABAD DISTRICT,BABA KOT TEHSIL,RURAL,49480,25844,23636,,109.34,6.69,19531,5
NASIRABAD DISTRICT,BABA KOT TEHSIL,URBAN,,,,,,,,
NASIRABAD DISTRICT,CHATTAR SUB-TEHSIL,RURAL,76536,39811,36725,,108.4,7.91,50446,2.21
NASIRABAD DISTRICT,CHATTAR SUB-TEHSIL,URBAN,,,,,,,,
NASIRABAD DISTRICT,DERA MURAD JAMALI TEHSIL,RURAL,134459,69042,65417,,105.54,7.26,65676,3.84
NASIRABAD DISTRICT,DERA MURAD JAMALI TEHSIL,URBAN,96316,49161,47155,,104.25,7.42,38431,4.95
NASIRABAD DISTRICT,TAMBOO TEHSIL,RURAL,131056,67706,63349,1,106.88,7.2,71810,3.21
NASIRABAD DISTRICT,TAMBOO TEHSIL,URBAN,,,,,,,,
SOHBATPUR DISTRICT,FARIDABAD TEHSIL,RURAL,58204,29719,28484,1,104.34,6.69,33400,2.96
SOHBATPUR DISTRICT,FARIDABAD TEHSIL,URBAN,,,,,,,,
SOHBATPUR DISTRICT,SANHRI TEHSIL,RURAL,88788,45781,43005,2,106.46,6.39,66681,1.52
SOHBATPUR DISTRICT,SANHRI TEHSIL,URBAN,,,,,,,,
SOHBATPUR DISTRICT,SOHBATPUR TEHSIL,RURAL,40567,20803,19757,7,105.29,6.93,33240,1.05
SOHBATPUR DISTRICT,SOHBATPUR TEHSIL,URBAN,12867,6664,6203,,107.43,5.87,8206,2.39
CHAGAI DISTRICT,CHAGAI SUB-TEHSIL,RURAL,58256,30396,27859,1,109.11,7.18,22511,5.12
CHAGAI DISTRICT,CHAGAI SUB-TEHSIL,URBAN,,,,,0,,,
CHAGAI DISTRICT,DALBANDIN TEHSIL,RURAL,111203,57650,53548,5,107.66,6.5,48380,4.47
CHAGAI DISTRICT,DALBANDIN TEHSIL,URBAN,16265,8299,7966,,104.18,8.19,11948,1.63
CHAGAI DISTRICT,NOKUNDI SUB-TEHSIL,RURAL,22283,11851,10432,,113.6,6.42,14029,2.46
CHAGAI DISTRICT,NOKUNDI SUB-TEHSIL,URBAN,,,,,0,,,
CHAGAI DISTRICT,TAFTAN SUB-TEHSIL,RURAL,18510,10777,7732,1,139.38,8.140000000000001,7666,4.74
CHAGAI DISTRICT,TAFTAN SUB-TEHSIL,URBAN,,,,,,,,
KILLA ABDULLAH DISTRICT,CHAMAN TEHSIL,RURAL,311355,164656,146699,,112.24,8.49,95062,6.43
KILLA ABDULLAH DISTRICT,CHAMAN TEHSIL,URBAN,123206,65093,58112,1,112.01,7.78,56792,4.15
KILLA ABDULLAH DISTRICT,DOBANDI SUB-TEHSIL,RURAL,61741,33936,27804,1,122.05,7.48,31050,3.68
KILLA ABDULLAH DISTRICT,DOBANDI SUB-TEHSIL,URBAN,,,,,,,,
KILLA ABDULLAH DISTRICT,GULISTAN TEHSIL,RURAL,114984,59793,55190,1,108.34,6.98,66883,2.89
KILLA ABDULLAH DISTRICT,GULISTAN TEHSIL,URBAN,,,,,,,,
KILLA ABDULLAH DISTRICT,KILLA ABDULLAH TEHSIL,RURAL,120944,61932,59011,1,104.95,6.34,110937,.45
KILLA ABDULLAH DISTRICT,KILLA ABDULLAH TEHSIL,URBAN,26124,13889,12235,,113.52,6.7,,
NUSHKI DISTRICT,NUSHKI TEHSIL,RURAL,132551,68290,64258,3,106.27,7.78,74082,3.1
NUSHKI DISTRICT,NUSHKI TEHSIL,URBAN,46396,24281,22115,,109.79,8.19,23948,3.54
PISHIN DISTRICT,BARSHORE SUB-TEHSIL,RURAL,103423,52620,50802,1,103.58,5.97,95132,.44
PISHIN DISTRICT,BARSHORE SUB-TEHSIL,URBAN,,,,,,,,
PISHIN DISTRICT,HURRAM ZAI SUB-TEHSIL,RURAL,102700,53635,49057,8,109.33,5.58,58093,3.04
PISHIN DISTRICT,HURRAM ZAI SUB-TEHSIL,URBAN,29402,14780,14622,,101.08,5.88,,
PISHIN DISTRICT,KAREZAT SUB-TEHSIL,RURAL,97469,51149,46315,5,110.44,6.15,63375,2.29
PISHIN DISTRICT,KAREZAT SUB-TEHSIL,URBAN,39997,20435,19539,23,104.59,5.74,,
PISHIN DISTRICT,PISHIN TEHSIL,RURAL,272063,140788,131260,15,107.26,5.78,108306,4.96
PISHIN DISTRICT,PISHIN TEHSIL,URBAN,35547,18426,17116,5,107.65,5.81,22955,2.32
PISHIN DISTRICT,SARANAN TEHSIL,RURAL,18452,9615,8836,1,108.82,6.2,28867,-2.32
PISHIN DISTRICT,SARANAN TEHSIL,URBAN,37850,19167,18680,3,102.61,5.29,,
QUETTA DISTRICT,PANJ PAI SUB-TEHSIL,RURAL,19011,9723,9287,1,104.69,8.17,15139,1.2
QUETTA DISTRICT,PANJ PAI SUB-TEHSIL,URBAN,0,0,0,0,0,0,0,0
QUETTA DISTRICT,QUETTA CITY TEHSIL,RURAL,723361,375710,347599,52,108.09,8.960000000000001,73759,12.74
QUETTA DISTRICT,QUETTA CITY TEHSIL,URBAN,999385,528019,471224,142,112.05,7.56,565137,3.04
QUETTA DISTRICT,QUETTA SADDAR TEHSIL,RURAL,527716,277024,250608,84,110.54,7.59,120512,8.07
QUETTA DISTRICT,QUETTA SADDAR TEHSIL,URBAN,0,0,0,0,0,0,0,0
DERA BUGTI DISTRICT,BAIKER SUB-TEHSIL,RURAL,19497,10583,8914,,118.72,7.18,5305,7.08
DERA BUGTI DISTRICT,BAIKER SUB-TEHSIL,URBAN,,,,,,,,
DERA BUGTI DISTRICT,DERA BUGTI TEHSIL,RURAL,20790,10932,9858,,110.89,6.25,16908,1.09
DERA BUGTI DISTRICT,DERA BUGTI TEHSIL,URBAN,27625,14490,13135,,110.32,6.79,15495,3.08
DERA BUGTI DISTRICT,LOTI TEHSIL,RURAL,18058,9963,8095,,123.08,6.98,8491,4.04
DERA BUGTI DISTRICT,LOTI TEHSIL,URBAN,,,,,,,,
DERA BUGTI DISTRICT,MALAM SUB-TEHSIL,RURAL,27265,13216,14049,,94.06999999999999,7.25,19504,1.78
DERA BUGTI DISTRICT,MALAM SUB-TEHSIL,URBAN,,,,,,,,
DERA BUGTI DISTRICT,PHELAWAGH TEHSIL,RURAL,28054,13931,14123,,98.64,7.16,11760,4.67
DERA BUGTI DISTRICT,PHELAWAGH TEHSIL,URBAN,,,,,,,,
DERA BUGTI DISTRICT,PIR KOH SUB-TEHSIL,RURAL,40629,21937,18692,,117.36,5.74,27448,2.08
DERA BUGTI DISTRICT,PIR KOH SUB-TEHSIL,URBAN,,,,,,,,
DERA BUGTI DISTRICT,SANGSILLAH SUB-TEHSIL,RURAL,10217,5435,4781,1,113.68,6.69,13700,-1.53
DERA BUGTI DISTRICT,SANGSILLAH SUB-TEHSIL,URBAN,,,,,,,,
DERA BUGTI DISTRICT,SUI TEHSIL,RURAL,48235,27035,21200,,127.52,6.32,62699,-1.37
DERA BUGTI DISTRICT,SUI TEHSIL,URBAN,72740,37534,35206,,106.61,6.94,,
HARNAI DISTRICT,HARNAI TEHSIL,RURAL,50753,26754,23987,12,111.54,5.62,42123,.98
HARNAI DISTRICT,HARNAI TEHSIL,URBAN,13303,6950,6349,4,109.47,6.02,9359,1.86
HARNAI DISTRICT,KHOAST SUB-TEHSIL,RURAL,12279,6407,5872,,109.11,5.78,9908,1.13
HARNAI DISTRICT,KHOAST SUB-TEHSIL,URBAN,,,,,,,,
HARNAI DISTRICT,SHAHRIG TEHSIL,RURAL,9458,4962,4495,1,110.39,5.08,15262,-2.48
HARNAI DISTRICT,SHAHRIG TEHSIL,URBAN,11259,6891,4366,2,157.83,5.35,,
KOHLU DISTRICT,GRISANI SUB-TEHSIL,RURAL,17027,9359,7668,,122.05,7.72,4057,7.83
KOHLU DISTRICT,GRISANI SUB-TEHSIL,URBAN,,,,,,,,
KOHLU DISTRICT,KAHAN TEHSIL,RURAL,73833,36485,37348,,97.69,11.06,26765,5.48
KOHLU DISTRICT,KAHAN TEHSIL,URBAN,,,,,,,,
KOHLU DISTRICT,KOHLU TEHSIL,RURAL,27709,14623,13086,,111.75,5.97,17037,2.59
KOHLU DISTRICT,KOHLU TEHSIL,URBAN,17443,9001,8442,,106.62,7.87,9665,3.15
KOHLU DISTRICT,MAWAND TEHSIL,RURAL,41516,22480,19036,,118.09,6.37,24056,2.91
KOHLU DISTRICT,MAWAND TEHSIL,URBAN,,,,,,,,
KOHLU DISTRICT,TAMBOO TEHSIL,RURAL,36405,20176,16229,,124.32,8.17,18266,3.69
KOHLU DISTRICT,TAMBOO TEHSIL,URBAN,,,,,,,,
SIBI DISTRICT,KOT MANDAI SUB-TEHSIL,RURAL,7583,4032,3551,,113.55,6.02,8057,-.32
SIBI DISTRICT,KOT MANDAI SUB-TEHSIL,URBAN,,0,0,0,0,0,,0
SIBI DISTRICT,LEHRI TEHSIL,RURAL,44490,23211,21278,1,109.08,5.91,32576,1.65
SIBI DISTRICT,LEHRI TEHSIL,URBAN,,0,0,0,0,0,,0
SIBI DISTRICT,SANGAN SUB-TEHSIL,RURAL,2665,1441,1223,1,117.83,8.199999999999999,3024,-.66
SIBI DISTRICT,SANGAN SUB-TEHSIL,URBAN,,0,0,0,0,0,,0
SIBI DISTRICT,SIBI TEHSIL,RURAL,60339,32359,27977,3,115.66,6.06,44198,1.65
SIBI DISTRICT,SIBI TEHSIL,URBAN,64674,33680,30980,14,108.72,7.19,48467,1.53
ZIARAT DISTRICT,SINJAWI SUB-TEHSIL,RURAL,92497,48070,44413,14,108.23,5.88,47408,3.57
ZIARAT DISTRICT,SINJAWI SUB-TEHSIL,URBAN,,,,,,,,
ZIARAT DISTRICT,ZIARAT TEHSIL,RURAL,64206,32405,31793,8,101.92,5.09,32704,3.61
ZIARAT DISTRICT,ZIARAT TEHSIL,URBAN,3392,1686,1706,,98.83,4.91,636,9.19
BARKHAN DISTRICT,BARKHAN TEHSIL,RURAL,158824,83576,75237,11,111.08,6.49,95875,2.69
BARKHAN DISTRICT,BARKHAN TEHSIL,URBAN,12201,6335,5863,3,108.05,7.4,7670,2.47
KILLA SAIFULLAH DISTRICT,BADINI SUB-TEHSIL,RURAL,15345,8720,6625,,131.62,6.89,6583,4.55
KILLA SAIFULLAH DISTRICT,BADINI SUB-TEHSIL,URBAN,,,,,,,,
KILLA SAIFULLAH DISTRICT,KAN MEHTARZAI SUB-TEHSIL,RURAL,33242,17462,15780,,110.66,6.13,24168,1.69
KILLA SAIFULLAH DISTRICT,KAN MEHTARZAI SUB-TEHSIL,URBAN,,,,,,,,
KILLA SAIFULLAH DISTRICT,KILLA SAIFULLAH TEHSIL,RURAL,97481,51840,45636,5,113.59,6.69,55343,3.02
KILLA SAIFULLAH DISTRICT,KILLA SAIFULLAH TEHSIL,URBAN,34865,18341,16524,,111,6.64,8129,7.95
KILLA SAIFULLAH DISTRICT,LOIBAND TEHSIL,RURAL,27962,14875,13087,,113.66,6.68,25791,.43
KILLA SAIFULLAH DISTRICT,LOIBAND TEHSIL,URBAN,,,,,,,,
KILLA SAIFULLAH DISTRICT,MUSLIM BAGH TEHSIL,RURAL,50283,26295,23988,,109.62,6.24,27700,3.18
KILLA SAIFULLAH DISTRICT,MUSLIM BAGH TEHSIL,URBAN,28428,14852,13576,,109.4,6.16,17170,2.68
KILLA SAIFULLAH DISTRICT,SHINKI SUB-TEHSIL,RURAL,55326,29421,25905,,113.57,6.15,28669,3.51
KILLA SAIFULLAH DISTRICT,SHINKI SUB-TEHSIL,URBAN,,,,,,,,
LORALAI DISTRICT,DUKI TEHSIL,RURAL,142935,76379,66552,4,114.77,6.83,110867,1.34
LORALAI DISTRICT,DUKI TEHSIL,URBAN,10042,5639,4403,,128.07,7.27,5109,3.61
LORALAI DISTRICT,LORALAI\BORI TEHSIL,RURAL,148730,78186,70540,4,110.84,7.34,72551,3.84
LORALAI DISTRICT,LORALAI\BORI TEHSIL,URBAN,54849,30677,24170,2,126.92,6.85,29875,3.24
LORALAI DISTRICT,MEKHTAR SUB-TEHSIL,RURAL,40867,21621,19240,6,112.38,6.62,31745,1.34
LORALAI DISTRICT,MEKHTAR SUB-TEHSIL,URBAN,,,,,,,,
MUSAKHEL DISTRICT,DRUG TEHSIL,RURAL,37599,20168,17429,2,115.72,6.32,28638,1.44
MUSAKHEL DISTRICT,DRUG TEHSIL,URBAN,0,0,0,0,0,0,0,0
MUSAKHEL DISTRICT,KINGRI TEHSIL,RURAL,31339,16924,14413,2,117.42,7.21,24822,1.23
MUSAKHEL DISTRICT,KINGRI TEHSIL,URBAN,0,0,0,0,0,0,0,0
MUSAKHEL DISTRICT,MUSAKHEL TEHSIL,RURAL,84170,46200,37963,7,121.7,6.87,69007,1.05
MUSAKHEL DISTRICT,MUSAKHEL TEHSIL,URBAN,14135,7441,6693,1,111.18,6.71,11589,1.05
SHERANI DISTRICT,SHERANI SUB-DIVISION,RURAL,152952,84390,68561,1,123.09,7.3,81684,3.35
SHERANI DISTRICT,SHERANI SUB-DIVISION,URBAN,0,0,0,0,,,0,
ZHOB DISTRICT,ASHWAT SUB-TEHSIL,RURAL,20768,11575,9193,,125.91,8.15,13247,2.39
ZHOB DISTRICT,ASHWAT SUB-TEHSIL,URBAN,,,,,,,,
ZHOB DISTRICT,KASHATOO SUB-TEHSIL,RURAL,5184,2645,2539,,104.17,6.83,5165,.02
ZHOB DISTRICT,KASHATOO SUB-TEHSIL,URBAN,,,,,,,,
ZHOB DISTRICT,QAMAR DIN KAREZ TEHSIL,RURAL,13831,7486,6345,,117.98,5.73,5855,4.62
ZHOB DISTRICT,QAMAR DIN KAREZ TEHSIL,URBAN,,,,,,,,
ZHOB DISTRICT,SAMBAZA SUB-TEHSIL,RURAL,17465,9848,7617,,129.29,7.09,15198,.73
ZHOB DISTRICT,SAMBAZA SUB-TEHSIL,URBAN,,,,,,,,
ZHOB DISTRICT,ZHOB TEHSIL,RURAL,206942,111210,95731,1,116.17,6.58,110150,3.37
ZHOB DISTRICT,ZHOB TEHSIL,URBAN,46164,25475,20689,,123.13,6.4,43843,.27
ISLAMABAD DISTRICT,ISLAMABAD TEHSIL,RURAL,994365,516723,477518,124,108.21,5.94,276055,6.96
ISLAMABAD DISTRICT,ISLAMABAD TEHSIL,URBAN,1009003,535605,473242,156,113.18,5.78,529180,3.45
